mese,corse_osservate,ritardo_medio,ritardo_mediano,p90,oltre_5,oltre_10,oltre_15,oltre_30,oltre_60
2024-06-01,170347,2.5594276516509975,0.782608695652174,8.695652173913043,25404,12523,7751,3016,864
