mese,tipo_giorno,fascia_oraria,categoria,minuti_netti_tot,info_mancante,corse_osservate,oltre_5,in_anticipo,parzialmente_cancellate,in_ritardo,soppresse,in_orario,oltre_15,cancellate,cancellate_tot,oltre_30,effettuate,minuti_anticipo_tot,oltre_10,minuti_ritardo_tot,oltre_60,p90,ritardo_mediano,ritardo_medio,p95
2024-06,infrasettimanale,mattina,EC,152.0,0,27,6,15,0,6,0,6,2,0,0,1,27,75.0,3,227.0,1,9.400000000000002,-3.0,5.62962962962963,14.199999999999996
2024-06,infrasettimanale,mattina,IC,4345.0,0,382,190,66,0,190,0,126,84,0,0,47,382,321.0,122,4666.0,17,36.0,4.0,11.37434554973822,54.89999999999998
2024-06,infrasettimanale,mattina,ICN,-23.0,0,7,1,6,0,1,0,0,1,0,0,1,7,90.0,1,67.0,1,26.200000000000024,-14.0,-3.2857142857142856,46.59999999999995
2024-06,infrasettimanale,mattina,MET,286.0,0,645,31,327,0,31,0,277,13,0,0,4,645,651.0,16,937.0,2,3.0,-1.0,0.4503937007874016,4.0
2024-06,infrasettimanale,mattina,NCL,-7.0,0,2,0,1,0,0,0,0,0,0,0,0,2,7.0,0,0.0,0,-7.0,-7.0,-7.0,-7.0
2024-06,infrasettimanale,mattina,REG,40760.0,0,24062,3745,8939,0,3745,0,11270,732,0,0,232,24062,22274.0,1330,63034.0,52,6.0,1.0,1.701594723219504,10.0
2024-06,infrasettimanale,mattina,,26910.0,0,2304,1180,552,0,1180,0,572,530,0,0,270,2304,2178.0,776,29088.0,100,35.90000000000009,5.0,11.6796875,57.0
2024-06,infrasettimanale,notte,EN,916.0,0,15,13,2,0,13,0,0,13,0,0,9,15,7.0,13,923.0,3,127.99999999999996,38.0,61.06666666666667,207.39999999999984
2024-06,infrasettimanale,notte,EXP,-6.0,0,1,0,1,0,0,0,0,0,0,0,0,1,6.0,0,0.0,0,-6.0,-6.0,-6.0,-6.0
2024-06,infrasettimanale,notte,IC,1627.0,0,208,92,64,0,92,0,52,39,0,0,20,208,282.0,68,1909.0,5,26.600000000000023,3.0,7.822115384615385,34.64999999999998
2024-06,infrasettimanale,notte,ICN,-18.0,0,21,3,10,0,3,0,8,1,0,0,1,21,117.0,1,99.0,1,5.0,0.0,-0.8571428571428571,7.0
2024-06,infrasettimanale,notte,MET,-148.0,0,243,9,148,0,9,0,77,1,0,0,0,243,338.0,5,190.0,0,3.0,-1.0,-0.6324786324786325,4.0
2024-06,infrasettimanale,notte,NCL,-47.0,0,2,0,2,0,0,0,0,0,0,0,0,2,47.0,0,0.0,0,-23.1,-23.5,-23.5,-23.05
2024-06,infrasettimanale,notte,REG,11732.0,0,9852,1313,4409,0,1313,0,4085,282,0,0,101,9852,11337.0,493,23069.0,21,6.0,0.0,1.1962883654532477,10.0
2024-06,infrasettimanale,notte,,4858.0,0,782,290,268,0,290,0,222,110,0,0,54,782,1106.0,180,5964.0,16,19.200000000000045,2.0,6.228205128205128,36.0
2024-06,infrasettimanale,pomeriggio,EC,1371.0,0,104,65,15,0,65,0,24,25,0,0,15,104,32.0,43,1403.0,4,35.400000000000006,7.0,13.182692307692308,47.7
2024-06,infrasettimanale,pomeriggio,EN,107.0,0,6,5,0,0,5,0,1,1,0,0,1,6,0.0,2,107.0,1,38.5,9.0,17.833333333333332,51.25
2024-06,infrasettimanale,pomeriggio,EXP,8.0,0,2,1,0,0,1,0,1,0,0,0,0,2,0.0,0,8.0,0,7.2,4.0,4.0,7.6
2024-06,infrasettimanale,pomeriggio,IC,4695.0,0,336,203,59,0,203,0,74,105,0,0,48,336,194.0,140,4889.0,16,39.0,7.0,13.973214285714286,56.0
2024-06,infrasettimanale,pomeriggio,ICN,-6.0,0,1,0,1,0,0,0,0,0,0,0,0,1,6.0,0,0.0,0,-6.0,-6.0,-6.0,-6.0
2024-06,infrasettimanale,pomeriggio,MET,497.0,0,810,75,409,0,75,0,316,18,0,0,4,810,788.0,31,1285.0,0,4.0,-1.0,0.62125,7.0
2024-06,infrasettimanale,pomeriggio,REG,70455.0,0,28998,5761,10129,0,5761,0,12936,1368,0,0,438,28998,25953.0,2394,96408.0,87,8.0,1.0,2.444147644487616,14.0
2024-06,infrasettimanale,pomeriggio,,31536.0,0,1974,1160,350,0,1160,0,462,618,0,0,340,1974,1312.0,812,32848.0,148,49.0,7.0,15.991886409736308,73.75
2024-06,infrasettimanale,sera,EC,552.0,0,41,30,4,0,30,0,7,11,0,0,7,41,9.0,17,561.0,1,33.0,8.0,13.46341463414634,43.0
2024-06,infrasettimanale,sera,EN,32.0,0,1,1,0,0,1,0,0,1,0,0,1,1,0.0,1,32.0,0,32.0,32.0,32.0,32.0
2024-06,infrasettimanale,sera,EXP,223.0,0,5,3,1,0,3,0,1,2,0,0,1,5,1.0,3,224.0,1,120.20000000000002,14.0,44.6,154.59999999999997
2024-06,infrasettimanale,sera,IC,2655.0,0,195,99,50,0,99,0,46,40,0,0,27,195,169.0,61,2824.0,13,39.0,5.0,13.61538461538462,66.19999999999976
2024-06,infrasettimanale,sera,ICN,1745.0,0,158,79,40,0,79,0,39,40,0,0,18,158,201.0,54,1946.0,6,30.600000000000023,4.5,11.044303797468354,54.600000000000016
2024-06,infrasettimanale,sera,MET,812.0,0,786,77,343,0,77,0,362,25,0,0,3,786,711.0,47,1523.0,0,4.0,0.0,1.0383631713554988,11.0
2024-06,infrasettimanale,sera,REG,59270.0,0,23317,4803,8656,0,4803,0,9718,1263,0,0,435,23317,23432.0,2133,82702.0,91,9.0,1.0,2.5572766104327567,16.0
2024-06,infrasettimanale,sera,,6832.0,0,772,382,182,0,382,0,204,154,0,0,66,772,706.0,234,7538.0,14,27.0,4.0,8.895833333333334,38.69999999999993
2024-06,infrasettimanale,tarda_mattina,EC,1476.0,0,109,54,27,0,54,0,27,22,0,0,11,109,113.0,35,1589.0,6,25.799999999999983,4.5,13.666666666666666,73.04999999999968
2024-06,infrasettimanale,tarda_mattina,EXP,225.0,0,4,2,2,0,2,0,0,1,0,0,1,4,7.0,1,232.0,1,158.80000000000004,3.0,56.25,190.89999999999992
2024-06,infrasettimanale,tarda_mattina,IC,4591.0,0,363,168,114,0,168,0,79,96,0,0,50,363,547.0,117,5138.0,16,37.0,4.0,12.717451523545709,53.0
2024-06,infrasettimanale,tarda_mattina,ICN,346.0,0,31,16,9,0,16,0,6,10,0,0,3,31,30.0,14,376.0,1,29.0,7.0,11.161290322580646,37.0
2024-06,infrasettimanale,tarda_mattina,MET,-238.0,0,912,56,535,0,56,0,318,7,0,0,0,912,1223.0,19,985.0,0,3.0,-1.0,-0.2618261826182618,5.0
2024-06,infrasettimanale,tarda_mattina,NCL,-85.0,0,2,0,2,0,0,0,0,0,0,0,0,2,85.0,0,0.0,0,-27.7,-42.5,-42.5,-25.85
2024-06,infrasettimanale,tarda_mattina,REG,59473.0,0,29665,4984,11118,0,4984,0,13446,1122,0,0,368,29665,28129.0,1965,87602.0,95,7.0,1.0,2.012758900771626,12.0
2024-06,infrasettimanale,tarda_mattina,,35482.0,0,2054,1146,374,0,1146,0,532,602,0,0,370,2054,1330.0,792,36812.0,182,52.5,6.0,17.29142300194932,82.75
2024-06,weekend,mattina,EC,58.0,0,18,3,8,0,3,0,7,1,0,0,1,18,32.0,1,90.0,1,7.599999999999999,0.0,3.2222222222222223,17.39999999999992
2024-06,weekend,mattina,IC,2542.0,0,203,95,49,0,95,0,57,43,0,0,22,203,236.0,58,2778.0,12,36.0,3.0,12.64676616915423,69.0
2024-06,weekend,mattina,ICN,-74.0,0,4,0,4,0,0,0,0,0,0,0,0,4,74.0,0,0.0,0,-7.699999999999996,-22.5,-18.5,-4.8500000000000085
2024-06,weekend,mattina,MET,-123.0,0,277,8,151,0,8,0,107,1,0,0,0,277,318.0,3,195.0,0,2.0,-1.0,-0.4624060150375939,3.0
2024-06,weekend,mattina,REG,11557.0,0,8552,1129,3425,0,1129,0,3689,265,0,0,95,8552,8858.0,463,20415.0,21,6.0,0.0,1.4020380929273324,10.0
2024-06,weekend,mattina,,6902.0,0,620,287,174,0,287,0,155,135,0,0,61,620,784.0,186,7686.0,25,29.699032258064538,3.770967741935484,11.21058893163658,50.10112903225803
2024-06,weekend,notte,EC,-9.0,0,1,0,1,0,0,0,0,0,0,0,0,1,9.0,0,0.0,0,-9.0,-9.0,-9.0,-9.0
2024-06,weekend,notte,EN,512.0,0,9,6,1,0,6,0,2,3,0,0,2,9,2.0,3,514.0,2,204.00000000000003,8.0,56.888888888888886,246.0
2024-06,weekend,notte,IC,883.0,0,100,35,38,0,35,0,26,21,0,0,10,100,182.0,24,1065.0,2,29.00000000000001,2.0,8.919191919191919,48.29999999999998
2024-06,weekend,notte,ICN,43.0,0,16,4,8,0,4,0,4,2,0,0,1,16,85.0,3,128.0,1,12.5,-1.0,2.6875,33.75
2024-06,weekend,notte,MET,79.0,0,136,17,71,0,17,0,41,5,0,0,0,136,193.0,11,272.0,0,8.200000000000003,-1.0,0.6124031007751938,13.0
2024-06,weekend,notte,NCL,-148.0,0,5,0,5,0,0,0,0,0,0,0,0,5,148.0,0,0.0,0,-23.0,-27.0,-29.6,-22.0
2024-06,weekend,notte,REG,2625.0,0,3527,379,1643,0,379,0,1419,83,0,0,31,3527,4575.0,158,7200.0,8,5.0,0.0,0.7628596338273758,8.0
2024-06,weekend,notte,,1324.0,0,172,58,71,0,58,0,41,26,0,0,15,172,354.0,38,1678.0,5,26.16860465116279,1.0,7.796004370220072,37.58139534883721
2024-06,weekend,pomeriggio,EC,612.0,0,58,26,12,0,26,0,20,15,0,0,7,58,24.0,18,636.0,2,36.60000000000001,3.5,10.551724137931034,49.49999999999999
2024-06,weekend,pomeriggio,EN,229.0,0,4,3,0,0,3,0,1,3,0,0,3,4,0.0,3,229.0,2,93.4,62.5,57.25,96.7
2024-06,weekend,pomeriggio,IC,2167.0,0,166,101,42,0,101,0,23,48,0,0,20,166,165.0,66,2332.0,6,33.0,7.0,13.05421686746988,47.0
2024-06,weekend,pomeriggio,ICN,-4.0,0,1,0,1,0,0,0,0,0,0,0,0,1,4.0,0,0.0,0,-4.0,-4.0,-4.0,-4.0
2024-06,weekend,pomeriggio,MET,-185.0,0,359,14,201,0,14,0,132,1,0,0,0,359,468.0,5,283.0,0,2.0,-1.0,-0.5331412103746398,3.6999999999999886
2024-06,weekend,pomeriggio,REG,19141.0,0,10148,1725,3840,0,1725,0,4197,429,0,0,147,10148,10197.0,743,29338.0,27,7.0,1.0,1.9607662364269618,13.0
2024-06,weekend,pomeriggio,,4836.0,0,508,224,141,0,224,0,136,111,0,0,50,508,499.0,146,5335.0,16,29.849803149606323,3.938976377952756,9.65583849891104,45.11515748031496
2024-06,weekend,sera,EC,236.0,0,27,12,4,0,12,0,11,6,0,0,2,27,8.0,7,244.0,1,23.200000000000006,3.0,8.74074074074074,32.0
2024-06,weekend,sera,EXP,-27.0,0,2,0,2,0,0,0,0,0,0,0,0,2,27.0,0,0.0,0,-3.5,-13.5,-13.5,-2.25
2024-06,weekend,sera,IC,1636.0,0,87,46,20,0,46,0,20,25,0,0,19,87,106.0,36,1742.0,9,60.0,5.0,19.023255813953487,71.75
2024-06,weekend,sera,ICN,1113.0,0,92,37,30,0,37,0,25,18,0,0,12,92,168.0,25,1281.0,5,34.60000000000002,3.0,12.097826086956522,64.40000000000003
2024-06,weekend,sera,IR,43.0,0,1,1,0,0,1,0,0,1,0,0,1,1,0.0,1,43.0,0,43.0,43.0,43.0,43.0
2024-06,weekend,sera,MET,-3.0,0,340,20,157,0,20,0,149,1,0,0,0,340,338.0,4,335.0,0,3.0,0.0,-0.00920245398773,5.0
2024-06,weekend,sera,NCL,18.0,0,3,1,1,0,1,0,1,1,0,0,0,3,1.0,1,19.0,0,15.199999999999998,0.0,6.0,17.099999999999998
2024-06,weekend,sera,REG,14414.0,0,8412,1428,3345,0,1428,0,3346,340,0,0,90,8412,8826.0,618,23240.0,18,7.0,0.0,1.7753417908609437,13.0
2024-06,weekend,sera,,493.0,0,188,57,82,0,57,0,45,18,0,0,8,188,524.0,33,1017.0,2,14.844680851063831,0.19148936170212752,2.67033096926714,25.95212765957441
2024-06,weekend,tarda_mattina,EC,335.0,0,62,25,20,0,25,0,15,7,0,0,3,62,83.0,16,418.0,1,15.0,2.5,5.583333333333333,26.44999999999997
2024-06,weekend,tarda_mattina,EXP,-2.0,0,2,1,1,0,1,0,0,1,0,0,1,2,40.0,1,38.0,0,30.200000000000003,-1.0,-1.0,34.099999999999994
2024-06,weekend,tarda_mattina,IC,2253.0,0,201,81,65,0,81,0,52,47,0,0,30,201,362.0,56,2615.0,13,42.30000000000001,3.0,11.37878787878788,69.14999999999998
2024-06,weekend,tarda_mattina,ICN,108.0,0,14,5,5,0,5,0,4,2,0,0,1,14,14.0,4,122.0,0,17.200000000000006,3.0,7.714285714285714,32.999999999999986
2024-06,weekend,tarda_mattina,MET,-212.0,0,356,12,206,0,12,0,134,1,0,0,0,356,468.0,2,256.0,0,2.0,-1.0,-0.6022727272727273,3.0
2024-06,weekend,tarda_mattina,REG,16429.0,0,10100,1597,3874,0,1597,0,4232,349,0,0,106,10100,9960.0,606,26389.0,25,7.0,0.0,1.693187673915284,11.0
2024-06,weekend,tarda_mattina,,6391.0,0,479,237,117,0,237,0,118,125,0,0,71,479,455.0,168,6846.0,26,39.64091858037578,4.935281837160751,13.546608344103124,66.24947807933194
2024-07,infrasettimanale,mattina,EC,81.0,0,45,12,26,0,12,0,7,5,0,0,1,45,122.0,7,203.0,1,14.200000000000005,-1.0,1.8,19.799999999999983
2024-07,infrasettimanale,mattina,EXP,68.0,0,2,1,0,0,1,0,1,1,0,0,1,2,0.0,1,68.0,1,58.0,34.0,34.0,61.0
2024-07,infrasettimanale,mattina,IC,7870.0,0,568,309,95,0,309,0,164,143,0,0,74,568,364.0,190,8234.0,30,37.0,5.0,13.855633802816902,60.0
2024-07,infrasettimanale,mattina,ICN,130.0,0,16,6,10,0,6,0,0,5,0,0,5,16,122.0,6,252.0,1,46.0,-1.5,8.125,55.5
2024-07,infrasettimanale,mattina,MET,8.0,0,1135,44,553,0,44,0,528,5,0,0,2,1135,1134.0,11,1142.0,0,3.0,0.0,0.0071111111111111,4.0
2024-07,infrasettimanale,mattina,NCL,5.0,0,1,1,0,0,1,0,0,0,0,0,0,1,0.0,0,5.0,0,5.0,5.0,5.0,5.0
2024-07,infrasettimanale,mattina,REG,65947.0,0,36040,5941,13484,0,5941,0,16434,1286,0,0,398,36040,33576.0,2270,99523.0,81,7.0,1.0,1.839064112217296,11.0
2024-07,infrasettimanale,mattina,,52048.0,0,3494,2040,588,0,2040,0,866,1018,0,0,502,3494,2136.0,1398,54184.0,194,39.0,7.0,14.896393817973667,63.69999999999983
2024-07,infrasettimanale,notte,DIR,-1.0,0,1,0,1,0,0,0,0,0,0,0,0,1,1.0,0,0.0,0,-1.0,-1.0,-1.0,-1.0
2024-07,infrasettimanale,notte,EC,-3.0,0,1,0,1,0,0,0,0,0,0,0,0,1,3.0,0,0.0,0,-3.0,-3.0,-3.0,-3.0
2024-07,infrasettimanale,notte,EN,329.0,0,23,14,7,0,14,0,2,7,0,0,3,23,20.0,10,349.0,2,44.600000000000016,8.0,14.304347826086952,62.49999999999998
2024-07,infrasettimanale,notte,EXP,31.0,0,1,1,0,0,1,0,0,1,0,0,1,1,0.0,1,31.0,0,31.0,31.0,31.0,31.0
2024-07,infrasettimanale,notte,IC,4096.0,0,277,171,48,0,171,0,56,90,0,0,50,277,221.0,122,4317.0,12,43.6,8.0,14.894545454545455,56.30000000000001
2024-07,infrasettimanale,notte,ICN,446.0,0,34,11,16,0,11,0,7,7,0,0,7,34,68.0,8,514.0,4,60.1,0.5,13.117647058823527,71.49999999999997
2024-07,infrasettimanale,notte,MET,-340.0,0,430,12,266,0,12,0,151,1,0,0,0,430,629.0,3,289.0,0,2.0,-1.0,-0.7925407925407926,3.0
2024-07,infrasettimanale,notte,REG,20652.0,0,14743,2162,6338,0,2162,0,6191,517,0,0,159,14743,16817.0,880,37469.0,32,6.0,0.0,1.405758627731264,11.0
2024-07,infrasettimanale,notte,,12102.0,0,1194,540,312,0,540,0,340,266,0,0,126,1194,1278.0,342,13380.0,40,30.0,4.0,10.15268456375839,47.0
2024-07,infrasettimanale,pomeriggio,EC,2891.0,0,167,122,16,0,122,0,29,68,0,0,31,167,39.0,93,2930.0,7,43.400000000000006,11.0,17.311377245508982,55.0
2024-07,infrasettimanale,pomeriggio,EN,736.0,0,17,17,0,0,17,0,0,13,0,0,10,17,0.0,14,736.0,5,84.20000000000002,31.0,43.294117647058826,113.79999999999998
2024-07,infrasettimanale,pomeriggio,EXP,-51.0,0,5,1,4,0,1,0,0,1,0,0,0,5,71.0,1,20.0,0,10.000000000000002,-12.0,-10.2,14.999999999999996
2024-07,infrasettimanale,pomeriggio,IC,9589.0,0,464,314,47,0,314,0,100,190,0,0,105,464,158.0,241,9747.0,41,56.0,10.0,20.8004338394794,78.0
2024-07,infrasettimanale,pomeriggio,ICN,1.0,0,3,0,1,0,0,0,2,0,0,0,0,3,1.0,0,2.0,0,1.0,1.0,0.3333333333333333,1.0
2024-07,infrasettimanale,pomeriggio,IR,4.0,0,1,0,0,0,0,0,1,0,0,0,0,1,0.0,0,4.0,0,4.0,4.0,4.0,4.0
2024-07,infrasettimanale,pomeriggio,MET,200.0,0,1360,91,689,0,91,0,537,10,0,0,4,1360,1389.0,38,1589.0,0,3.0,-1.0,0.1518602885345482,6.0
2024-07,infrasettimanale,pomeriggio,NCL,-147.0,0,3,0,2,0,0,0,1,0,0,0,0,3,149.0,0,2.0,0,-13.199999999999996,-74.0,-49.0,-5.6000000000000085
2024-07,infrasettimanale,pomeriggio,REG,117277.0,0,43477,9210,15041,0,9210,0,18858,2351,0,0,728,43477,37336.0,4049,154613.0,132,9.0,1.0,2.720476002690853,15.0
2024-07,infrasettimanale,pomeriggio,,57042.0,0,2992,2012,406,0,2012,0,566,1240,0,0,600,2992,1370.0,1544,58412.0,202,48.0,11.0,19.115951742627345,71.45000000000005
2024-07,infrasettimanale,sera,EC,815.0,0,66,40,14,0,40,0,11,13,0,0,9,66,42.0,21,857.0,2,38.8,6.0,12.538461538461538,50.39999999999999
2024-07,infrasettimanale,sera,EXP,-23.0,0,8,3,4,0,3,0,1,0,0,0,0,8,53.0,1,30.0,0,9.9,-0.5,-2.875,10.95
2024-07,infrasettimanale,sera,IC,6476.0,0,319,177,75,0,177,0,65,102,0,0,57,319,355.0,130,6831.0,26,49.400000000000034,6.0,20.42902208201893,92.3999999999998
2024-07,infrasettimanale,sera,ICN,3278.0,0,187,100,38,0,100,0,49,50,0,0,32,187,154.0,70,3432.0,15,47.20000000000002,5.0,17.529411764705884,85.79999999999995
2024-07,infrasettimanale,sera,MET,351.0,0,1326,80,629,0,80,0,607,15,0,0,4,1326,1292.0,29,1643.0,1,3.0,0.0,0.2667173252279635,5.0
2024-07,infrasettimanale,sera,NCL,5.0,0,1,1,0,0,1,0,0,0,0,0,0,1,0.0,0,5.0,0,5.0,5.0,5.0,5.0
2024-07,infrasettimanale,sera,REG,92091.0,0,34448,7615,12352,0,7615,0,14268,1959,0,0,599,34448,31822.0,3408,123913.0,91,9.0,1.0,2.6899664086461224,16.0
2024-07,infrasettimanale,sera,,8432.0,0,1158,560,312,0,560,0,286,236,0,0,70,1158,1526.0,368,9958.0,4,24.200000000000045,4.0,7.281519861830743,34.10000000000002
2024-07,infrasettimanale,tarda_mattina,DIR,38.0,0,1,1,0,0,1,0,0,1,0,0,1,1,0.0,1,38.0,0,38.0,38.0,38.0,38.0
2024-07,infrasettimanale,tarda_mattina,EC,1942.0,0,171,89,45,0,89,0,36,41,0,0,22,171,148.0,63,2090.0,7,35.099999999999994,5.0,11.423529411764706,46.74999999999992
2024-07,infrasettimanale,tarda_mattina,EXP,11.0,0,2,1,1,0,1,0,0,0,0,0,0,2,2.0,1,13.0,0,11.5,5.5,5.5,12.25
2024-07,infrasettimanale,tarda_mattina,IC,8943.0,0,531,305,132,0,305,0,92,168,0,0,95,531,659.0,221,9602.0,32,51.0,7.0,16.905482041587902,63.199999999999925
2024-07,infrasettimanale,tarda_mattina,ICN,390.0,0,34,17,12,0,17,0,5,10,0,0,3,34,47.0,13,437.0,2,26.2,6.0,11.470588235294118,42.89999999999993
2024-07,infrasettimanale,tarda_mattina,IR,88.0,0,1,1,0,0,1,0,0,1,0,0,1,1,0.0,1,88.0,1,88.0,88.0,88.0,88.0
2024-07,infrasettimanale,tarda_mattina,MET,547.0,0,1572,85,844,0,85,0,629,20,0,0,12,1572,1782.0,26,2329.0,6,3.0,-1.0,0.35109114249037227,5.0
2024-07,infrasettimanale,tarda_mattina,NCL,18.0,0,3,2,1,0,2,0,0,1,0,0,1,3,44.0,2,62.0,0,43.6,10.0,6.0,47.79999999999999
2024-07,infrasettimanale,tarda_mattina,REG,77026.0,0,44600,7326,17026,0,7326,0,20056,1550,0,0,410,44600,41527.0,2832,118553.0,71,7.0,1.0,1.734507295982706,11.0
2024-07,infrasettimanale,tarda_mattina,,58996.0,0,3144,2040,408,0,2040,0,694,1196,0,0,630,3144,1402.0,1500,60398.0,222,51.0,9.0,18.776575429662635,70.0
2024-07,weekend,mattina,EC,6.0,0,17,3,11,0,3,0,3,1,0,0,1,17,53.0,1,59.0,0,6.800000000000001,-3.0,0.3529411764705882,13.59999999999998
2024-07,weekend,mattina,IC,2170.0,0,194,84,45,0,84,0,63,40,0,0,20,194,173.0,58,2343.0,9,34.400000000000034,3.0,11.302083333333336,57.0
2024-07,weekend,mattina,ICN,-53.0,0,5,0,4,0,0,0,1,0,0,0,0,5,53.0,0,0.0,0,-3.6,-9.0,-10.6,-1.8000000000000014
2024-07,weekend,mattina,MET,174.0,0,340,25,141,0,25,0,156,5,0,0,1,340,339.0,6,513.0,1,3.0,0.0,0.5403726708074534,5.0
2024-07,weekend,mattina,REG,12098.0,0,8622,1168,3516,0,1168,0,3597,291,0,0,114,8622,9075.0,495,21173.0,21,6.0,0.0,1.4609346697258785,11.0
2024-07,weekend,mattina,,12824.0,0,1070,518,246,0,518,0,292,244,0,0,120,1070,948.0,330,13772.0,54,32.60000000000002,4.0,12.143939393939394,64.8499999999998
2024-07,weekend,notte,EN,439.0,0,8,6,0,0,6,0,2,4,0,0,3,8,0.0,5,439.0,2,148.59999999999997,14.0,54.875,194.79999999999995
2024-07,weekend,notte,EXP,-27.0,0,1,0,1,0,0,0,0,0,0,0,0,1,27.0,0,0.0,0,-27.0,-27.0,-27.0,-27.0
2024-07,weekend,notte,IC,1218.0,0,98,51,31,0,51,0,16,27,0,0,14,98,159.0,38,1377.0,5,35.3,5.0,12.428571428571429,51.99999999999983
2024-07,weekend,notte,ICN,33.0,0,11,4,6,0,4,0,1,3,0,0,2,11,86.0,4,119.0,0,32.0,-4.0,3.0,44.0
2024-07,weekend,notte,IR,4.0,0,1,0,0,0,0,0,1,0,0,0,0,1,0.0,0,4.0,0,4.0,4.0,4.0,4.0
2024-07,weekend,notte,MET,-125.0,0,126,4,76,0,4,0,36,0,0,0,0,126,202.0,2,77.0,0,2.0,-2.0,-1.0775862068965518,3.25
2024-07,weekend,notte,NCL,195.0,0,3,3,0,0,3,0,0,3,0,0,3,3,0.0,3,195.0,2,86.0,62.0,65.0,89.0
2024-07,weekend,notte,REG,4969.0,0,3732,502,1649,0,502,0,1457,143,0,0,53,3732,4653.0,233,9622.0,13,6.0,0.0,1.3772172949002215,12.0
2024-07,weekend,notte,,2850.0,0,306,138,92,0,138,0,72,70,0,0,36,306,446.0,92,3296.0,6,35.0,4.0,9.437086092715232,45.5
2024-07,weekend,pomeriggio,EC,961.0,0,56,35,12,0,35,0,8,21,0,0,12,56,36.0,27,997.0,4,43.80000000000001,9.0,17.472727272727273,69.59999999999997
2024-07,weekend,pomeriggio,EN,66.0,0,4,3,0,0,3,0,1,2,0,0,0,4,0.0,3,66.0,0,26.7,19.0,16.5,26.85
2024-07,weekend,pomeriggio,IC,2389.0,0,154,92,32,0,92,0,28,55,0,0,24,154,140.0,73,2529.0,8,47.70000000000002,9.0,15.717105263157896,58.89999999999998
2024-07,weekend,pomeriggio,IR,10.0,0,1,1,0,0,1,0,0,0,0,0,0,1,0.0,1,10.0,0,10.0,10.0,10.0,10.0
2024-07,weekend,pomeriggio,MET,288.0,0,406,35,210,0,35,0,141,17,0,0,6,406,494.0,22,782.0,0,4.0,-1.0,0.7461139896373057,11.5
2024-07,weekend,pomeriggio,REG,21780.0,0,10702,1849,4122,0,1849,0,4331,482,0,0,166,10702,10638.0,828,32418.0,28,8.0,0.0,2.114152591729761,14.0
2024-07,weekend,pomeriggio,,12024.0,0,978,508,244,0,508,0,216,268,0,0,140,978,892.0,362,12916.0,44,39.69999999999999,5.0,12.421487603305785,53.69999999999993
2024-07,weekend,sera,EC,379.0,0,28,16,10,0,16,0,2,10,0,0,5,28,30.0,12,409.0,1,41.2,5.0,13.535714285714286,44.65
2024-07,weekend,sera,EXP,48.0,0,1,1,0,0,1,0,0,1,0,0,1,1,0.0,1,48.0,0,48.0,48.0,48.0,48.0
2024-07,weekend,sera,IC,1574.0,0,100,59,21,0,59,0,19,32,0,0,17,100,110.0,43,1684.0,5,44.0,8.0,15.898989898989901,59.399999999999984
2024-07,weekend,sera,ICN,425.0,0,79,29,28,0,29,0,22,8,0,0,4,79,129.0,16,554.0,2,14.400000000000018,1.0,5.379746835443038,28.699999999999903
2024-07,weekend,sera,IR,62.0,0,2,2,0,0,2,0,0,2,0,0,1,2,0.0,2,62.0,0,39.8,31.0,31.0,40.9
2024-07,weekend,sera,MET,125.0,0,363,23,169,0,23,0,142,8,0,0,1,363,332.0,10,457.0,0,3.0,-1.0,0.374251497005988,5.349999999999966
2024-07,weekend,sera,REG,19124.0,0,8819,1620,3398,0,1620,0,3514,431,0,0,153,8819,8790.0,759,27914.0,23,9.0,1.0,2.241443975621191,15.0
2024-07,weekend,sera,,1124.0,0,402,150,180,0,150,0,68,86,0,0,42,402,2464.0,110,3588.0,8,31.0,1.0,2.824120603015076,42.1
2024-07,weekend,tarda_mattina,EC,685.0,0,66,29,20,0,29,0,16,15,0,0,7,66,46.0,20,731.0,2,32.20000000000001,4.0,10.538461538461538,48.99999999999999
2024-07,weekend,tarda_mattina,EXP,26.0,0,2,1,1,0,1,0,0,1,0,0,1,2,7.0,1,33.0,0,29.0,13.0,13.0,31.0
2024-07,weekend,tarda_mattina,IC,2033.0,0,209,92,78,0,92,0,34,46,0,0,27,209,422.0,62,2455.0,7,34.80000000000007,3.0,9.965686274509803,52.54999999999998
2024-07,weekend,tarda_mattina,ICN,92.0,0,15,6,6,0,6,0,3,4,0,0,0,15,32.0,6,124.0,0,24.6,1.0,6.133333333333334,27.6
2024-07,weekend,tarda_mattina,IR,12.0,0,1,1,0,0,1,0,0,0,0,0,0,1,0.0,1,12.0,0,12.0,12.0,12.0,12.0
2024-07,weekend,tarda_mattina,MET,-221.0,0,507,16,279,0,16,0,177,5,0,0,3,507,667.0,5,446.0,1,2.0,-1.0,-0.4682203389830508,3.0
2024-07,weekend,tarda_mattina,REG,20318.0,0,11922,1839,4614,0,1839,0,4993,454,0,0,139,11922,11611.0,776,31929.0,29,7.0,0.0,1.7751179451336712,12.0
2024-07,weekend,tarda_mattina,,13424.0,0,928,502,196,0,502,0,214,260,0,0,160,928,640.0,320,14064.0,66,47.5,5.0,14.719298245614034,71.25
2024-08,infrasettimanale,mattina,EC,248.0,0,43,17,19,0,17,0,7,10,0,0,2,43,92.0,12,340.0,1,23.60000000000003,1.0,5.767441860465116,27.0
2024-08,infrasettimanale,mattina,EXP,-3.0,0,1,0,1,0,0,0,0,0,0,0,0,1,3.0,0,0.0,0,-3.0,-3.0,-3.0,-3.0
2024-08,infrasettimanale,mattina,IC,4536.0,0,568,232,173,0,232,0,162,101,0,0,48,568,1019.0,147,5555.0,22,23.40000000000004,3.0,8.0,44.69999999999993
2024-08,infrasettimanale,mattina,ICN,3.0,0,14,5,9,0,5,0,0,3,0,0,3,14,159.0,4,162.0,0,44.1,-7.5,0.2142857142857142,48.85
2024-08,infrasettimanale,mattina,IR,21.0,0,4,2,1,0,2,0,1,0,0,0,0,4,2.0,1,23.0,0,11.5,5.0,5.25,12.249999999999998
2024-08,infrasettimanale,mattina,MET,-406.0,0,1115,31,573,0,31,0,493,1,0,0,1,1115,1284.0,7,878.0,0,2.0,-1.0,-0.3701002734731085,3.0
2024-08,infrasettimanale,mattina,NCL,126.0,0,2,1,1,0,1,0,0,1,0,0,1,2,61.0,1,187.0,1,162.20000000000002,63.0,63.0,174.6
2024-08,infrasettimanale,mattina,REG,27725.0,0,30849,3453,13471,0,3453,0,13830,716,0,0,224,30849,34242.0,1253,61967.0,46,5.0,0.0,0.9015087468296809,8.0
2024-08,infrasettimanale,mattina,,18850.0,0,2812,1146,888,0,1146,0,778,474,0,0,204,2812,4878.0,698,23728.0,52,25.0,3.0,6.703413940256046,36.75
2024-08,infrasettimanale,notte,EN,541.0,0,21,12,4,0,12,0,5,6,0,0,4,21,9.0,7,550.0,4,81.0,5.0,25.761904761904763,95.0
2024-08,infrasettimanale,notte,EXP,18.0,0,4,1,2,0,1,0,1,1,0,0,0,4,4.0,1,22.0,0,13.800000000000002,1.0,4.5,15.899999999999997
2024-08,infrasettimanale,notte,IC,2673.0,0,324,133,123,0,133,0,68,62,0,0,34,324,596.0,87,3269.0,13,30.0,1.5,8.25,48.849999999999966
2024-08,infrasettimanale,notte,ICN,133.0,0,43,12,18,0,12,0,13,5,0,0,3,43,118.0,5,251.0,0,22.600000000000072,1.0,3.0930232558139537,33.49999999999999
2024-08,infrasettimanale,notte,MET,-394.0,0,417,7,256,0,7,0,149,0,0,0,0,417,643.0,2,249.0,0,2.0,-1.0,-0.9563106796116504,3.0
2024-08,infrasettimanale,notte,NCL,252.0,0,8,5,3,0,5,0,0,4,0,0,4,8,62.0,5,314.0,4,82.5,37.0,31.5,84.25
2024-08,infrasettimanale,notte,REG,7862.0,0,13364,1414,6416,0,1414,0,5497,313,0,0,88,13364,17619.0,544,25481.0,17,5.0,0.0,0.5899302168530052,8.0
2024-08,infrasettimanale,notte,,3638.0,0,1258,378,478,0,378,0,402,130,0,0,40,1258,2664.0,204,6302.0,4,15.0,1.0,2.891891891891892,24.0
2024-08,infrasettimanale,pomeriggio,DIR,1.0,0,1,0,0,0,0,0,1,0,0,0,0,1,0.0,0,1.0,0,1.0,1.0,1.0,1.0
2024-08,infrasettimanale,pomeriggio,EC,1341.0,0,154,70,42,0,70,0,41,37,0,0,17,154,171.0,48,1512.0,1,30.80000000000001,4.0,8.764705882352942,33.20000000000002
2024-08,infrasettimanale,pomeriggio,EN,801.0,0,13,13,0,0,13,0,0,12,0,0,11,13,0.0,13,801.0,3,96.6,53.0,61.61538461538461,135.19999999999987
2024-08,infrasettimanale,pomeriggio,EXP,29.0,0,9,2,2,0,2,0,5,0,0,0,0,9,3.0,2,32.0,0,10.2,3.0,3.2222222222222223,10.6
2024-08,infrasettimanale,pomeriggio,IC,6742.0,0,444,268,85,0,268,0,88,150,0,0,68,444,277.0,193,7019.0,25,42.0,7.0,15.287981859410433,64.0
2024-08,infrasettimanale,pomeriggio,MET,-196.0,0,1323,56,697,0,56,0,558,14,0,0,2,1323,1462.0,24,1266.0,0,2.0,-1.0,-0.1495041952707856,4.0
2024-08,infrasettimanale,pomeriggio,REG,57148.0,0,37029,5319,15155,0,5319,0,16417,1278,0,0,433,37029,38820.0,2179,95968.0,89,6.0,0.0,1.5491041175354423,11.0
2024-08,infrasettimanale,pomeriggio,,24122.0,0,2548,1200,682,0,1200,0,666,552,0,0,248,2548,3564.0,806,27686.0,72,29.0,4.0,9.467032967032967,46.0
2024-08,infrasettimanale,sera,EC,848.0,0,64,36,13,0,36,0,12,17,0,0,10,64,31.0,22,879.0,5,40.0,6.0,13.901639344262296,64.0
2024-08,infrasettimanale,sera,EN,21.0,0,2,1,0,0,1,0,1,1,0,0,0,2,0.0,1,21.0,0,16.5,10.5,10.5,17.25
2024-08,infrasettimanale,sera,EXP,-32.0,0,7,1,6,0,1,0,0,1,0,0,1,7,66.0,1,34.0,0,13.000000000000012,-5.0,-4.571428571428571,23.49999999999997
2024-08,infrasettimanale,sera,IC,5330.0,0,308,144,106,0,144,0,58,80,0,0,43,308,528.0,106,5858.0,23,43.900000000000034,4.0,17.305194805194805,89.0
2024-08,infrasettimanale,sera,ICN,1069.0,0,210,69,88,0,69,0,53,37,0,0,17,210,606.0,47,1675.0,4,26.099999999999994,0.0,5.09047619047619,44.54999999999998
2024-08,infrasettimanale,sera,MET,319.0,0,1280,72,606,0,72,0,596,17,0,0,7,1280,1320.0,28,1639.0,0,3.0,0.0,0.2503924646781789,5.0
2024-08,infrasettimanale,sera,REG,55555.0,0,30101,5085,12255,0,5085,0,12645,1249,0,0,439,30101,31775.0,2133,87330.0,74,7.0,0.0,1.8527597131899285,13.0
2024-08,infrasettimanale,sera,,4074.0,0,934,348,370,0,348,0,212,136,0,0,42,934,1842.0,190,5916.0,6,18.0,2.0,4.380645161290323,27.799999999999955
2024-08,infrasettimanale,tarda_mattina,EC,1325.0,0,152,70,50,0,70,0,32,32,0,0,16,152,155.0,48,1480.0,3,30.800000000000015,4.0,8.717105263157896,38.79999999999996
2024-08,infrasettimanale,tarda_mattina,EXP,90.0,0,12,8,3,0,8,0,1,1,0,0,1,12,15.0,4,105.0,0,12.800000000000002,6.5,7.5,26.04999999999998
2024-08,infrasettimanale,tarda_mattina,IC,5413.0,0,558,257,177,0,257,0,122,130,0,0,59,558,943.0,194,6356.0,20,30.5,3.0,9.735611510791369,53.0
2024-08,infrasettimanale,tarda_mattina,ICN,214.0,0,43,15,16,0,15,0,12,8,0,0,2,43,87.0,11,301.0,1,16.800000000000004,1.0,4.976744186046512,18.0
2024-08,infrasettimanale,tarda_mattina,MET,-961.0,0,1535,38,916,0,38,0,576,8,0,0,3,1535,2136.0,16,1175.0,0,2.0,-1.0,-0.6281045751633987,3.0
2024-08,infrasettimanale,tarda_mattina,REG,33701.0,0,38264,4384,16787,0,4384,0,17008,920,0,0,219,38264,42229.0,1646,75930.0,38,5.0,0.0,0.8827103905288247,8.0
2024-08,infrasettimanale,tarda_mattina,,26356.0,0,2552,1192,648,0,1192,0,710,584,0,0,278,2552,2884.0,794,29240.0,82,31.600000000000136,4.0,10.335686274509804,51.0
2024-08,weekend,mattina,EC,76.0,0,16,5,6,0,5,0,5,3,0,0,1,16,22.0,4,98.0,0,15.5,1.0,4.75,22.5
2024-08,weekend,mattina,EXP,15.0,0,3,2,1,0,2,0,0,1,0,0,0,3,12.0,1,27.0,0,18.0,6.0,5.0,19.5
2024-08,weekend,mattina,IC,3263.0,0,215,98,57,0,98,0,60,53,0,0,33,215,352.0,70,3615.0,17,47.99999999999997,4.0,15.17674418604651,72.19999999999993
2024-08,weekend,mattina,ICN,61.0,0,4,3,1,0,3,0,0,3,0,0,1,4,23.0,3,84.0,0,38.8,19.0,15.25,42.39999999999999
2024-08,weekend,mattina,MET,16.0,0,425,22,211,0,22,0,184,3,0,0,0,425,437.0,7,453.0,0,3.0,-1.0,0.038369304556354906,5.0
2024-08,weekend,mattina,REG,9000.0,0,9722,1069,4464,0,1069,0,4156,258,0,0,98,9722,11639.0,425,20639.0,33,5.0,0.0,0.928888430178553,8.0
2024-08,weekend,mattina,,9928.0,0,1122,484,358,0,484,0,276,226,0,0,100,1122,1860.0,326,11788.0,36,26.19999999999999,3.0,8.880143112701253,48.30000000000007
2024-08,weekend,notte,EN,67.0,0,9,5,0,0,5,0,4,2,0,0,0,9,0.0,2,67.0,0,17.4,6.0,7.444444444444445,18.2
2024-08,weekend,notte,IC,1607.0,0,142,57,56,0,57,0,29,28,0,0,20,142,288.0,41,1895.0,10,46.80000000000001,2.0,11.316901408450704,75.74999999999994
2024-08,weekend,notte,ICN,267.0,0,17,4,7,0,4,0,6,3,0,0,3,17,78.0,3,345.0,3,79.00000000000001,3.0,15.705882352941176,107.99999999999996
2024-08,weekend,notte,MET,-190.0,0,146,1,93,0,1,0,52,0,0,0,0,146,255.0,0,65.0,0,1.5,-1.0,-1.3013698630136987,2.0
2024-08,weekend,notte,NCL,192.0,0,4,4,0,0,4,0,0,3,0,0,2,4,0.0,3,192.0,1,93.70000000000002,39.0,48.0,101.34999999999998
2024-08,weekend,notte,REG,2472.0,0,4275,458,2092,0,458,0,1714,93,0,0,41,4275,5975.0,154,8447.0,9,5.0,0.0,0.5797373358348968,8.0
2024-08,weekend,notte,,2154.0,0,428,124,182,0,124,0,122,44,0,0,24,428,1068.0,64,3222.0,8,14.700000000000015,1.0,5.032710280373833,36.099999999999966
2024-08,weekend,pomeriggio,EC,757.0,0,61,20,26,0,20,0,15,12,0,0,9,61,90.0,18,847.0,5,38.0,1.0,12.40983606557377,75.0
2024-08,weekend,pomeriggio,EN,391.0,0,6,6,0,0,6,0,0,6,0,0,6,6,0.0,6,391.0,2,89.5,56.0,65.16666666666667,104.25
2024-08,weekend,pomeriggio,EXP,165.0,0,1,1,0,0,1,0,0,1,0,0,1,1,0.0,1,165.0,1,165.0,165.0,165.0,165.0
2024-08,weekend,pomeriggio,IC,2674.0,0,186,111,33,0,111,0,41,64,0,0,26,186,159.0,82,2833.0,7,37.0,8.0,14.454054054054058,49.79999999999998
2024-08,weekend,pomeriggio,IR,119.0,0,5,4,1,0,4,0,0,3,0,0,1,5,3.0,3,122.0,1,51.2,21.0,23.8,58.6
2024-08,weekend,pomeriggio,MET,-285.0,0,492,23,288,0,23,0,179,1,0,0,1,492,715.0,4,430.0,1,2.0,-1.0,-0.5816326530612245,4.0
2024-08,weekend,pomeriggio,REG,21640.0,0,12078,1801,5098,0,1801,0,5136,519,0,0,200,12078,13325.0,822,34965.0,54,7.0,0.0,1.7980889073535522,13.0
2024-08,weekend,pomeriggio,,11660.0,0,1012,432,306,0,432,0,272,214,0,0,120,1012,1328.0,310,12988.0,54,34.0,3.0,11.544554455445544,65.59999999999991
2024-08,weekend,sera,EC,375.0,0,25,14,7,0,14,0,4,3,0,0,3,25,20.0,7,395.0,2,30.80000000000004,5.0,15.0,71.5999999999999
2024-08,weekend,sera,EXP,-19.0,0,12,5,4,0,5,0,3,0,0,0,0,12,64.0,0,45.0,0,8.9,2.5,-1.5833333333333333,9.0
2024-08,weekend,sera,IC,1444.0,0,108,55,34,0,55,0,19,27,0,0,12,108,149.0,39,1593.0,8,41.89999999999996,5.0,13.37037037037037,69.09999999999988
2024-08,weekend,sera,ICN,442.0,0,104,31,52,0,31,0,21,11,0,0,6,104,316.0,20,758.0,4,14.700000000000005,-0.5,4.25,31.799999999999955
2024-08,weekend,sera,MET,-150.0,0,434,19,232,0,19,0,180,3,0,0,1,434,536.0,3,386.0,0,2.0,-1.0,-0.3480278422273782,4.0
2024-08,weekend,sera,REG,16188.0,0,10194,1542,4340,0,1542,0,4267,405,0,0,134,10194,11278.0,671,27466.0,29,7.0,0.0,1.5950339934968962,12.0
2024-08,weekend,sera,,1668.0,0,394,128,190,0,128,0,74,44,0,0,18,394,1042.0,78,2710.0,8,15.0,0.0,4.255102040816326,27.25
2024-08,weekend,tarda_mattina,EC,354.0,0,72,28,25,0,28,0,19,9,0,0,3,72,86.0,13,440.0,1,15.899999999999999,1.0,4.916666666666667,22.35000000000001
2024-08,weekend,tarda_mattina,EXP,28.0,0,2,2,0,0,2,0,0,1,0,0,0,2,0.0,1,28.0,0,18.8,14.0,14.0,19.4
2024-08,weekend,tarda_mattina,IC,3174.0,0,243,103,81,0,103,0,59,61,0,0,37,243,413.0,70,3587.0,16,44.400000000000034,2.0,13.061728395061728,68.79999999999995
2024-08,weekend,tarda_mattina,ICN,63.0,0,18,5,9,0,5,0,4,4,0,0,0,18,36.0,4,99.0,0,19.9,-0.5,3.5,22.45
2024-08,weekend,tarda_mattina,IR,81.0,0,1,1,0,0,1,0,0,1,0,0,1,1,0.0,1,81.0,1,81.0,81.0,81.0,81.0
2024-08,weekend,tarda_mattina,MET,-435.0,0,607,22,356,0,22,0,222,3,0,0,1,607,894.0,7,459.0,0,2.0,-1.0,-0.725,4.0
2024-08,weekend,tarda_mattina,NCL,-36.0,0,2,0,2,0,0,0,0,0,0,0,0,2,36.0,0,0.0,0,-15.6,-18.0,-18.0,-15.3
2024-08,weekend,tarda_mattina,REG,17624.0,0,13471,1748,5806,0,1748,0,5873,413,0,0,149,13471,14948.0,743,32572.0,43,6.0,0.0,1.3125791316005064,10.0
2024-08,weekend,tarda_mattina,,14658.0,0,978,470,258,0,470,0,250,276,0,0,170,978,1120.0,358,15778.0,70,49.19999999999999,4.0,14.987730061349692,69.19999999999993
2024-09,infrasettimanale,mattina,EC,794.0,0,93,40,38,0,40,0,14,20,0,0,9,93,177.0,28,971.0,4,23.80000000000001,2.0,8.630434782608695,50.900000000000006
2024-09,infrasettimanale,mattina,EN,-16.0,0,1,0,1,0,0,0,0,0,0,0,0,1,16.0,0,0.0,0,-16.0,-16.0,-16.0,-16.0
2024-09,infrasettimanale,mattina,EXP,171.0,0,2,2,0,0,2,0,0,1,0,0,1,2,0.0,2,171.0,1,145.9,85.5,85.5,153.45
2024-09,infrasettimanale,mattina,IC,6119.0,0,570,287,109,0,287,0,174,129,0,0,72,570,696.0,183,6815.0,21,35.10000000000002,5.0,10.735087719298246,52.54999999999996
2024-09,infrasettimanale,mattina,ICN,-13.0,0,2,1,1,0,1,0,0,0,0,0,0,2,23.0,1,10.0,0,6.699999999999999,-6.5,-6.5,8.349999999999998
2024-09,infrasettimanale,mattina,MET,666.0,0,927,77,387,0,77,0,453,14,0,0,4,927,857.0,27,1523.0,1,4.0,0.0,0.7262813522355507,6.0
2024-09,infrasettimanale,mattina,NCL,-44.0,0,4,0,4,0,0,0,0,0,0,0,0,4,44.0,0,0.0,0,-5.3,-6.5,-11.0,-5.15
2024-09,infrasettimanale,mattina,REG,95432.0,0,34503,7473,11321,0,7473,0,15469,1716,0,0,576,34503,28154.0,3001,123586.0,140,9.0,1.0,2.7852785803928435,15.0
2024-09,infrasettimanale,mattina,,43464.0,0,3222,1866,514,0,1866,0,838,912,0,0,402,3222,1702.0,1260,45166.0,142,34.0,6.0,13.506525792417651,55.59999999999992
2024-09,infrasettimanale,notte,EC,208.0,0,3,3,0,0,3,0,0,1,0,0,1,3,0.0,1,208.0,1,157.4,7.0,69.33333333333333,176.19999999999996
2024-09,infrasettimanale,notte,EN,1346.0,0,27,17,8,0,17,0,2,15,0,0,13,27,52.0,17,1398.0,8,154.20000000000002,29.0,49.851851851851855,181.9
2024-09,infrasettimanale,notte,IC,2302.0,0,263,121,71,0,121,0,69,44,0,0,17,263,393.0,75,2695.0,7,23.0,4.0,8.81992337164751,32.0
2024-09,infrasettimanale,notte,ICN,82.0,0,23,9,8,0,9,0,6,2,0,0,1,23,55.0,5,137.0,0,13.6,2.0,3.5652173913043477,25.69999999999998
2024-09,infrasettimanale,notte,MET,-154.0,0,326,13,188,0,13,0,123,3,0,0,2,326,474.0,4,320.0,1,2.0,-1.0,-0.4753086419753086,4.0
2024-09,infrasettimanale,notte,NCL,110.0,0,1,1,0,0,1,0,0,1,0,0,1,1,0.0,1,110.0,1,110.0,110.0,110.0,110.0
2024-09,infrasettimanale,notte,REG,23980.0,0,14132,2220,5776,0,2220,0,6063,544,0,0,181,14132,15094.0,895,39074.0,42,6.0,0.0,1.7056689664983284,12.0
2024-09,infrasettimanale,notte,,10322.0,0,1066,482,282,0,482,0,298,216,0,0,118,1066,920.0,304,11242.0,36,32.0,3.0,9.71939736346516,44.0
2024-09,infrasettimanale,pomeriggio,EC,2458.0,0,179,100,50,0,100,0,27,56,0,0,26,179,144.0,80,2602.0,10,41.0,7.0,13.887005649717516,66.59999999999997
2024-09,infrasettimanale,pomeriggio,EN,263.0,0,20,18,1,0,18,0,1,6,0,0,2,20,24.0,8,287.0,1,29.900000000000013,7.0,13.15,39.35000000000002
2024-09,infrasettimanale,pomeriggio,EXP,-27.0,0,7,0,4,0,0,0,3,0,0,0,0,7,33.0,0,6.0,0,2.200000000000001,-2.0,-3.857142857142857,3.099999999999998
2024-09,infrasettimanale,pomeriggio,IC,6268.0,0,467,288,80,0,288,0,98,155,0,0,67,467,300.0,214,6568.0,12,39.0,8.0,13.450643776824034,51.0
2024-09,infrasettimanale,pomeriggio,ICN,7.0,0,14,4,9,0,4,0,1,1,0,0,0,14,41.0,2,48.0,0,10.400000000000002,-4.0,0.5,13.449999999999998
2024-09,infrasettimanale,pomeriggio,IR,96.0,0,3,2,0,0,2,0,1,2,0,0,1,3,0.0,2,96.0,1,61.0,21.0,32.0,66.0
2024-09,infrasettimanale,pomeriggio,MET,393.0,0,1131,81,505,0,81,0,543,11,0,0,2,1131,1014.0,23,1407.0,0,4.0,0.0,0.3480956598759964,6.0
2024-09,infrasettimanale,pomeriggio,REG,114775.0,0,41846,9036,13978,0,9036,0,18535,2151,0,0,685,41846,34235.0,3660,149010.0,165,9.0,1.0,2.7624010204818408,15.0
2024-09,infrasettimanale,pomeriggio,,35124.0,0,2824,1720,406,0,1720,0,698,834,0,0,358,2824,1314.0,1178,36438.0,72,34.0,7.0,12.437677053824364,47.0
2024-09,infrasettimanale,sera,EC,2262.0,0,104,74,12,0,74,0,16,49,0,0,28,104,30.0,61,2292.0,11,64.10000000000011,13.5,22.176470588235297,75.74999999999994
2024-09,infrasettimanale,sera,EN,18.0,0,1,1,0,0,1,0,0,1,0,0,0,1,0.0,1,18.0,0,18.0,18.0,18.0,18.0
2024-09,infrasettimanale,sera,EXP,54.0,0,1,1,0,0,1,0,0,1,0,0,1,1,0.0,1,54.0,0,54.0,54.0,54.0,54.0
2024-09,infrasettimanale,sera,IC,3917.0,0,276,138,79,0,138,0,59,68,0,0,32,276,508.0,102,4425.0,18,36.0,4.5,14.192028985507246,77.0
2024-09,infrasettimanale,sera,ICN,2639.0,0,201,83,65,0,83,0,53,48,0,0,30,201,398.0,63,3037.0,17,43.0,2.0,13.129353233830846,88.0
2024-09,infrasettimanale,sera,IR,59.0,0,2,2,0,0,2,0,0,2,0,0,1,2,0.0,2,59.0,0,40.3,29.5,29.5,41.65
2024-09,infrasettimanale,sera,MET,558.0,0,1090,94,452,0,94,0,541,5,0,0,0,1090,899.0,23,1457.0,0,4.0,0.0,0.5133394664213431,6.0
2024-09,infrasettimanale,sera,REG,107692.0,0,33661,8316,11193,0,8316,0,13976,2141,0,0,702,33661,29302.0,3660,136994.0,148,10.0,1.0,3.2161266238614306,17.0
2024-09,infrasettimanale,sera,,8428.0,0,1132,548,326,0,548,0,258,220,0,0,62,1132,1458.0,356,9886.0,12,22.0,4.0,7.445229681978798,30.0
2024-09,infrasettimanale,tarda_mattina,EC,2168.0,0,189,96,55,0,96,0,36,53,0,0,20,189,194.0,70,2362.0,8,30.400000000000013,5.0,11.593582887700537,50.69999999999999
2024-09,infrasettimanale,tarda_mattina,EXP,75.0,0,7,5,0,0,5,0,2,2,0,0,0,7,0.0,3,75.0,0,20.8,9.0,10.714285714285714,21.4
2024-09,infrasettimanale,tarda_mattina,IC,4236.0,0,466,209,149,0,209,0,108,100,0,0,50,466,860.0,136,5096.0,13,32.0,3.0,9.090128755364807,53.5
2024-09,infrasettimanale,tarda_mattina,ICN,124.0,0,38,9,17,0,9,0,12,6,0,0,3,38,103.0,6,227.0,1,18.300000000000004,0.0,3.263157894736842,30.3
2024-09,infrasettimanale,tarda_mattina,IR,25.0,0,1,1,0,0,1,0,0,1,0,0,0,1,0.0,1,25.0,0,25.0,25.0,25.0,25.0
2024-09,infrasettimanale,tarda_mattina,MET,319.0,0,1296,82,612,0,82,0,595,15,0,0,4,1296,1360.0,25,1679.0,1,3.0,0.0,0.24747866563227303,5.0
2024-09,infrasettimanale,tarda_mattina,NCL,-250.0,0,4,0,4,0,0,0,0,0,0,0,0,4,250.0,0,0.0,0,-52.8,-65.0,-62.5,-50.400000000000006
2024-09,infrasettimanale,tarda_mattina,REG,94629.0,0,42509,7753,15509,0,7753,0,18962,1758,0,0,601,42509,38010.0,3061,132639.0,155,7.0,1.0,2.2411187949981053,13.0
2024-09,infrasettimanale,tarda_mattina,,42972.0,0,2902,1732,396,0,1732,0,772,908,0,0,476,2902,1234.0,1204,44206.0,140,41.100000000000136,7.0,14.817931034482761,59.0
2024-09,weekend,mattina,EC,26.0,0,32,9,18,0,9,0,5,5,0,0,0,32,121.0,8,147.0,0,16.900000000000002,-3.5,0.8125,18.45
2024-09,weekend,mattina,EN,12.0,0,1,1,0,0,1,0,0,0,0,0,0,1,0.0,1,12.0,0,12.0,12.0,12.0,12.0
2024-09,weekend,mattina,EXP,40.0,0,5,2,0,0,2,0,3,2,0,0,0,5,0.0,2,40.0,0,18.4,3.0,8.0,19.2
2024-09,weekend,mattina,IC,1535.0,0,222,81,70,0,81,0,71,34,0,0,17,222,361.0,49,1896.0,8,21.90000000000001,2.0,6.914414414414415,40.79999999999996
2024-09,weekend,mattina,ICN,-39.0,0,3,0,3,0,0,0,0,0,0,0,0,3,39.0,0,0.0,0,-3.3999999999999986,-13.0,-13.0,-2.200000000000001
2024-09,weekend,mattina,MET,-163.0,0,334,9,180,0,9,0,135,1,0,0,0,334,403.0,1,240.0,0,2.0,-1.0,-0.5030864197530864,3.0
2024-09,weekend,mattina,NCL,186.0,0,2,2,0,0,2,0,0,2,0,0,2,2,0.0,2,186.0,2,106.6,93.0,93.0,108.3
2024-09,weekend,mattina,REG,10714.0,0,9599,1195,3954,0,1195,0,4124,245,0,0,87,9599,10189.0,409,20903.0,22,5.0,0.0,1.1553973902728352,8.0
2024-09,weekend,mattina,,12468.0,0,1192,580,302,0,580,0,304,254,0,0,106,1192,1098.0,376,13566.0,46,26.0,4.0,10.51264755480607,50.19999999999993
2024-09,weekend,notte,EC,8.0,0,2,1,0,0,1,0,1,0,0,0,0,2,0.0,0,8.0,0,5.6,4.0,4.0,5.8
2024-09,weekend,notte,EN,269.0,0,11,8,1,0,8,0,2,4,0,0,2,11,9.0,6,278.0,1,32.0,10.0,24.454545454545453,102.5
2024-09,weekend,notte,EXP,8.0,0,2,1,1,0,1,0,0,1,0,0,1,2,39.0,1,47.0,0,38.400000000000006,4.0,4.0,42.7
2024-09,weekend,notte,IC,595.0,0,113,33,48,0,33,0,31,15,0,0,8,113,256.0,23,851.0,3,25.40000000000004,1.0,5.3125,30.44999999999999
2024-09,weekend,notte,ICN,60.0,0,14,4,9,0,4,0,1,3,0,0,2,14,87.0,3,147.0,1,37.40000000000001,-3.0,4.285714285714286,51.14999999999999
2024-09,weekend,notte,MET,-137.0,0,113,1,75,0,1,0,33,0,0,0,0,113,172.0,0,35.0,0,1.0,-1.0,-1.256880733944954,2.0
2024-09,weekend,notte,NCL,326.0,0,3,2,0,0,2,0,0,2,0,0,2,3,0.0,2,326.0,2,166.2,163.0,163.0,166.6
2024-09,weekend,notte,REG,4170.0,0,4179,510,1785,0,510,0,1771,106,0,0,33,4179,4750.0,186,8920.0,7,5.0,0.0,1.0255779636005902,9.0
2024-09,weekend,notte,,4222.0,0,324,124,110,0,124,0,90,70,0,0,48,324,452.0,84,4674.0,24,37.0,2.0,13.030864197530864,78.84999999999997
2024-09,weekend,pomeriggio,EC,750.0,0,74,37,20,0,37,0,17,21,0,0,6,74,65.0,28,815.0,2,26.40000000000001,4.5,10.135135135135137,36.099999999999966
2024-09,weekend,pomeriggio,EN,140.0,0,8,6,1,0,6,0,1,3,0,0,2,8,1.0,4,141.0,0,39.8,9.5,17.5,45.39999999999999
2024-09,weekend,pomeriggio,IC,1428.0,0,202,91,66,0,91,0,45,40,0,0,18,202,298.0,55,1726.0,2,24.0,3.0,7.069306930693069,36.0
2024-09,weekend,pomeriggio,ICN,-17.0,0,7,0,7,0,0,0,0,0,0,0,0,7,17.0,0,0.0,0,-1.0,-2.0,-2.4285714285714284,-1.0
2024-09,weekend,pomeriggio,IR,2.0,0,1,0,0,0,0,0,1,0,0,0,0,1,0.0,0,2.0,0,2.0,2.0,2.0,2.0
2024-09,weekend,pomeriggio,MET,-201.0,0,417,14,227,0,14,0,159,3,0,0,0,417,508.0,5,307.0,0,2.0,-1.0,-0.5025,4.0
2024-09,weekend,pomeriggio,REG,21301.0,0,12088,2009,4573,0,2009,0,5091,493,0,0,144,12088,11826.0,837,33127.0,18,7.0,1.0,1.8248093891887265,13.0
2024-09,weekend,pomeriggio,,11150.0,0,1106,542,276,0,542,0,276,268,0,0,124,1106,1020.0,378,12170.0,26,32.400000000000034,4.0,10.191956124314444,45.39999999999986
2024-09,weekend,sera,EC,469.0,0,47,27,11,0,27,0,8,14,0,0,5,47,36.0,22,505.0,0,32.0,7.5,10.195652173913045,37.0
2024-09,weekend,sera,EN,-4.0,0,2,1,1,0,1,0,0,0,0,0,0,2,10.0,0,6.0,0,4.4,-2.0,-2.0,5.199999999999999
2024-09,weekend,sera,EXP,77.0,0,3,1,1,0,1,0,1,1,0,0,1,3,1.0,1,78.0,1,60.0,4.0,25.666666666666668,67.0
2024-09,weekend,sera,IC,1187.0,0,122,56,37,0,56,0,28,29,0,0,14,122,173.0,39,1360.0,3,33.0,3.0,9.8099173553719,38.0
2024-09,weekend,sera,ICN,494.0,0,92,26,48,0,26,0,18,13,0,0,8,92,246.0,19,740.0,3,25.50000000000003,-1.0,5.369565217391305,48.050000000000026
2024-09,weekend,sera,IR,20.0,0,1,1,0,0,1,0,0,1,0,0,0,1,0.0,1,20.0,0,20.0,20.0,20.0,20.0
2024-09,weekend,sera,MET,-115.0,0,384,7,166,0,7,0,193,0,0,0,0,384,389.0,1,274.0,0,2.0,0.0,-0.314207650273224,3.0
2024-09,weekend,sera,REG,17915.0,0,10010,1763,3774,0,1763,0,4131,373,0,0,106,10010,9808.0,698,27723.0,13,7.0,1.0,1.853020273065784,12.649999999999636
2024-09,weekend,sera,,1636.0,0,440,158,172,0,158,0,106,56,0,0,18,440,1044.0,88,2680.0,4,19.30000000000001,2.0,3.752293577981651,24.59999999999991
2024-09,weekend,tarda_mattina,EC,1242.0,0,111,50,34,0,50,0,26,30,0,0,16,111,123.0,37,1365.0,2,35.20000000000002,3.5,11.290909090909093,42.19999999999999
2024-09,weekend,tarda_mattina,EXP,17.0,0,4,2,1,0,2,0,1,0,0,0,0,4,3.0,1,20.0,0,8.8,5.0,4.25,9.4
2024-09,weekend,tarda_mattina,IC,1756.0,0,226,85,92,0,85,0,48,40,0,0,20,226,542.0,57,2298.0,10,25.599999999999994,2.0,7.804444444444445,48.79999999999998
2024-09,weekend,tarda_mattina,ICN,37.0,0,16,2,10,0,2,0,4,2,0,0,2,16,64.0,2,101.0,0,24.5,-2.5,2.3125,47.75
2024-09,weekend,tarda_mattina,MET,-252.0,0,493,14,269,0,14,0,188,3,0,0,2,493,661.0,5,409.0,0,2.0,-1.0,-0.535031847133758,3.0
2024-09,weekend,tarda_mattina,NCL,527.0,0,3,3,0,0,3,0,0,3,0,0,3,3,0.0,3,527.0,3,207.80000000000004,203.0,175.66666666666666,208.4
2024-09,weekend,tarda_mattina,REG,18336.0,0,13208,1895,5211,0,1895,0,5693,409,0,0,112,13208,13360.0,714,31696.0,20,6.0,0.0,1.432611922806469,10.0
2024-09,weekend,tarda_mattina,,12076.0,0,1044,526,238,0,526,0,276,238,0,0,116,1044,892.0,330,12968.0,52,33.10000000000002,5.0,11.611538461538462,59.04999999999996
2024-10,infrasettimanale,mattina,DIR,11.0,0,1,1,0,0,1,0,0,0,0,0,0,1,0.0,1,11.0,0,11.0,11.0,11.0,11.0
2024-10,infrasettimanale,mattina,EC,773.0,0,123,44,56,0,44,0,23,25,0,0,8,123,292.0,31,1065.0,3,22.0,1.0,6.284552845528455,32.699999999999974
2024-10,infrasettimanale,mattina,EXP,20.0,0,1,1,0,0,1,0,0,1,0,0,0,1,0.0,1,20.0,0,20.0,20.0,20.0,20.0
2024-10,infrasettimanale,mattina,IC,7166.0,0,634,322,108,0,322,0,201,135,0,0,61,634,562.0,203,7728.0,28,29.0,5.0,11.356576862123614,54.0
2024-10,infrasettimanale,mattina,MET,1813.0,0,1027,148,348,0,148,0,515,28,0,0,7,1027,677.0,50,2490.0,1,6.0,1.0,1.7932739861523244,9.0
2024-10,infrasettimanale,mattina,NCL,-31.0,0,3,1,1,0,1,0,1,0,0,0,0,3,43.0,1,12.0,0,9.0,1.0,-10.333333333333334,10.0
2024-10,infrasettimanale,mattina,REG,124497.0,0,38579,9460,11328,0,9460,0,17493,1923,0,0,618,38579,28221.0,3533,152718.0,162,9.0,2.0,3.2521877693895145,15.0
2024-10,infrasettimanale,mattina,,54142.0,0,3524,2090,574,0,2090,0,850,994,0,0,476,3524,1750.0,1436,55892.0,212,40.0,7.0,15.40751280591918,65.19999999999982
2024-10,infrasettimanale,notte,EC,-21.0,0,7,0,7,0,0,0,0,0,0,0,0,7,21.0,0,0.0,0,-1.0,-2.0,-3.0,-1.0
2024-10,infrasettimanale,notte,EN,2268.0,0,44,22,15,0,22,0,7,20,0,0,16,44,134.0,21,2402.0,11,187.7000000000001,5.5,51.54545454545455,245.25000000000009
2024-10,infrasettimanale,notte,EXP,17.0,0,1,1,0,0,1,0,0,1,0,0,0,1,0.0,1,17.0,0,17.0,17.0,17.0,17.0
2024-10,infrasettimanale,notte,IC,3062.0,0,264,144,56,0,144,0,64,63,0,0,27,264,362.0,87,3424.0,13,29.700000000000017,5.0,11.598484848484848,54.85
2024-10,infrasettimanale,notte,ICN,432.0,0,45,9,25,0,9,0,11,9,0,0,7,45,297.0,9,729.0,5,60.2,-1.0,9.6,80.6
2024-10,infrasettimanale,notte,MET,-300.0,0,352,11,223,0,11,0,117,0,0,0,0,352,535.0,4,235.0,0,2.0,-1.0,-0.8547008547008548,4.0
2024-10,infrasettimanale,notte,NCL,-61.0,0,1,0,1,0,0,0,0,0,0,0,0,1,61.0,0,0.0,0,-61.0,-61.0,-61.0,-61.0
2024-10,infrasettimanale,notte,REG,32144.0,0,15748,2620,6240,0,2620,0,6838,586,0,0,214,15748,16343.0,1017,48487.0,71,7.0,1.0,2.04764938208689,11.0
2024-10,infrasettimanale,notte,,15620.0,0,1180,566,270,0,566,0,344,292,0,0,168,1180,868.0,364,16488.0,62,39.0,4.0,13.23728813559322,60.54999999999996
2024-10,infrasettimanale,pomeriggio,EC,2835.0,0,222,119,59,0,119,0,42,59,0,0,27,222,232.0,85,3067.0,11,38.0,6.0,12.886363636363637,59.04999999999998
2024-10,infrasettimanale,pomeriggio,EN,668.0,0,32,25,0,0,25,0,7,14,0,0,2,32,0.0,21,668.0,1,27.9,13.0,20.875,29.45
2024-10,infrasettimanale,pomeriggio,EXP,135.0,0,3,3,0,0,3,0,0,2,0,0,2,3,0.0,2,135.0,2,68.0,60.0,45.0,69.0
2024-10,infrasettimanale,pomeriggio,IC,4915.0,0,511,283,111,0,283,0,117,124,0,0,38,511,399.0,192,5314.0,7,25.0,6.0,9.61839530332681,37.0
2024-10,infrasettimanale,pomeriggio,ICN,189.0,0,18,6,11,0,6,0,1,4,0,0,3,18,38.0,5,227.0,1,35.00000000000001,-2.0,10.5,53.24999999999989
2024-10,infrasettimanale,pomeriggio,IR,5.0,0,1,1,0,0,1,0,0,0,0,0,0,1,0.0,0,5.0,0,5.0,5.0,5.0,5.0
2024-10,infrasettimanale,pomeriggio,MET,788.0,0,1268,103,575,0,103,0,584,19,0,0,3,1268,1123.0,41,1911.0,0,4.0,0.0,0.624405705229794,7.0
2024-10,infrasettimanale,pomeriggio,REG,137565.0,0,47213,10720,14761,0,10720,0,21421,2375,0,0,808,47213,36716.0,4095,174281.0,180,9.0,1.0,2.933030574389152,15.0
2024-10,infrasettimanale,pomeriggio,,36970.0,0,3010,1766,480,0,1766,0,764,892,0,0,358,3010,1688.0,1272,38658.0,86,32.0,7.0,12.282392026578073,45.0
2024-10,infrasettimanale,sera,EC,1490.0,0,136,87,21,0,87,0,27,33,0,0,15,136,72.0,56,1562.0,1,30.60000000000001,7.0,11.037037037037036,44.3
2024-10,infrasettimanale,sera,EN,68.0,0,1,1,0,0,1,0,0,1,0,0,1,1,0.0,1,68.0,1,68.0,68.0,68.0,68.0
2024-10,infrasettimanale,sera,EXP,-4.0,0,2,0,1,0,0,0,1,0,0,0,0,2,4.0,0,0.0,0,-0.3999999999999999,-2.0,-2.0,-0.2000000000000001
2024-10,infrasettimanale,sera,IC,3562.0,0,295,142,81,0,142,0,70,64,0,0,32,295,386.0,92,3948.0,19,32.0,4.0,12.156996587030717,72.39999999999998
2024-10,infrasettimanale,sera,ICN,1033.0,0,204,62,89,0,62,0,53,29,0,0,21,204,782.0,44,1815.0,8,30.10000000000005,0.0,5.063725490196078,51.24999999999997
2024-10,infrasettimanale,sera,MET,1268.0,0,1198,109,497,0,109,0,578,27,0,0,8,1198,906.0,44,2174.0,2,4.0,0.0,1.070945945945946,7.0
2024-10,infrasettimanale,sera,NCL,34.0,0,1,1,0,0,1,0,0,1,0,0,1,1,0.0,1,34.0,0,34.0,34.0,34.0,34.0
2024-10,infrasettimanale,sera,REG,106595.0,0,37009,9189,12292,0,9189,0,15320,1935,0,0,584,37009,32392.0,3636,138987.0,111,9.0,1.0,2.896524550963289,15.0
2024-10,infrasettimanale,sera,,8388.0,0,1170,564,320,0,564,0,286,204,0,0,76,1170,1450.0,312,9838.0,18,21.0,4.0,7.1692307692307695,32.0
2024-10,infrasettimanale,tarda_mattina,EC,3731.0,0,256,128,84,0,128,0,43,75,0,0,41,256,271.0,100,4002.0,15,42.6,5.0,14.631372549019607,69.89999999999995
2024-10,infrasettimanale,tarda_mattina,EXP,181.0,0,6,4,1,0,4,0,1,3,0,0,2,6,19.0,3,200.0,2,87.0,11.0,30.166666666666668,92.0
2024-10,infrasettimanale,tarda_mattina,IC,5912.0,0,481,251,126,0,251,0,101,126,0,0,71,481,683.0,172,6595.0,25,37.0,6.0,12.368200836820083,60.29999999999996
2024-10,infrasettimanale,tarda_mattina,ICN,-42.0,0,45,6,33,0,6,0,6,3,0,0,1,45,208.0,5,166.0,1,8.400000000000006,-3.0,-0.9333333333333331,15.799999999999985
2024-10,infrasettimanale,tarda_mattina,MET,816.0,0,1392,113,677,0,113,0,587,24,0,0,6,1392,1484.0,41,2300.0,2,4.0,0.0,0.5925925925925926,6.0
2024-10,infrasettimanale,tarda_mattina,NCL,-61.0,0,4,0,3,0,0,0,1,0,0,0,0,4,62.0,0,1.0,0,-3.199999999999997,-16.5,-15.25,-1.100000000000005
2024-10,infrasettimanale,tarda_mattina,REG,100169.0,0,47784,8762,17453,0,8762,0,21281,1784,0,0,577,47784,42918.0,3202,143087.0,117,7.0,1.0,2.108998652518107,12.0
2024-10,infrasettimanale,tarda_mattina,,47978.0,0,3142,1882,446,0,1882,0,808,966,0,0,514,3142,1386.0,1254,49364.0,166,42.0,7.0,15.29910714285714,61.0
2024-10,weekend,mattina,EC,49.0,0,36,9,22,0,9,0,5,4,0,0,1,36,125.0,6,174.0,1,14.0,-2.5,1.3611111111111112,16.75
2024-10,weekend,mattina,EN,76.0,0,6,4,1,0,4,0,1,4,0,0,0,6,9.0,4,85.0,0,27.0,15.0,12.666666666666666,27.5
2024-10,weekend,mattina,EXP,-8.0,0,3,0,2,0,0,0,1,0,0,0,0,3,8.0,0,0.0,0,-0.19999999999999982,-1.0,-2.6666666666666665,-0.10000000000000002
2024-10,weekend,mattina,IC,1491.0,0,194,73,55,0,73,0,64,30,0,0,11,194,251.0,45,1742.0,6,18.0,3.0,7.765625,30.0
2024-10,weekend,mattina,MET,-10.0,0,304,9,135,0,9,0,142,0,0,0,0,304,288.0,3,278.0,0,3.0,0.0,-0.0349650349650349,4.0
2024-10,weekend,mattina,REG,12712.0,0,8866,1318,3360,0,1318,0,3822,268,0,0,84,8866,8842.0,437,21554.0,13,6.0,1.0,1.4955294117647058,10.0
2024-10,weekend,mattina,,8508.0,0,1050,468,280,0,468,0,292,172,0,0,68,1050,1026.0,260,9534.0,20,22.0,4.0,8.180769230769231,38.0
2024-10,weekend,notte,EN,728.0,0,10,8,2,0,8,0,0,6,0,0,4,10,25.0,6,753.0,4,204.3,18.0,72.8,219.15
2024-10,weekend,notte,IC,374.0,0,105,26,52,0,26,0,27,10,0,0,7,105,316.0,17,690.0,2,14.0,0.0,3.5619047619047617,33.39999999999999
2024-10,weekend,notte,ICN,49.0,0,9,3,6,0,3,0,0,2,0,0,2,9,41.0,2,90.0,0,39.4,-3.0,5.444444444444445,42.2
2024-10,weekend,notte,MET,-53.0,0,96,5,53,0,5,0,32,1,0,0,1,96,137.0,1,84.0,0,2.0,-1.0,-0.5888888888888889,4.549999999999997
2024-10,weekend,notte,REG,5575.0,0,3731,497,1488,0,497,0,1610,100,0,0,35,3731,3969.0,162,9544.0,16,6.0,0.0,1.5507649513212796,9.0
2024-10,weekend,notte,,2004.0,0,276,108,96,0,108,0,68,46,0,0,24,276,406.0,72,2410.0,4,25.5,2.0,7.367647058823529,33.75
2024-10,weekend,pomeriggio,EC,1047.0,0,68,43,16,0,43,0,8,22,0,0,11,68,51.0,28,1098.0,6,46.6,8.0,15.626865671641792,79.49999999999994
2024-10,weekend,pomeriggio,EN,-15.0,0,1,0,1,0,0,0,0,0,0,0,0,1,15.0,0,0.0,0,-15.0,-15.0,-15.0,-15.0
2024-10,weekend,pomeriggio,EXP,39.0,0,5,3,0,0,3,0,2,1,0,0,0,5,0.0,1,39.0,0,14.4,6.0,7.8,16.2
2024-10,weekend,pomeriggio,IC,1056.0,0,173,70,53,0,70,0,49,33,0,0,5,173,232.0,49,1288.0,1,20.90000000000001,3.0,6.1395348837209305,26.0
2024-10,weekend,pomeriggio,ICN,1.0,0,5,2,3,0,2,0,0,0,0,0,0,5,14.0,0,15.0,0,7.8,-4.0,0.2,8.399999999999999
2024-10,weekend,pomeriggio,MET,21.0,0,383,16,191,0,16,0,153,4,0,0,3,383,397.0,7,418.0,1,2.0,-1.0,0.0583333333333333,4.0
2024-10,weekend,pomeriggio,REG,19096.0,0,11017,1820,4024,0,1820,0,4751,388,0,0,116,11017,10636.0,682,29732.0,25,7.0,1.0,1.802359603586597,12.0
2024-10,weekend,pomeriggio,,7716.0,0,884,402,236,0,402,0,242,194,0,0,82,884,788.0,278,8504.0,18,27.100000000000023,4.0,8.768181818181818,42.0
2024-10,weekend,sera,EC,403.0,0,40,22,13,0,22,0,5,11,0,0,3,40,48.0,12,451.0,1,24.200000000000003,5.5,10.075,56.14999999999999
2024-10,weekend,sera,EN,41.0,0,7,3,3,0,3,0,1,2,0,0,0,7,24.0,3,65.0,0,24.6,3.0,5.857142857142857,25.8
2024-10,weekend,sera,EXP,-33.0,0,2,0,1,0,0,0,1,0,0,0,0,2,36.0,0,3.0,0,-0.8999999999999986,-16.5,-16.5,1.0499999999999972
2024-10,weekend,sera,IC,1199.0,0,115,50,41,0,50,0,22,19,0,0,14,115,255.0,30,1454.0,8,33.599999999999994,3.0,10.610619469026547,71.39999999999995
2024-10,weekend,sera,ICN,200.0,0,70,14,40,0,14,0,16,9,0,0,4,70,206.0,11,406.0,2,16.500000000000007,-2.0,2.857142857142857,29.099999999999994
2024-10,weekend,sera,MET,191.0,0,341,20,140,0,20,0,166,6,0,0,2,341,289.0,9,480.0,0,3.0,0.0,0.5858895705521472,5.0
2024-10,weekend,sera,REG,16962.0,0,8764,1582,3256,0,1582,0,3637,350,0,0,109,8764,8513.0,604,25475.0,14,7.0,1.0,2.00141592920354,12.0
2024-10,weekend,sera,,2200.0,0,352,140,122,0,140,0,90,50,0,0,20,352,504.0,74,2704.0,6,21.0,2.0,6.25,30.0
2024-10,weekend,tarda_mattina,EC,935.0,0,107,50,36,0,50,0,21,25,0,0,11,107,178.0,41,1113.0,2,29.200000000000017,3.0,8.738317757009346,38.39999999999998
2024-10,weekend,tarda_mattina,EXP,145.0,0,6,3,0,0,3,0,3,2,0,0,2,6,0.0,2,145.0,1,66.0,5.5,24.166666666666668,69.5
2024-10,weekend,tarda_mattina,IC,1153.0,0,202,72,84,0,72,0,42,29,0,0,15,202,409.0,45,1562.0,5,23.0,1.0,5.823232323232324,37.749999999999886
2024-10,weekend,tarda_mattina,ICN,-32.0,0,15,3,11,0,3,0,1,1,0,0,1,15,122.0,2,90.0,1,11.999999999999998,-3.0,-2.1333333333333333,28.699999999999942
2024-10,weekend,tarda_mattina,MET,-81.0,0,427,16,235,0,16,0,161,6,0,0,1,427,513.0,7,432.0,0,2.0,-1.0,-0.1966019417475728,4.0
2024-10,weekend,tarda_mattina,REG,16117.0,0,11982,1689,4756,0,1689,0,5085,351,0,0,108,11982,12266.0,634,28383.0,23,6.0,0.0,1.3978317432784042,10.0
2024-10,weekend,tarda_mattina,,7936.0,0,864,386,214,0,386,0,262,192,0,0,84,864,770.0,242,8706.0,18,29.0,4.0,9.206496519721576,45.0
2024-11,infrasettimanale,mattina,EC,355.0,0,99,32,45,0,32,0,22,15,0,0,4,99,252.0,24,607.0,0,22.200000000000003,1.0,3.585858585858586,27.19999999999999
2024-11,infrasettimanale,mattina,EN,15.0,0,1,1,0,0,1,0,0,1,0,0,0,1,0.0,1,15.0,0,15.0,15.0,15.0,15.0
2024-11,infrasettimanale,mattina,IC,5429.0,0,588,269,154,0,269,0,165,118,0,0,57,588,778.0,176,6207.0,18,27.300000000000068,4.0,9.232993197278912,45.64999999999998
2024-11,infrasettimanale,mattina,ICN,-15.0,0,3,1,2,0,1,0,0,1,0,0,1,3,63.0,1,48.0,0,33.800000000000004,-23.0,-5.0,40.89999999999999
2024-11,infrasettimanale,mattina,IR,53.0,0,6,6,0,0,6,0,0,1,0,0,0,6,0.0,3,53.0,0,12.5,8.5,8.833333333333334,13.75
2024-11,infrasettimanale,mattina,MET,1613.0,0,929,126,309,0,126,0,484,29,0,0,7,929,605.0,46,2218.0,0,6.0,1.0,1.7551686615886837,9.099999999999907
2024-11,infrasettimanale,mattina,NCL,-68.0,0,3,0,3,0,0,0,0,0,0,0,0,3,68.0,0,0.0,0,-6.400000000000001,-12.0,-22.666666666666668,-5.7
2024-11,infrasettimanale,mattina,REG,105041.0,0,34423,8315,10625,0,8315,0,15215,1867,0,0,621,34423,27615.0,3243,132656.0,133,9.0,1.0,3.075420875420876,16.0
2024-11,infrasettimanale,mattina,,46402.0,0,3142,1784,574,0,1784,0,770,878,0,0,438,3142,2028.0,1184,48430.0,178,39.0,6.0,14.834398976982097,65.0
2024-11,infrasettimanale,notte,DIR,6.0,0,1,1,0,0,1,0,0,0,0,0,0,1,0.0,0,6.0,0,6.0,6.0,6.0,6.0
2024-11,infrasettimanale,notte,EC,-1.0,0,1,0,1,0,0,0,0,0,0,0,0,1,1.0,0,0.0,0,-1.0,-1.0,-1.0,-1.0
2024-11,infrasettimanale,notte,EN,564.0,0,39,21,14,0,21,0,4,14,0,0,8,39,200.0,15,764.0,4,45.20000000000008,7.0,14.461538461538462,75.80000000000003
2024-11,infrasettimanale,notte,IC,2635.0,0,244,118,65,0,118,0,60,56,0,0,29,244,451.0,78,3086.0,14,36.80000000000001,4.0,10.843621399176955,60.89999999999998
2024-11,infrasettimanale,notte,ICN,-252.0,0,42,8,27,0,8,0,7,3,0,0,0,42,354.0,4,102.0,0,7.799999999999998,-3.0,-6.0,14.849999999999987
2024-11,infrasettimanale,notte,IR,122.0,0,3,3,0,0,3,0,0,3,0,0,2,3,0.0,3,122.0,0,53.79999999999999,37.0,40.66666666666666,55.9
2024-11,infrasettimanale,notte,MET,-330.0,0,325,6,208,0,6,0,111,0,0,0,0,325,504.0,2,174.0,0,2.0,-1.0,-1.015384615384615,3.0
2024-11,infrasettimanale,notte,NCL,9.0,0,4,1,1,0,1,0,0,0,0,0,0,4,4.0,1,13.0,0,11.3,4.5,4.5,12.15
2024-11,infrasettimanale,notte,REG,26017.0,0,14106,2432,5569,0,2432,0,6036,567,0,0,196,14106,15097.0,947,41114.0,38,7.0,1.0,1.8534587162499108,12.0
2024-11,infrasettimanale,notte,,11918.0,0,1078,442,280,0,442,0,356,200,0,0,116,1078,1064.0,276,12982.0,52,33.39999999999998,3.0,11.0556586270872,58.099999999999966
2024-11,infrasettimanale,pomeriggio,EC,2639.0,0,210,113,61,0,113,0,35,62,0,0,32,210,233.0,87,2872.0,7,43.0,6.0,12.626794258373206,52.19999999999999
2024-11,infrasettimanale,pomeriggio,EN,381.0,0,24,16,2,0,16,0,6,9,0,0,2,24,12.0,12,393.0,2,28.7,8.5,15.875,58.74999999999992
2024-11,infrasettimanale,pomeriggio,EXP,11.0,0,4,1,1,0,1,0,2,0,0,0,0,4,1.0,0,12.0,0,5.800000000000001,2.5,2.75,6.399999999999999
2024-11,infrasettimanale,pomeriggio,IC,4239.0,0,462,209,138,0,209,0,113,97,0,0,43,462,527.0,143,4766.0,11,27.100000000000023,4.0,9.215217391304348,46.04999999999997
2024-11,infrasettimanale,pomeriggio,ICN,12.0,0,14,3,10,0,3,0,1,2,0,0,0,14,36.0,2,48.0,0,15.800000000000017,-3.0,0.8571428571428571,20.35
2024-11,infrasettimanale,pomeriggio,IR,171.0,0,2,2,0,0,2,0,0,2,0,0,2,2,0.0,2,171.0,1,111.5,85.5,85.5,114.75
2024-11,infrasettimanale,pomeriggio,MET,1186.0,0,1106,136,412,0,136,0,545,17,0,0,1,1106,734.0,35,1920.0,0,5.0,0.0,1.0850869167429094,7.0
2024-11,infrasettimanale,pomeriggio,REG,108360.0,0,41195,8556,13458,0,8556,0,18410,1901,0,0,670,41195,34445.0,3253,142805.0,155,8.0,1.0,2.680585790619434,14.0
2024-11,infrasettimanale,pomeriggio,,31694.0,0,2742,1532,496,0,1532,0,694,714,0,0,342,2742,1704.0,1016,33398.0,66,35.0,6.0,11.64364437913299,47.0
2024-11,infrasettimanale,sera,EC,1633.0,0,123,76,19,0,76,0,24,38,0,0,15,123,44.0,55,1677.0,4,35.60000000000001,8.0,13.722689075630251,47.599999999999966
2024-11,infrasettimanale,sera,EN,393.0,0,5,3,2,0,3,0,0,3,0,0,2,5,16.0,3,409.0,2,213.2,19.0,78.6,249.6
2024-11,infrasettimanale,sera,IC,4399.0,0,308,142,103,0,142,0,63,76,0,0,43,308,466.0,102,4865.0,25,44.30000000000001,3.0,14.282467532467532,75.64999999999998
2024-11,infrasettimanale,sera,ICN,1128.0,0,167,62,67,0,62,0,38,26,0,0,16,167,509.0,35,1637.0,9,27.400000000000006,2.0,6.754491017964072,59.79999999999984
2024-11,infrasettimanale,sera,MET,1079.0,0,1053,108,397,0,108,0,538,20,0,0,3,1053,784.0,44,1863.0,0,5.0,1.0,1.0345158197507192,8.0
2024-11,infrasettimanale,sera,REG,100135.0,0,33669,7716,11780,0,7716,0,13872,1983,0,0,719,33669,31738.0,3350,131873.0,179,10.0,1.0,3.000929033804843,17.0
2024-11,infrasettimanale,sera,,4696.0,0,1078,416,388,0,416,0,268,110,0,0,38,1078,1546.0,208,6242.0,6,15.0,2.0,4.380597014925373,22.25
2024-11,infrasettimanale,tarda_mattina,EC,2138.0,0,195,98,58,0,98,0,37,46,0,0,23,195,215.0,67,2353.0,4,33.80000000000001,5.0,11.077720207253886,42.19999999999981
2024-11,infrasettimanale,tarda_mattina,EXP,38.0,0,4,4,0,0,4,0,0,1,0,0,0,4,0.0,1,38.0,0,12.900000000000002,8.0,9.5,13.949999999999998
2024-11,infrasettimanale,tarda_mattina,IC,3521.0,0,428,163,165,0,163,0,91,81,0,0,40,428,1051.0,118,4572.0,15,29.0,2.0,8.403341288782816,53.099999999999966
2024-11,infrasettimanale,tarda_mattina,ICN,-13.0,0,40,4,29,0,4,0,7,4,0,0,4,40,258.0,4,245.0,2,6.700000000000038,-4.0,-0.325,52.149999999999935
2024-11,infrasettimanale,tarda_mattina,MET,289.0,0,1273,89,621,0,89,0,503,15,0,0,3,1273,1291.0,28,1580.0,0,3.0,-1.0,0.2382522671063479,6.0
2024-11,infrasettimanale,tarda_mattina,NCL,-64.0,0,1,0,1,0,0,0,0,0,0,0,0,1,64.0,0,0.0,0,-64.0,-64.0,-64.0,-64.0
2024-11,infrasettimanale,tarda_mattina,REG,61846.0,0,42052,6271,16513,0,6271,0,18187,1277,0,0,381,42052,42760.0,2240,104606.0,75,6.0,1.0,1.509506724268385,10.0
2024-11,infrasettimanale,tarda_mattina,,35596.0,0,2792,1400,582,0,1400,0,786,726,0,0,398,2792,2068.0,954,37664.0,122,39.0,5.0,12.859826589595375,55.84999999999991
2024-11,weekend,mattina,EC,99.0,0,37,12,20,0,12,0,5,4,0,0,1,37,102.0,9,201.0,1,15.999999999999991,-2.0,2.675675675675676,20.0
2024-11,weekend,mattina,EN,-1.0,0,4,1,3,0,1,0,0,1,0,0,0,4,21.0,1,20.0,0,13.100000000000003,-6.0,-0.25,16.54999999999999
2024-11,weekend,mattina,EXP,-18.0,0,3,0,2,0,0,0,1,0,0,0,0,3,21.0,0,3.0,0,1.2000000000000002,-6.0,-6.0,2.1
2024-11,weekend,mattina,IC,1317.0,0,228,77,76,0,77,0,75,31,0,0,15,228,445.0,49,1762.0,4,18.60000000000002,2.0,5.776315789473684,38.59999999999991
2024-11,weekend,mattina,ICN,10.0,0,2,1,1,0,1,0,0,1,0,0,1,2,30.0,1,40.0,0,33.0,5.0,5.0,36.5
2024-11,weekend,mattina,MET,-27.0,0,352,14,166,0,14,0,145,3,0,0,0,352,355.0,7,328.0,0,2.6000000000000227,-1.0,-0.083076923076923,4.0
2024-11,weekend,mattina,REG,17334.0,0,10226,1713,3923,0,1713,0,4196,373,0,0,126,10226,10483.0,624,27817.0,29,7.0,1.0,1.763018714401953,11.0
2024-11,weekend,mattina,,8530.0,0,1098,438,378,0,438,0,272,202,0,0,86,1098,1726.0,282,10256.0,32,26.0,3.0,7.8400735294117645,43.85000000000002
2024-11,weekend,notte,EN,92.0,0,13,5,7,0,5,0,1,3,0,0,2,13,86.0,3,178.0,1,29.000000000000007,-2.0,7.076923076923077,61.79999999999989
2024-11,weekend,notte,IC,770.0,0,122,38,54,0,38,0,29,20,0,0,16,122,356.0,26,1126.0,4,35.0,0.0,6.363636363636363,56.0
2024-11,weekend,notte,ICN,-160.0,0,10,0,10,0,0,0,0,0,0,0,0,10,160.0,0,0.0,0,-3.8000000000000007,-15.0,-16.0,-2.900000000000002
2024-11,weekend,notte,MET,47.0,0,120,6,67,0,6,0,43,2,0,0,1,120,152.0,3,199.0,1,2.5,-1.0,0.4051724137931034,4.25
2024-11,weekend,notte,NCL,155.0,0,2,2,0,0,2,0,0,2,0,0,2,2,0.0,2,155.0,2,80.3,77.5,77.5,80.65
2024-11,weekend,notte,REG,6665.0,0,4460,666,1839,0,666,0,1791,168,0,0,58,4460,5174.0,273,11839.0,13,6.0,0.0,1.5514432029795158,12.0
2024-11,weekend,notte,,1960.0,0,372,136,114,0,136,0,120,42,0,0,22,372,492.0,68,2452.0,6,17.19999999999999,2.0,5.297297297297297,30.0
2024-11,weekend,pomeriggio,EC,569.0,0,78,35,28,0,35,0,15,15,0,0,7,78,95.0,24,664.0,1,23.499999999999982,4.0,7.294871794871795,34.14999999999999
2024-11,weekend,pomeriggio,EN,158.0,0,10,5,2,0,5,0,3,3,0,0,2,10,28.0,5,186.0,2,62.6,7.5,15.8,69.79999999999998
2024-11,weekend,pomeriggio,EXP,58.0,0,9,2,2,0,2,0,5,1,0,0,1,9,10.0,1,68.0,0,13.800000000000008,3.0,6.444444444444445,31.399999999999984
2024-11,weekend,pomeriggio,IC,1533.0,0,182,88,56,0,88,0,37,40,0,0,17,182,256.0,60,1789.0,3,26.0,4.0,8.469613259668508,37.0
2024-11,weekend,pomeriggio,ICN,135.0,0,7,1,5,0,1,0,1,1,0,0,1,7,22.0,1,157.0,1,63.400000000000055,-3.0,19.285714285714285,108.69999999999989
2024-11,weekend,pomeriggio,IR,138.0,0,1,1,0,0,1,0,0,1,0,0,1,1,0.0,1,138.0,1,138.0,138.0,138.0,138.0
2024-11,weekend,pomeriggio,MET,223.0,0,437,33,198,0,33,0,175,6,0,0,0,437,367.0,15,590.0,0,3.0,0.0,0.5492610837438424,8.0
2024-11,weekend,pomeriggio,REG,18165.0,0,12522,1906,4834,0,1906,0,5271,404,0,0,111,12522,13120.0,714,31285.0,25,6.0,1.0,1.5123636666389144,11.0
2024-11,weekend,pomeriggio,,5472.0,0,966,358,358,0,358,0,250,150,0,0,58,966,1464.0,232,6936.0,8,21.0,2.0,5.6645962732919255,32.89999999999998
2024-11,weekend,sera,EC,413.0,0,48,22,16,0,22,0,10,15,0,0,2,48,44.0,17,457.0,1,21.200000000000017,3.0,8.604166666666666,25.95
2024-11,weekend,sera,EN,-10.0,0,4,1,3,0,1,0,0,0,0,0,0,4,15.0,0,5.0,0,2.900000000000001,-3.5,-2.5,3.9499999999999975
2024-11,weekend,sera,EXP,-3.0,0,1,0,1,0,0,0,0,0,0,0,0,1,3.0,0,0.0,0,-3.0,-3.0,-3.0,-3.0
2024-11,weekend,sera,IC,1301.0,0,133,58,47,0,58,0,27,28,0,0,12,133,247.0,40,1548.0,6,26.0,2.0,9.856060606060606,48.84999999999985
2024-11,weekend,sera,ICN,209.0,0,84,22,48,0,22,0,14,10,0,0,7,84,389.0,15,598.0,4,19.200000000000017,-3.0,2.488095238095238,48.24999999999997
2024-11,weekend,sera,IR,10.0,0,1,1,0,0,1,0,0,0,0,0,0,1,0.0,1,10.0,0,10.0,10.0,10.0,10.0
2024-11,weekend,sera,MET,196.0,0,368,26,161,0,26,0,163,8,0,0,2,368,364.0,14,560.0,0,4.0,0.0,0.56,6.0
2024-11,weekend,sera,REG,17488.0,0,10300,1746,4015,0,1746,0,4169,386,0,0,121,10300,10992.0,713,28480.0,24,7.0,1.0,1.761127895266868,12.0
2024-11,weekend,sera,,766.0,0,390,122,186,0,122,0,80,32,0,0,10,390,944.0,60,1710.0,0,13.700000000000017,0.0,1.974226804123712,20.349999999999994
2024-11,weekend,tarda_mattina,EC,1323.0,0,109,49,38,0,49,0,21,29,0,0,14,109,154.0,37,1477.0,6,35.3,4.0,12.25,63.7999999999999
2024-11,weekend,tarda_mattina,EXP,224.0,0,5,3,0,0,3,0,2,1,0,0,1,5,0.0,1,224.0,1,123.60000000000002,9.0,44.8,161.79999999999995
2024-11,weekend,tarda_mattina,IC,708.0,0,223,70,114,0,70,0,38,31,0,0,15,223,701.0,44,1409.0,3,22.0,-1.0,3.189189189189189,33.0
2024-11,weekend,tarda_mattina,ICN,-112.0,0,17,0,14,0,0,0,3,0,0,0,0,17,114.0,0,2.0,0,0.4000000000000003,-5.0,-6.588235294117647,1.0
2024-11,weekend,tarda_mattina,IR,-4.0,0,1,0,1,0,0,0,0,0,0,0,0,1,4.0,0,0.0,0,-4.0,-4.0,-4.0,-4.0
2024-11,weekend,tarda_mattina,MET,-48.0,0,503,27,277,0,27,0,178,5,0,0,3,503,635.0,13,587.0,1,3.0,-1.0,-0.0995850622406639,5.0
2024-11,weekend,tarda_mattina,REG,14377.0,0,13644,1666,5895,0,1666,0,5626,351,0,0,123,13644,15820.0,627,30197.0,36,5.0,0.0,1.0902403882611662,9.0
2024-11,weekend,tarda_mattina,,7474.0,0,950,372,328,0,372,0,250,192,0,0,80,950,1350.0,264,8824.0,34,26.600000000000023,3.0,7.867368421052632,42.59999999999991
2024-12,infrasettimanale,mattina,EC,528.0,0,119,33,54,0,33,0,31,18,0,0,8,119,244.0,21,772.0,2,22.599999999999994,0.0,4.47457627118644,31.299999999999983
2024-12,infrasettimanale,mattina,EN,139.0,0,6,5,0,0,5,0,1,4,0,0,1,6,0.0,5,139.0,0,42.0,20.0,23.166666666666668,50.0
2024-12,infrasettimanale,mattina,IC,4066.0,0,558,229,166,0,229,0,161,91,0,0,46,558,803.0,133,4869.0,12,23.0,3.0,7.31294964028777,45.5
2024-12,infrasettimanale,mattina,ICN,108.0,0,2,1,1,0,1,0,0,1,0,0,1,2,17.0,1,125.0,1,110.8,54.0,54.0,117.9
2024-12,infrasettimanale,mattina,IR,-6.0,0,1,0,1,0,0,0,0,0,0,0,0,1,6.0,0,0.0,0,-6.0,-6.0,-6.0,-6.0
2024-12,infrasettimanale,mattina,MET,821.0,0,859,105,347,0,105,0,393,15,0,0,2,859,770.0,33,1591.0,0,5.0,0.0,0.9715976331360948,8.799999999999955
2024-12,infrasettimanale,mattina,NCL,50.0,0,2,1,0,0,1,0,1,1,0,0,1,2,0.0,1,50.0,0,44.2,25.0,25.0,46.6
2024-12,infrasettimanale,mattina,REG,78599.0,0,32066,6635,10480,0,6635,0,14638,1329,0,0,415,32066,26370.0,2440,104969.0,80,8.0,1.0,2.475325166126036,13.0
2024-12,infrasettimanale,mattina,,26342.0,0,3020,1416,692,0,1416,0,912,612,0,0,264,3020,2518.0,890,28860.0,52,26.0,4.0,8.72251655629139,40.0
2024-12,infrasettimanale,notte,EC,-21.0,0,12,1,10,0,1,0,1,1,0,0,0,12,51.0,1,30.0,0,2.6000000000000014,-5.0,-1.75,13.799999999999985
2024-12,infrasettimanale,notte,EN,578.0,0,32,14,16,0,14,0,2,13,0,0,10,32,166.0,14,744.0,5,69.80000000000001,-0.5,18.0625,86.14999999999998
2024-12,infrasettimanale,notte,IC,2219.0,0,237,95,81,0,95,0,60,56,0,0,33,237,459.0,71,2678.0,12,33.5,2.0,9.402542372881356,55.0
2024-12,infrasettimanale,notte,ICN,123.0,0,41,15,24,0,15,0,2,6,0,0,3,41,286.0,9,409.0,2,15.0,-3.0,3.0,55.0
2024-12,infrasettimanale,notte,MET,-337.0,0,313,4,199,0,4,0,109,0,0,0,0,313,487.0,0,150.0,0,2.0,-1.0,-1.080128205128205,2.4499999999999886
2024-12,infrasettimanale,notte,NCL,-40.0,0,2,0,2,0,0,0,0,0,0,0,0,2,40.0,0,0.0,0,-19.2,-20.0,-20.0,-19.1
2024-12,infrasettimanale,notte,REG,20321.0,0,13834,2062,5732,0,2062,0,5946,429,0,0,158,13834,14980.0,743,35301.0,32,6.0,0.0,1.478966521106259,10.0
2024-12,infrasettimanale,notte,,7326.0,0,1008,378,286,0,378,0,342,152,0,0,68,1008,1018.0,224,8344.0,20,22.80000000000001,3.0,7.282306163021869,34.0
2024-12,infrasettimanale,pomeriggio,EC,1782.0,0,216,97,75,0,97,0,43,32,0,0,15,216,306.0,57,2088.0,5,23.599999999999994,3.0,8.288372093023256,35.0
2024-12,infrasettimanale,pomeriggio,EN,119.0,0,21,8,5,0,8,0,8,5,0,0,0,21,45.0,5,164.0,0,22.0,4.0,5.666666666666667,23.0
2024-12,infrasettimanale,pomeriggio,EXP,3.0,0,1,0,0,0,0,0,1,0,0,0,0,1,0.0,0,3.0,0,3.0,3.0,3.0,3.0
2024-12,infrasettimanale,pomeriggio,IC,3318.0,0,471,195,151,0,195,0,118,85,0,0,32,471,680.0,135,3998.0,8,21.0,3.0,7.150862068965517,39.0
2024-12,infrasettimanale,pomeriggio,ICN,243.0,0,20,8,8,0,8,0,4,4,0,0,3,20,35.0,5,278.0,2,52.10000000000001,3.0,12.15,64.15000000000003
2024-12,infrasettimanale,pomeriggio,IR,2.0,0,1,0,0,0,0,0,1,0,0,0,0,1,0.0,0,2.0,0,2.0,2.0,2.0,2.0
2024-12,infrasettimanale,pomeriggio,MET,698.0,0,1089,92,506,0,92,0,485,20,0,0,6,1089,1025.0,38,1723.0,1,4.0,0.0,0.644506001846722,7.0
2024-12,infrasettimanale,pomeriggio,NCL,132.0,0,1,1,0,0,1,0,0,1,0,0,1,1,0.0,1,132.0,1,132.0,132.0,132.0,132.0
2024-12,infrasettimanale,pomeriggio,REG,85977.0,0,39371,7370,13878,0,7370,0,17727,1506,0,0,514,39371,34845.0,2690,120822.0,108,7.0,1.0,2.205952533675433,12.0
2024-12,infrasettimanale,pomeriggio,,20220.0,0,2682,1196,724,0,1196,0,760,450,0,0,154,2682,2600.0,706,22820.0,60,22.0,3.0,7.544776119402985,32.049999999999955
2024-12,infrasettimanale,sera,EC,810.0,0,126,45,52,0,45,0,27,22,0,0,9,126,184.0,35,994.0,4,18.700000000000003,1.5,6.532258064516129,33.69999999999999
2024-12,infrasettimanale,sera,EN,70.0,0,7,5,1,0,5,0,1,2,0,0,0,7,16.0,4,86.0,0,24.800000000000004,13.0,10.0,26.899999999999995
2024-12,infrasettimanale,sera,EXP,0.0,0,1,0,0,0,0,0,0,0,0,0,0,1,0.0,0,0.0,0,0.0,0.0,0.0,0.0
2024-12,infrasettimanale,sera,IC,2699.0,0,263,116,97,0,116,0,48,57,0,0,27,263,447.0,78,3146.0,10,30.0,3.0,10.340996168582375,52.0
2024-12,infrasettimanale,sera,ICN,829.0,0,207,61,96,0,61,0,50,29,0,0,20,207,745.0,39,1574.0,7,24.200000000000045,1.0,4.004830917874396,42.69999999999999
2024-12,infrasettimanale,sera,IR,29.0,0,1,1,0,0,1,0,0,1,0,0,0,1,0.0,1,29.0,0,29.0,29.0,29.0,29.0
2024-12,infrasettimanale,sera,MET,402.0,0,984,74,453,0,74,0,444,11,0,0,4,984,975.0,25,1377.0,0,4.0,0.0,0.4140061791967044,6.0
2024-12,infrasettimanale,sera,REG,71183.0,0,32224,6336,12164,0,6336,0,13343,1466,0,0,496,32224,32566.0,2577,103749.0,97,8.0,1.0,2.2354363596394813,13.0
2024-12,infrasettimanale,sera,,4698.0,0,1128,358,456,0,358,0,312,124,0,0,42,1128,1980.0,222,6678.0,10,17.0,1.0,4.172291296625222,24.899999999999977
2024-12,infrasettimanale,tarda_mattina,EC,1482.0,0,230,92,80,0,92,0,57,44,0,0,17,230,369.0,64,1851.0,2,22.200000000000017,2.0,6.471615720524017,38.0
2024-12,infrasettimanale,tarda_mattina,EXP,-2.0,0,1,0,1,0,0,0,0,0,0,0,0,1,2.0,0,0.0,0,-2.0,-2.0,-2.0,-2.0
2024-12,infrasettimanale,tarda_mattina,IC,3071.0,0,446,169,176,0,169,0,97,83,0,0,39,446,1075.0,108,4146.0,16,24.0,2.0,6.947963800904978,39.849999999999966
2024-12,infrasettimanale,tarda_mattina,ICN,63.0,0,45,6,31,0,6,0,8,4,0,0,3,45,240.0,5,303.0,2,8.000000000000007,-3.0,1.4,28.399999999999963
2024-12,infrasettimanale,tarda_mattina,MET,-174.0,0,1221,69,650,0,69,0,490,9,0,0,1,1221,1431.0,22,1257.0,1,3.0,-1.0,-0.1439205955334987,5.0
2024-12,infrasettimanale,tarda_mattina,REG,50479.0,0,39948,5429,16417,0,5429,0,17780,1086,0,0,319,39948,41023.0,1894,91502.0,58,6.0,0.0,1.2738858325341946,9.0
2024-12,infrasettimanale,tarda_mattina,,23562.0,0,2734,1120,768,0,1120,0,846,516,0,0,234,2734,2778.0,682,26340.0,80,26.0,3.0,8.618141916605706,42.0
2024-12,weekend,mattina,EC,175.0,0,50,13,26,0,13,0,10,6,0,0,3,50,122.0,9,297.0,1,18.40000000000002,-1.0,3.571428571428572,33.19999999999993
2024-12,weekend,mattina,EXP,19.0,0,3,1,1,0,1,0,0,1,0,0,0,3,8.0,1,27.0,0,23.5,9.5,9.5,25.25
2024-12,weekend,mattina,IC,2313.0,0,247,93,88,0,93,0,65,37,0,0,20,247,460.0,58,2773.0,9,22.5,2.0,9.402439024390244,46.25
2024-12,weekend,mattina,ICN,-90.0,0,4,0,4,0,0,0,0,0,0,0,0,4,90.0,0,0.0,0,-12.799999999999995,-26.0,-22.5,-10.400000000000006
2024-12,weekend,mattina,MET,-125.0,0,354,8,185,0,8,0,159,3,0,0,0,354,412.0,3,287.0,0,2.0,-1.0,-0.3551136363636363,3.0
2024-12,weekend,mattina,NCL,10.0,0,2,1,1,0,1,0,0,1,0,0,0,2,9.0,1,19.0,0,16.2,5.0,5.0,17.599999999999998
2024-12,weekend,mattina,REG,16417.0,0,9944,1532,3906,0,1532,0,4404,330,0,0,116,9944,10236.0,557,26653.0,35,6.0,1.0,1.6680552733184313,10.0
2024-12,weekend,mattina,,12982.0,0,1262,558,370,0,558,0,334,282,0,0,146,1262,1436.0,378,14418.0,42,32.0,3.0,10.286846275752774,51.0
2024-12,weekend,notte,EC,40.0,0,6,1,1,0,1,0,3,1,0,0,1,6,4.0,1,44.0,0,24.399999999999995,1.0,8.0,31.2
2024-12,weekend,notte,EN,-43.0,0,16,3,10,0,3,0,2,2,0,0,2,16,168.0,2,125.0,1,22.0,-3.0,-2.8666666666666667,46.99999999999994
2024-12,weekend,notte,EXP,0.0,0,1,0,0,0,0,0,0,0,0,0,0,1,0.0,0,0.0,0,0.0,0.0,0.0,0.0
2024-12,weekend,notte,IC,655.0,0,104,25,60,0,25,0,19,11,0,0,7,104,338.0,14,993.0,4,14.700000000000005,-2.0,6.298076923076923,49.29999999999991
2024-12,weekend,notte,ICN,-104.0,0,16,2,11,0,2,0,3,2,0,0,0,16,148.0,2,44.0,0,10.0,-3.5,-6.5,18.5
2024-12,weekend,notte,MET,-149.0,0,130,2,85,0,2,0,41,0,0,0,0,130,199.0,0,50.0,0,1.2999999999999972,-1.0,-1.1640625,2.0
2024-12,weekend,notte,NCL,-43.0,0,6,4,2,0,4,0,0,1,0,0,0,6,96.0,3,53.0,0,16.5,10.0,-7.166666666666667,18.25
2024-12,weekend,notte,REG,6292.0,0,4301,647,1837,0,647,0,1799,150,0,0,49,4301,5022.0,268,11314.0,17,6.0,0.0,1.4690637403689002,11.0
2024-12,weekend,notte,,4486.0,0,372,152,134,0,152,0,84,94,0,0,48,372,570.0,116,5056.0,24,38.6,2.0,12.124324324324323,62.599999999999966
2024-12,weekend,pomeriggio,EC,748.0,0,89,33,30,0,33,0,26,21,0,0,8,89,107.0,26,855.0,3,27.200000000000003,2.0,8.404494382022472,40.39999999999998
2024-12,weekend,pomeriggio,EN,135.0,0,14,6,4,0,6,0,3,3,0,0,3,14,68.0,4,203.0,1,41.40000000000001,4.0,10.384615384615383,60.399999999999935
2024-12,weekend,pomeriggio,EXP,46.0,0,3,2,0,0,2,0,0,1,0,0,1,3,0.0,1,46.0,0,37.4,23.0,23.0,39.2
2024-12,weekend,pomeriggio,IC,1612.0,0,211,74,90,0,74,0,45,32,0,0,14,211,409.0,52,2021.0,6,19.200000000000017,1.0,7.712918660287081,35.79999999999998
2024-12,weekend,pomeriggio,ICN,81.0,0,7,3,4,0,3,0,0,1,0,0,1,7,13.0,1,94.0,1,36.40000000000003,-2.0,11.571428571428571,57.699999999999946
2024-12,weekend,pomeriggio,IR,109.0,0,1,1,0,0,1,0,0,1,0,0,1,1,0.0,1,109.0,1,109.0,109.0,109.0,109.0
2024-12,weekend,pomeriggio,MET,167.0,0,432,31,213,0,31,0,187,8,0,0,2,432,443.0,14,610.0,0,3.0,0.0,0.3874709976798144,5.0
2024-12,weekend,pomeriggio,REG,18454.0,0,12420,1881,4933,0,1881,0,5546,360,0,0,123,12420,13092.0,684,31546.0,22,6.0,0.0,1.493042071197411,10.0
2024-12,weekend,pomeriggio,,8702.0,0,1172,492,338,0,492,0,342,214,0,0,92,1172,1278.0,306,9980.0,18,25.5,3.0,7.424914675767918,36.0
2024-12,weekend,sera,EC,197.0,0,57,17,28,0,17,0,12,6,0,0,1,57,83.0,11,280.0,1,14.4,0.0,3.456140350877193,19.2
2024-12,weekend,sera,EXP,10.0,0,2,1,0,0,1,0,0,0,0,0,0,2,0.0,1,10.0,0,10.0,10.0,10.0,10.0
2024-12,weekend,sera,IC,1226.0,0,114,41,44,0,41,0,28,16,0,0,12,114,255.0,27,1481.0,5,28.799999999999983,1.0,10.849557522123892,57.19999999999997
2024-12,weekend,sera,ICN,157.0,0,106,25,55,0,25,0,26,8,0,0,5,106,358.0,14,515.0,1,13.0,-1.0,1.481132075471698,25.25
2024-12,weekend,sera,IR,57.0,0,2,1,1,0,1,0,0,1,0,0,1,2,4.0,1,61.0,1,54.5,28.5,28.5,57.75
2024-12,weekend,sera,MET,39.0,0,391,15,180,0,15,0,195,4,0,0,0,391,377.0,7,416.0,0,3.0,0.0,0.1,4.0
2024-12,weekend,sera,REG,16165.0,0,10479,1723,4230,0,1723,0,4483,366,0,0,86,10479,11405.0,676,27570.0,18,7.0,0.0,1.548965120735914,12.0
2024-12,weekend,sera,,1950.0,0,458,152,194,0,152,0,112,54,0,0,30,458,866.0,90,2816.0,2,17.400000000000034,1.0,4.25764192139738,34.0
2024-12,weekend,tarda_mattina,EC,1088.0,0,135,61,48,0,61,0,26,25,0,0,13,135,182.0,39,1270.0,3,24.60000000000001,4.0,8.059259259259258,44.3
2024-12,weekend,tarda_mattina,EXP,47.0,0,1,1,0,0,1,0,0,1,0,0,1,1,0.0,1,47.0,0,47.0,47.0,47.0,47.0
2024-12,weekend,tarda_mattina,IC,1179.0,0,220,70,108,0,70,0,41,27,0,0,14,220,568.0,40,1747.0,9,17.200000000000017,0.0,5.383561643835616,44.599999999999966
2024-12,weekend,tarda_mattina,ICN,-3.0,0,21,3,12,0,3,0,6,2,0,0,1,21,169.0,2,166.0,1,5.0,-4.0,-0.1428571428571428,15.0
2024-12,weekend,tarda_mattina,MET,169.0,0,522,46,281,0,46,0,192,13,0,0,2,522,624.0,20,793.0,1,4.0,-1.0,0.325626204238921,8.0
2024-12,weekend,tarda_mattina,REG,12574.0,0,13496,1627,6002,0,1627,0,5785,331,0,0,112,13496,15829.0,566,28403.0,20,5.0,0.0,0.9373788579096464,8.0
2024-12,weekend,tarda_mattina,,10810.0,0,1126,456,356,0,456,0,314,232,0,0,148,1126,1258.0,316,12068.0,42,35.0,3.0,9.600355239786856,48.89999999999998
2025-01,infrasettimanale,mattina,EC,216.0,0,151,35,59,0,35,0,46,11,0,0,2,151,297.0,18,513.0,0,11.200000000000015,1.0,1.542857142857143,17.0
2025-01,infrasettimanale,mattina,IC,4894.0,0,601,243,155,0,243,0,202,92,0,0,49,601,613.0,146,5507.0,18,25.100000000000023,3.0,8.156666666666666,49.0
2025-01,infrasettimanale,mattina,ICN,-21.0,0,1,0,1,0,0,0,0,0,0,0,0,1,21.0,0,0.0,0,-21.0,-21.0,-21.0,-21.0
2025-01,infrasettimanale,mattina,MET,1045.0,0,961,108,400,0,108,0,439,23,0,0,7,961,863.0,38,1908.0,1,5.0,0.0,1.1034846884899685,8.0
2025-01,infrasettimanale,mattina,NCL,170.0,0,2,2,0,0,2,0,0,1,0,0,1,2,0.0,1,170.0,1,146.6,85.0,85.0,154.29999999999998
2025-01,infrasettimanale,mattina,REG,64676.0,0,35902,6183,12950,0,6183,0,16259,1124,0,0,355,35902,33618.0,2159,98294.0,67,7.0,1.0,1.8274186256781195,11.0
2025-01,infrasettimanale,mattina,,27759.0,0,3316,1447,875,0,1447,0,986,651,0,0,309,3316,3587.0,878,31346.0,66,27.51145958986731,3.0,8.391474318940762,43.633594692400486
2025-01,infrasettimanale,notte,EC,6.0,0,22,5,13,0,5,0,2,1,0,0,0,22,43.0,2,49.0,0,8.200000000000003,-2.0,0.3,10.400000000000006
2025-01,infrasettimanale,notte,EN,877.0,0,42,16,20,0,16,0,5,16,0,0,11,42,163.0,16,1040.0,6,95.0,1.0,21.390243902439025,125.0
2025-01,infrasettimanale,notte,IC,2036.0,0,274,114,99,0,114,0,60,42,0,0,21,274,576.0,63,2612.0,9,19.80000000000001,3.0,7.457875457875458,45.79999999999984
2025-01,infrasettimanale,notte,ICN,67.0,0,48,9,28,0,9,0,11,7,0,0,2,48,208.0,8,275.0,1,17.60000000000001,-3.0,1.3958333333333333,21.0
2025-01,infrasettimanale,notte,MET,-154.0,0,353,15,209,0,15,0,124,6,0,0,0,353,532.0,7,378.0,0,3.0,-1.0,-0.4425287356321839,4.0
2025-01,infrasettimanale,notte,REG,17035.0,0,15166,1929,6582,0,1929,0,6516,419,0,0,149,15166,17591.0,684,34626.0,32,5.0,0.0,1.1336261396153589,9.0
2025-01,infrasettimanale,notte,,7081.0,0,1159,369,393,0,369,0,393,155,0,0,76,1159,1528.0,210,8609.0,28,18.0,2.0,6.130741419172161,34.83019844693704
2025-01,infrasettimanale,pomeriggio,EC,1390.0,0,241,80,94,0,80,0,65,30,0,0,13,241,348.0,48,1738.0,5,19.0,1.0,5.815899581589958,32.099999999999994
2025-01,infrasettimanale,pomeriggio,EN,511.0,0,41,20,9,0,20,0,11,15,0,0,5,41,80.0,17,591.0,3,30.900000000000013,4.0,12.774999999999999,62.649999999999956
2025-01,infrasettimanale,pomeriggio,EXP,80.0,0,1,1,0,0,1,0,0,1,0,0,1,1,0.0,1,80.0,1,80.0,80.0,80.0,80.0
2025-01,infrasettimanale,pomeriggio,IC,5122.0,0,536,202,192,0,202,0,128,93,0,0,57,536,665.0,129,5787.0,22,30.0,3.0,9.812260536398467,48.0
2025-01,infrasettimanale,pomeriggio,ICN,488.0,0,58,14,31,0,14,0,13,5,0,0,2,58,100.0,5,588.0,1,9.0,-1.0,8.413793103448276,19.15
2025-01,infrasettimanale,pomeriggio,MET,-107.0,0,1164,59,623,0,59,0,467,13,0,0,3,1164,1350.0,21,1243.0,0,3.0,-1.0,-0.093124456048738,5.0
2025-01,infrasettimanale,pomeriggio,NCL,-171.0,0,6,0,3,0,0,0,0,0,0,0,0,6,171.0,0,0.0,0,-42.2,-67.0,-57.0,-39.1
2025-01,infrasettimanale,pomeriggio,REG,71746.0,0,43150,6750,16031,0,6750,0,19836,1270,0,0,427,43150,40454.0,2243,112200.0,99,6.0,1.0,1.6835065818804702,10.0
2025-01,infrasettimanale,pomeriggio,,28052.0,0,3072,1344,786,0,1344,0,942,589,0,0,284,3072,3174.0,834,31226.0,90,28.0,3.4886067708333335,9.131510416666666,46.23291015625
2025-01,infrasettimanale,sera,EC,865.0,0,133,46,51,0,46,0,31,15,0,0,10,133,158.0,26,1023.0,5,19.499999999999982,2.0,6.7578125,37.84999999999992
2025-01,infrasettimanale,sera,IC,3402.0,0,275,131,66,0,131,0,71,57,0,0,26,275,232.0,83,3634.0,9,29.0,4.0,12.694029850746269,43.64999999999998
2025-01,infrasettimanale,sera,ICN,1413.0,0,242,67,116,0,67,0,59,32,0,0,19,242,819.0,43,2232.0,9,19.0,1.0,5.838842975206612,48.0
2025-01,infrasettimanale,sera,MET,-110.0,0,1080,51,543,0,51,0,483,11,0,0,3,1080,1326.0,18,1216.0,2,2.3999999999999773,-1.0,-0.1021355617455896,4.0
2025-01,infrasettimanale,sera,REG,65567.0,0,35413,6110,13856,0,6110,0,15050,1321,0,0,469,35413,37757.0,2279,103324.0,113,7.0,1.0,1.8724868631482752,12.0
2025-01,infrasettimanale,sera,,6723.0,0,1272,446,480,0,446,0,342,180,0,0,86,1272,2347.0,259,9070.0,16,19.488993710691823,2.0,5.302060196143259,34.53789308176096
2025-01,infrasettimanale,tarda_mattina,EC,1386.0,0,274,89,131,0,89,0,51,41,0,0,18,274,606.0,55,1992.0,7,21.0,0.0,5.114391143911439,37.0
2025-01,infrasettimanale,tarda_mattina,IC,4302.0,0,604,211,231,0,211,0,152,88,0,0,53,604,1100.0,127,5402.0,22,24.0,1.0,7.242424242424242,49.35000000000002
2025-01,infrasettimanale,tarda_mattina,ICN,-70.0,0,47,5,36,0,5,0,6,3,0,0,2,47,283.0,4,213.0,1,5.599999999999993,-4.0,-1.4893617021276595,22.19999999999993
2025-01,infrasettimanale,tarda_mattina,MET,-201.0,0,1326,76,719,0,76,0,520,16,0,0,4,1326,1714.0,31,1513.0,1,3.0,-1.0,-0.1528517110266159,5.0
2025-01,infrasettimanale,tarda_mattina,NCL,2.0,0,7,1,1,0,1,0,1,0,0,0,0,7,7.0,0,9.0,0,7.2,0.0,0.6666666666666666,8.1
2025-01,infrasettimanale,tarda_mattina,REG,42497.0,0,43731,5215,18721,0,5215,0,19332,1000,0,0,292,43731,47472.0,1784,89969.0,60,5.0,0.0,0.982180826476842,8.0
2025-01,infrasettimanale,tarda_mattina,,22855.0,0,2947,1117,895,0,1117,0,929,470,0,0,228,2947,3468.0,674,26323.0,74,24.48829317950458,3.0,7.771174057431639,37.897658635900896
2025-01,weekend,mattina,EC,56.0,0,46,6,23,0,6,0,14,3,0,0,2,46,113.0,3,169.0,1,5.800000000000004,-1.0,1.302325581395349,14.399999999999991
2025-01,weekend,mattina,EXP,38.0,0,1,1,0,0,1,0,0,1,0,0,1,1,0.0,1,38.0,0,38.0,38.0,38.0,38.0
2025-01,weekend,mattina,IC,1217.0,0,202,56,86,0,56,0,46,23,0,0,11,202,441.0,35,1658.0,6,17.0,0.0,6.473404255319149,34.30000000000001
2025-01,weekend,mattina,IR,4.0,0,1,0,0,0,0,0,1,0,0,0,0,1,0.0,0,4.0,0,4.0,4.0,4.0,4.0
2025-01,weekend,mattina,MET,-150.0,0,274,5,134,0,5,0,108,1,0,0,1,274,344.0,1,194.0,0,2.0,-1.0,-0.6072874493927125,3.0
2025-01,weekend,mattina,NCL,-4.0,0,1,0,1,0,0,0,0,0,0,0,0,1,4.0,0,0.0,0,-4.0,-4.0,-4.0,-4.0
2025-01,weekend,mattina,REG,8044.0,0,7735,962,3119,0,962,0,3085,182,0,0,69,7735,8496.0,322,16540.0,21,5.0,0.0,1.1225230253977114,9.0
2025-01,weekend,mattina,,8524.0,0,1049,388,348,0,388,0,242,150,0,0,85,1049,1589.0,223,10113.0,37,26.431458531935206,2.0,8.705644726593091,49.86730219256433
2025-01,weekend,notte,EC,-8.0,0,6,0,4,0,0,0,2,0,0,0,0,6,12.0,0,4.0,0,2.0,-1.0,-1.3333333333333333,3.0
2025-01,weekend,notte,EN,128.0,0,13,4,6,0,4,0,3,1,0,0,1,13,57.0,1,185.0,1,6.0,1.0,9.846153846153848,68.39999999999978
2025-01,weekend,notte,IC,367.0,0,80,24,41,0,24,0,12,11,0,0,6,80,244.0,13,611.0,3,23.80000000000001,-1.0,4.766233766233766,49.60000000000002
2025-01,weekend,notte,ICN,-60.0,0,15,2,11,0,2,0,2,1,0,0,1,15,139.0,1,79.0,1,4.399999999999998,-7.0,-4.0,24.89999999999993
2025-01,weekend,notte,MET,-65.0,0,87,1,46,0,1,0,31,0,0,0,0,87,109.0,0,44.0,0,2.0,-1.0,-0.8333333333333334,3.0
2025-01,weekend,notte,REG,3510.0,0,3228,367,1356,0,367,0,1252,110,0,0,40,3228,3813.0,162,7323.0,10,5.0,0.0,1.1798319327731093,10.0
2025-01,weekend,notte,,2452.0,0,306,84,113,0,84,0,86,39,0,0,29,306,533.0,49,2985.0,14,30.17058823529417,1.0,8.656038111574444,66.96029411764708
2025-01,weekend,pomeriggio,EC,425.0,0,74,26,33,0,26,0,11,9,0,0,7,74,133.0,17,558.0,3,26.500000000000007,0.0,6.071428571428571,38.69999999999996
2025-01,weekend,pomeriggio,EN,56.0,0,12,6,4,0,6,0,2,4,0,0,0,12,65.0,4,121.0,0,28.700000000000003,5.0,4.666666666666667,29.0
2025-01,weekend,pomeriggio,EXP,-40.0,0,3,1,1,0,1,0,1,1,0,0,0,3,67.0,1,27.0,0,21.0,1.0,-13.333333333333334,23.5
2025-01,weekend,pomeriggio,IC,1004.0,0,177,51,68,0,51,0,44,19,0,0,5,177,296.0,28,1300.0,3,19.80000000000001,1.0,6.159509202453987,25.80000000000001
2025-01,weekend,pomeriggio,ICN,52.0,0,6,1,4,0,1,0,1,1,0,0,1,6,14.0,1,66.0,1,33.0,-2.5,8.666666666666666,47.5
2025-01,weekend,pomeriggio,IR,8.0,0,2,1,1,0,1,0,0,0,0,0,0,2,1.0,0,9.0,0,8.0,4.0,4.0,8.5
2025-01,weekend,pomeriggio,MET,-189.0,0,338,13,182,0,13,0,109,4,0,0,1,338,469.0,6,280.0,0,2.0,-1.0,-0.6217105263157895,3.849999999999965
2025-01,weekend,pomeriggio,REG,10014.0,0,9708,1121,3891,0,1121,0,3920,260,0,0,98,9708,10721.0,394,20735.0,20,5.0,0.0,1.121137483206449,9.0
2025-01,weekend,pomeriggio,,4457.0,0,926,245,355,0,245,0,255,80,0,0,41,926,1434.0,128,5891.0,15,14.939740820734364,1.0,5.208355005505193,29.458909287257008
2025-01,weekend,sera,EC,196.0,0,46,15,22,0,15,0,8,7,0,0,2,46,81.0,10,277.0,0,24.400000000000006,0.0,4.355555555555555,29.0
2025-01,weekend,sera,IC,798.0,0,104,23,40,0,23,0,24,12,0,0,8,104,267.0,15,1065.0,5,19.800000000000043,0.0,9.172413793103448,84.0000000000001
2025-01,weekend,sera,ICN,283.0,0,73,17,45,0,17,0,11,9,0,0,6,73,289.0,12,572.0,3,21.399999999999977,-2.0,3.8767123287671232,45.19999999999989
2025-01,weekend,sera,IR,-2.0,0,2,0,1,0,0,0,1,0,0,0,0,2,3.0,0,1.0,0,0.6000000000000001,-1.0,-1.0,0.7999999999999998
2025-01,weekend,sera,MET,-111.0,0,292,17,133,0,17,0,111,2,0,0,0,292,412.0,8,301.0,0,3.0,-1.0,-0.425287356321839,6.0
2025-01,weekend,sera,REG,9730.0,0,7963,980,3285,0,980,0,2992,240,0,0,101,7963,8947.0,395,18677.0,31,6.0,0.0,1.3407744246934,10.0
2025-01,weekend,sera,,573.0,0,385,78,184,0,78,0,79,33,0,0,11,385,958.0,47,1531.0,3,15.020259740259748,-1.0,1.6755296814596008,25.19974025974025
2025-01,weekend,tarda_mattina,EC,391.0,0,115,39,48,0,39,0,25,10,0,0,3,115,249.0,17,640.0,3,12.900000000000006,1.0,3.4910714285714284,19.44999999999999
2025-01,weekend,tarda_mattina,IC,1135.0,0,206,39,102,0,39,0,45,23,0,0,11,206,664.0,27,1799.0,5,17.0,-1.0,6.102150537634408,33.75
2025-01,weekend,tarda_mattina,ICN,-60.0,0,11,1,9,0,1,0,1,1,0,0,0,11,86.0,1,26.0,0,1.0,-4.0,-5.454545454545454,13.0
2025-01,weekend,tarda_mattina,MET,-544.0,0,406,5,240,0,5,0,123,0,0,0,0,406,720.0,0,176.0,0,2.0,-1.0,-1.4782608695652173,2.0
2025-01,weekend,tarda_mattina,REG,4760.0,0,10477,947,4606,0,947,0,4107,169,0,0,59,10477,12542.0,289,17302.0,16,4.0,0.0,0.4927536231884058,7.0
2025-01,weekend,tarda_mattina,,6003.0,0,894,255,324,0,255,0,251,122,0,0,69,894,1272.0,144,7275.0,31,24.322706935123065,1.5313199105145414,7.228668973723431,49.44261744966438
2025-02,infrasettimanale,mattina,DIR,-2.0,0,1,0,1,0,0,0,0,0,0,0,0,1,2.0,0,0.0,0,-2.0,-2.0,-2.0,-2.0
2025-02,infrasettimanale,mattina,EC,308.0,0,134,30,56,0,30,0,42,8,0,0,4,134,243.0,17,551.0,1,12.0,1.0,2.40625,18.94999999999997
2025-02,infrasettimanale,mattina,IC,3365.0,0,537,209,171,0,209,0,155,65,0,0,30,537,674.0,99,4039.0,11,16.0,2.0,6.289719626168225,34.299999999999955
2025-02,infrasettimanale,mattina,ICN,-23.0,0,1,0,1,0,0,0,0,0,0,0,0,1,23.0,0,0.0,0,-23.0,-23.0,-23.0,-23.0
2025-02,infrasettimanale,mattina,IR,62.0,0,1,1,0,0,1,0,0,1,0,0,1,1,0.0,1,62.0,1,62.0,62.0,62.0,62.0
2025-02,infrasettimanale,mattina,MET,407.0,0,882,69,378,0,69,0,426,13,0,0,4,882,968.0,23,1375.0,0,4.0,0.0,0.4662084765177549,6.0
2025-02,infrasettimanale,mattina,NCL,236.0,0,5,5,0,0,5,0,0,4,0,0,2,5,0.0,4,236.0,2,100.6,20.0,47.2,111.79999999999998
2025-02,infrasettimanale,mattina,REG,51803.0,0,34006,5480,12977,0,5480,0,15137,911,0,0,274,34006,34393.0,1734,86196.0,55,6.0,1.0,1.5420313151157945,10.0
2025-02,infrasettimanale,mattina,,25886.0,0,3000,1356,712,0,1356,0,930,568,0,0,246,3000,3018.0,838,28904.0,68,26.0,4.0,8.634422948632421,41.0
2025-02,infrasettimanale,notte,EC,-29.0,0,20,0,12,0,0,0,8,0,0,0,0,20,42.0,0,13.0,0,3.0,-1.5,-1.45,3.0
2025-02,infrasettimanale,notte,EN,532.0,0,36,15,16,0,15,0,4,13,0,0,11,36,107.0,13,639.0,3,51.20000000000002,3.0,15.199999999999998,67.79999999999998
2025-02,infrasettimanale,notte,IC,1074.0,0,249,82,108,0,82,0,56,33,0,0,14,249,575.0,46,1649.0,5,17.5,1.0,4.365853658536586,30.75
2025-02,infrasettimanale,notte,ICN,-101.0,0,44,4,31,0,4,0,9,1,0,0,1,44,203.0,3,102.0,0,3.700000000000003,-2.0,-2.2954545454545454,11.800000000000011
2025-02,infrasettimanale,notte,MET,66.0,0,314,14,186,0,14,0,111,6,0,0,6,314,452.0,7,518.0,1,2.0,-1.0,0.2122186495176848,4.0
2025-02,infrasettimanale,notte,NCL,136.0,0,1,1,0,0,1,0,0,1,0,0,1,1,0.0,1,136.0,1,136.0,136.0,136.0,136.0
2025-02,infrasettimanale,notte,REG,13496.0,0,14260,1667,6399,0,1667,0,5998,350,0,0,131,14260,17580.0,612,31076.0,40,5.0,0.0,0.959613196814562,9.0
2025-02,infrasettimanale,notte,,7338.0,0,1076,390,322,0,390,0,364,154,0,0,74,1076,1166.0,230,8504.0,32,22.0,2.0,6.819702602230484,34.14999999999998
2025-02,infrasettimanale,pomeriggio,EC,766.0,0,232,66,104,0,66,0,61,30,0,0,10,232,438.0,43,1204.0,0,18.0,1.0,3.3160173160173154,24.0
2025-02,infrasettimanale,pomeriggio,EN,660.0,0,36,23,4,0,23,0,8,14,0,0,7,36,28.0,17,688.0,2,36.8,9.0,18.857142857142858,52.699999999999946
2025-02,infrasettimanale,pomeriggio,IC,2521.0,0,448,166,174,0,166,0,105,62,0,0,24,448,673.0,103,3194.0,8,18.0,2.0,5.665168539325843,30.0
2025-02,infrasettimanale,pomeriggio,ICN,122.0,0,67,9,45,0,9,0,13,5,0,0,5,67,187.0,7,309.0,1,9.799999999999995,-2.0,1.82089552238806,42.19999999999993
2025-02,infrasettimanale,pomeriggio,MET,-256.0,0,1051,66,571,0,66,0,393,13,0,0,2,1051,1405.0,25,1149.0,0,3.0,-1.0,-0.2485436893203883,5.0
2025-02,infrasettimanale,pomeriggio,NCL,10.0,0,2,1,1,0,1,0,0,1,0,0,1,2,36.0,1,46.0,0,37.8,5.0,5.0,41.89999999999999
2025-02,infrasettimanale,pomeriggio,REG,56949.0,0,41033,5948,15739,0,5948,0,18631,1058,0,0,325,41033,40404.0,1944,97353.0,53,6.0,1.0,1.41249565950692,9.0
2025-02,infrasettimanale,pomeriggio,,18026.0,0,2712,1236,696,0,1236,0,780,418,0,0,142,2712,2904.0,660,20930.0,32,19.0,4.0,6.646755162241888,31.25
2025-02,infrasettimanale,sera,EC,478.0,0,108,32,51,0,32,0,19,12,0,0,7,108,162.0,18,640.0,1,16.900000000000006,-0.5,4.686274509803922,37.0
2025-02,infrasettimanale,sera,IC,1999.0,0,233,100,65,0,100,0,68,37,0,0,17,233,275.0,68,2274.0,6,20.80000000000001,3.0,8.579399141630901,36.59999999999991
2025-02,infrasettimanale,sera,ICN,931.0,0,211,56,101,0,56,0,54,22,0,0,11,211,557.0,27,1488.0,4,16.0,0.0,4.412322274881516,28.0
2025-02,infrasettimanale,sera,IR,-1.0,0,2,0,1,0,0,0,1,0,0,0,0,2,1.0,0,0.0,0,-0.0999999999999999,-0.5,-0.5,-0.05
2025-02,infrasettimanale,sera,MET,-421.0,0,955,28,499,0,28,0,426,3,0,0,1,955,1198.0,10,777.0,1,2.0,-1.0,-0.4417628541448058,4.0
2025-02,infrasettimanale,sera,REG,51671.0,0,33294,5567,13222,0,5567,0,14152,1007,0,0,299,33294,36186.0,1902,87857.0,59,7.0,1.0,1.5685923317446344,11.0
2025-02,infrasettimanale,sera,,2602.0,0,1090,344,454,0,344,0,292,76,0,0,22,1090,2298.0,164,4900.0,8,12.0,1.0,2.387155963302752,18.799999999999955
2025-02,infrasettimanale,tarda_mattina,EC,1249.0,0,260,82,113,0,82,0,65,35,0,0,16,260,482.0,52,1731.0,4,20.19999999999999,1.0,4.803846153846154,31.049999999999983
2025-02,infrasettimanale,tarda_mattina,EXP,60.0,0,1,1,0,0,1,0,0,1,0,0,1,1,0.0,1,60.0,1,60.0,60.0,60.0,60.0
2025-02,infrasettimanale,tarda_mattina,IC,3072.0,0,513,165,208,0,165,0,136,76,0,0,36,513,1073.0,107,4145.0,15,20.0,1.0,6.035363457760314,42.0
2025-02,infrasettimanale,tarda_mattina,ICN,-41.0,0,51,5,43,0,5,0,3,3,0,0,2,51,268.0,3,227.0,1,2.0,-5.0,-0.803921568627451,15.0
2025-02,infrasettimanale,tarda_mattina,MET,-372.0,0,1220,54,673,0,54,0,487,16,0,0,10,1220,1798.0,24,1426.0,0,2.0,-1.0,-0.3064250411861614,4.0
2025-02,infrasettimanale,tarda_mattina,NCL,26.0,0,7,3,3,0,3,0,1,2,0,0,2,7,137.0,2,163.0,1,73.20000000000002,3.0,3.714285714285713,84.59999999999998
2025-02,infrasettimanale,tarda_mattina,REG,33053.0,0,41697,4698,18439,0,4698,0,17797,823,0,0,278,41697,47130.0,1543,80183.0,34,5.0,0.0,0.807470562368691,8.0
2025-02,infrasettimanale,tarda_mattina,,20378.0,0,2684,1064,780,0,1064,0,840,412,0,0,204,2684,2978.0,620,23356.0,78,23.0,3.0,7.592399403874814,40.0
2025-02,weekend,mattina,EC,104.0,0,50,11,19,0,11,0,19,3,0,0,2,50,84.0,5,188.0,0,9.400000000000006,1.0,2.122448979591837,13.799999999999985
2025-02,weekend,mattina,IC,615.0,0,212,56,103,0,56,0,52,21,0,0,11,212,540.0,32,1155.0,3,14.0,0.0,2.914691943127962,28.5
2025-02,weekend,mattina,ICN,1.0,0,1,0,0,0,0,0,1,0,0,0,0,1,0.0,0,1.0,0,1.0,1.0,1.0,1.0
2025-02,weekend,mattina,MET,-91.0,0,304,13,172,0,13,0,119,5,0,0,1,304,421.0,5,330.0,0,2.0,-1.0,-0.2993421052631579,4.0
2025-02,weekend,mattina,NCL,-2.0,0,1,0,1,0,0,0,0,0,0,0,0,1,2.0,0,0.0,0,-2.0,-2.0,-2.0,-2.0
2025-02,weekend,mattina,REG,7556.0,0,9096,1052,4102,0,1052,0,3865,225,0,0,81,9096,11199.0,371,18755.0,11,5.0,0.0,0.8377868943341834,8.0
2025-02,weekend,mattina,,7332.0,0,1116,422,384,0,422,0,310,178,0,0,80,1116,1486.0,252,8818.0,16,24.0,2.0,6.56989247311828,38.0
2025-02,weekend,notte,EC,-22.0,0,8,0,6,0,0,0,2,0,0,0,0,8,25.0,0,3.0,0,0.8999999999999995,-4.0,-2.75,1.9499999999999984
2025-02,weekend,notte,EN,-44.0,0,11,0,7,0,0,0,4,0,0,0,0,11,50.0,0,6.0,0,2.0,-3.0,-4.0,2.0
2025-02,weekend,notte,EXP,-3.0,0,1,0,1,0,0,0,0,0,0,0,0,1,3.0,0,0.0,0,-3.0,-3.0,-3.0,-3.0
2025-02,weekend,notte,IC,258.0,0,97,21,61,0,21,0,15,10,0,0,4,97,333.0,13,591.0,2,13.800000000000011,-2.0,2.6597938144329896,22.999999999999943
2025-02,weekend,notte,ICN,-146.0,0,22,1,17,0,1,0,4,0,0,0,0,22,159.0,0,13.0,0,1.900000000000002,-4.0,-6.636363636363637,2.95
2025-02,weekend,notte,MET,-36.0,0,99,3,61,0,3,0,34,2,0,0,1,99,154.0,2,118.0,0,2.0,-1.0,-0.3673469387755102,3.0
2025-02,weekend,notte,REG,1770.0,0,4020,428,1940,0,428,0,1611,94,0,0,25,4020,5652.0,155,7422.0,5,5.0,0.0,0.4448353857753204,7.0
2025-02,weekend,notte,,2066.0,0,340,136,118,0,136,0,86,52,0,0,26,340,536.0,92,2602.0,6,19.19999999999999,2.0,6.076470588235294,36.54999999999998
2025-02,weekend,pomeriggio,EC,471.0,0,89,31,34,0,31,0,24,14,0,0,6,89,119.0,19,590.0,1,19.0,2.0,5.292134831460674,31.199999999999985
2025-02,weekend,pomeriggio,EN,50.0,0,9,4,2,0,4,0,3,1,0,0,0,9,10.0,2,60.0,0,13.000000000000004,4.0,5.555555555555555,19.0
2025-02,weekend,pomeriggio,EXP,6.0,0,1,1,0,0,1,0,0,0,0,0,0,1,0.0,0,6.0,0,6.0,6.0,6.0,6.0
2025-02,weekend,pomeriggio,IC,592.0,0,198,58,97,0,58,0,42,23,0,0,12,198,500.0,36,1092.0,0,17.400000000000006,0.0,3.00507614213198,31.0
2025-02,weekend,pomeriggio,ICN,-25.0,0,9,1,8,0,1,0,0,0,0,0,0,9,30.0,0,5.0,0,-0.5999999999999988,-3.0,-2.7777777777777777,2.199999999999997
2025-02,weekend,pomeriggio,IR,-4.0,0,1,0,1,0,0,0,0,0,0,0,0,1,4.0,0,0.0,0,-4.0,-4.0,-4.0,-4.0
2025-02,weekend,pomeriggio,MET,-33.0,0,382,14,198,0,14,0,157,6,0,0,0,382,444.0,8,411.0,0,2.0,-1.0,-0.089430894308943,4.0
2025-02,weekend,pomeriggio,REG,9686.0,0,11322,1311,4993,0,1311,0,4895,273,0,0,85,11322,13794.0,457,23480.0,19,5.0,0.0,0.8648986516653273,8.0
2025-02,weekend,pomeriggio,,5798.0,0,1034,366,354,0,366,0,314,124,0,0,50,1034,1436.0,190,7234.0,14,17.0,2.0,5.607350096711799,28.19999999999999
2025-02,weekend,sera,EC,83.0,0,45,8,24,0,8,0,11,3,0,0,1,45,64.0,7,147.0,0,11.800000000000004,-1.0,1.930232558139535,14.9
2025-02,weekend,sera,IC,559.0,0,84,27,35,0,27,0,20,11,0,0,7,84,193.0,15,752.0,2,22.700000000000017,1.0,6.817073170731708,48.200000000000045
2025-02,weekend,sera,ICN,-71.0,0,115,20,66,0,20,0,29,8,0,0,1,115,436.0,12,365.0,0,10.200000000000015,-1.0,-0.6173913043478261,21.0
2025-02,weekend,sera,IR,26.0,0,1,1,0,0,1,0,0,1,0,0,0,1,0.0,1,26.0,0,26.0,26.0,26.0,26.0
2025-02,weekend,sera,MET,-102.0,0,319,13,153,0,13,0,151,2,0,0,1,319,421.0,4,319.0,0,3.0,0.0,-0.3217665615141956,4.0
2025-02,weekend,sera,REG,8586.0,0,9558,1188,4240,0,1188,0,4068,230,0,0,74,9558,12008.0,425,20594.0,19,5.0,0.0,0.9041701769165964,9.0
2025-02,weekend,sera,,1070.0,0,428,132,200,0,132,0,96,42,0,0,8,428,930.0,74,2000.0,0,14.0,0.5,2.5,23.349999999999994
2025-02,weekend,tarda_mattina,EC,746.0,0,131,42,57,0,42,0,31,22,0,0,9,131,256.0,27,1002.0,3,25.10000000000001,1.0,5.7384615384615385,35.099999999999994
2025-02,weekend,tarda_mattina,IC,307.0,0,236,54,122,0,54,0,58,20,0,0,9,236,790.0,33,1097.0,3,13.0,-1.0,1.311965811965812,21.349999999999994
2025-02,weekend,tarda_mattina,ICN,-172.0,0,19,1,16,0,1,0,2,0,0,0,0,19,182.0,0,10.0,0,2.0,-5.0,-9.052631578947368,2.3999999999999915
2025-02,weekend,tarda_mattina,MET,-332.0,0,463,11,281,0,11,0,170,5,0,0,1,463,734.0,7,402.0,1,2.0,-1.0,-0.7186147186147186,3.0
2025-02,weekend,tarda_mattina,NCL,20.0,0,1,1,0,0,1,0,0,1,0,0,0,1,0.0,1,20.0,0,20.0,20.0,20.0,20.0
2025-02,weekend,tarda_mattina,REG,5505.0,0,12237,1175,5838,0,1175,0,5113,199,0,0,63,12237,15768.0,383,21273.0,16,4.0,0.0,0.45398317664522514,7.0
2025-02,weekend,tarda_mattina,,5280.0,0,942,280,382,0,280,0,280,130,0,0,66,942,1470.0,176,6750.0,18,24.0,1.0,5.6050955414012735,37.5
2025-03,infrasettimanale,mattina,EC,7.0,0,145,25,85,0,25,0,33,8,0,0,0,145,370.0,14,377.0,0,8.799999999999997,-1.0,0.0489510489510489,16.600000000000023
2025-03,infrasettimanale,mattina,IC,3984.0,0,566,216,144,0,216,0,206,91,0,0,40,566,574.0,121,4558.0,13,21.0,2.5,7.03886925795053,35.0
2025-03,infrasettimanale,mattina,ICN,-16.0,0,1,0,1,0,0,0,0,0,0,0,0,1,16.0,0,0.0,0,-16.0,-16.0,-16.0,-16.0
2025-03,infrasettimanale,mattina,IR,35.0,0,3,2,1,0,2,0,0,2,0,0,0,3,4.0,2,39.0,0,21.0,17.0,11.666666666666666,21.5
2025-03,infrasettimanale,mattina,MET,1313.0,0,933,106,373,0,106,0,428,34,0,0,12,933,912.0,50,2225.0,4,6.0,0.0,1.4476295479603087,11.0
2025-03,infrasettimanale,mattina,NCL,-22.0,0,5,3,2,0,3,0,0,0,0,0,0,5,48.0,1,26.0,0,9.8,7.0,-4.4,10.4
2025-03,infrasettimanale,mattina,REG,54819.0,0,35131,5480,13346,0,5480,0,15925,1024,0,0,316,35131,34515.0,1880,89334.0,55,6.0,1.0,1.5774797847543955,10.0
2025-03,infrasettimanale,mattina,,22094.0,0,3152,1252,854,0,1252,0,1012,472,0,0,182,3152,3586.0,748,25680.0,60,21.0,3.0,7.0859525336754325,34.0
2025-03,infrasettimanale,notte,EC,-31.0,0,21,3,15,0,3,0,3,1,0,0,0,21,60.0,1,29.0,0,5.0,-3.0,-1.4761904761904765,7.0
2025-03,infrasettimanale,notte,EN,361.0,0,41,13,24,0,13,0,4,12,0,0,9,41,223.0,12,584.0,3,46.0,-3.0,8.804878048780488,64.0
2025-03,infrasettimanale,notte,EXP,15.0,0,2,1,1,0,1,0,0,1,0,0,0,2,1.0,1,16.0,0,14.3,7.5,7.5,15.15
2025-03,infrasettimanale,notte,IC,1350.0,0,253,74,103,0,74,0,74,28,0,0,12,253,496.0,44,1846.0,5,17.0,1.0,5.378486055776892,27.0
2025-03,infrasettimanale,notte,ICN,-168.0,0,43,3,28,0,3,0,12,2,0,0,0,43,232.0,2,64.0,0,3.8000000000000043,-3.0,-3.9069767441860463,6.699999999999995
2025-03,infrasettimanale,notte,MET,-181.0,0,333,12,199,0,12,0,115,5,0,0,3,333,490.0,8,309.0,0,2.0,-1.0,-0.5552147239263804,3.0
2025-03,infrasettimanale,notte,REG,10160.0,0,14788,1497,6927,0,1497,0,6247,324,0,0,118,14788,18367.0,524,28527.0,26,5.0,0.0,0.692522663758435,7.0
2025-03,infrasettimanale,notte,,8192.0,0,1102,396,366,0,396,0,338,174,0,0,92,1102,1364.0,244,9556.0,26,27.0,2.0,7.447272727272726,38.54999999999996
2025-03,infrasettimanale,pomeriggio,EC,1277.0,0,252,92,97,0,92,0,59,36,0,0,20,252,481.0,51,1758.0,2,18.0,2.0,5.149193548387097,35.64999999999998
2025-03,infrasettimanale,pomeriggio,EN,416.0,0,41,27,4,0,27,0,10,11,0,0,3,41,26.0,18,442.0,0,25.0,7.0,10.146341463414634,31.0
2025-03,infrasettimanale,pomeriggio,EXP,-16.0,0,5,2,2,0,2,0,0,0,0,0,0,5,33.0,1,17.0,0,9.900000000000002,-0.5,-4.0,10.949999999999998
2025-03,infrasettimanale,pomeriggio,IC,3385.0,0,501,182,197,0,182,0,119,67,0,0,30,501,821.0,113,4206.0,14,18.0,2.0,6.7971887550200805,36.0
2025-03,infrasettimanale,pomeriggio,ICN,128.0,0,66,11,34,0,11,0,21,3,0,0,3,66,126.0,5,254.0,2,7.5,-1.0,1.93939393939394,13.25
2025-03,infrasettimanale,pomeriggio,MET,173.0,0,1121,82,563,0,82,0,418,20,0,0,7,1121,1357.0,37,1530.0,1,4.0,-1.0,0.1627469426152399,7.0
2025-03,infrasettimanale,pomeriggio,NCL,-214.0,0,13,3,8,0,3,0,1,2,0,0,1,13,288.0,2,74.0,0,25.800000000000008,-21.5,-17.833333333333332,33.39999999999999
2025-03,infrasettimanale,pomeriggio,REG,64656.0,0,42942,6513,16193,0,6513,0,19138,1269,0,0,363,42942,41059.0,2202,105715.0,49,6.0,1.0,1.5451677659879552,10.0
2025-03,infrasettimanale,pomeriggio,,23994.0,0,2836,1242,790,0,1242,0,786,430,0,0,214,2836,3514.0,700,27508.0,88,22.0,4.0,8.514549325762953,39.59999999999991
2025-03,infrasettimanale,sera,EC,578.0,0,113,33,40,0,33,0,37,10,0,0,5,113,112.0,19,690.0,3,14.0,1.5,5.254545454545455,26.55
2025-03,infrasettimanale,sera,EXP,3.0,0,2,0,0,0,0,0,2,0,0,0,0,2,0.0,0,3.0,0,1.9,1.5,1.5,1.95
2025-03,infrasettimanale,sera,IC,1609.0,0,253,93,88,0,93,0,67,33,0,0,13,253,400.0,56,2009.0,5,18.0,2.0,6.487903225806452,29.649999999999977
2025-03,infrasettimanale,sera,ICN,755.0,0,205,64,93,0,64,0,48,23,0,0,5,205,429.0,31,1184.0,2,15.0,0.0,3.682926829268293,17.0
2025-03,infrasettimanale,sera,MET,-291.0,0,996,44,525,0,44,0,411,7,0,0,2,996,1278.0,15,987.0,0,3.0,-1.0,-0.2969387755102041,4.0
2025-03,infrasettimanale,sera,REG,57265.0,0,34439,5957,13438,0,5957,0,14631,1080,0,0,325,34439,36344.0,2086,93609.0,71,7.0,1.0,1.6829777229177687,11.0
2025-03,infrasettimanale,sera,,5244.0,0,1180,368,544,0,368,0,264,140,0,0,64,1180,2506.0,200,7750.0,20,18.0,1.0,4.459183673469388,30.649999999999974
2025-03,infrasettimanale,tarda_mattina,EC,1410.0,0,280,99,104,0,99,0,73,42,0,0,14,280,458.0,56,1868.0,5,19.0,2.0,5.108695652173913,29.0
2025-03,infrasettimanale,tarda_mattina,EXP,132.0,0,7,3,2,0,3,0,2,2,0,0,2,7,13.0,3,145.0,1,62.60000000000001,1.0,18.857142857142858,69.79999999999998
2025-03,infrasettimanale,tarda_mattina,IC,2872.0,0,515,177,225,0,177,0,112,74,0,0,41,515,1100.0,123,3972.0,10,23.69999999999999,0.0,5.587548638132295,40.349999999999966
2025-03,infrasettimanale,tarda_mattina,ICN,74.0,0,50,13,33,0,13,0,4,6,0,0,2,50,174.0,9,248.0,1,15.200000000000005,-1.0,1.48,23.49999999999997
2025-03,infrasettimanale,tarda_mattina,MET,-249.0,0,1305,64,691,0,64,0,492,15,0,0,9,1305,1788.0,27,1539.0,2,3.0,-1.0,-0.19967923015236572,5.0
2025-03,infrasettimanale,tarda_mattina,NCL,-230.0,0,13,1,9,0,1,0,1,1,0,0,1,13,279.0,1,49.0,0,3.0,-38.0,-20.90909090909091,24.5
2025-03,infrasettimanale,tarda_mattina,REG,45735.0,0,43455,5405,18206,0,5405,0,18646,1009,0,0,324,43455,45217.0,1828,90952.0,52,5.0,0.0,1.0823058901483775,9.0
2025-03,infrasettimanale,tarda_mattina,,21522.0,0,2858,1010,838,0,1010,0,940,400,0,0,204,2858,3198.0,562,24720.0,80,23.0,2.0,7.7195121951219505,40.0
2025-03,weekend,mattina,EC,-14.0,0,65,8,37,0,8,0,19,3,0,0,0,65,154.0,5,140.0,0,6.400000000000006,-1.0,-0.21875,10.0
2025-03,weekend,mattina,EN,-121.0,0,2,0,2,0,0,0,0,0,0,0,0,2,121.0,0,0.0,0,-58.5,-60.5,-60.5,-58.25
2025-03,weekend,mattina,EXP,71.0,0,2,1,0,0,1,0,0,1,0,0,1,2,0.0,1,71.0,1,71.0,71.0,71.0,71.0
2025-03,weekend,mattina,IC,1312.0,0,263,80,118,0,80,0,63,36,0,0,18,263,572.0,48,1884.0,7,20.0,1.0,5.026819923371647,46.0
2025-03,weekend,mattina,ICN,-16.0,0,1,0,1,0,0,0,0,0,0,0,0,1,16.0,0,0.0,0,-16.0,-16.0,-16.0,-16.0
2025-03,weekend,mattina,MET,-296.0,0,396,7,224,0,7,0,159,1,0,0,0,396,539.0,1,243.0,0,2.0,-1.0,-0.758974358974359,3.0
2025-03,weekend,mattina,REG,3966.0,0,11159,1047,5273,0,1047,0,4591,174,0,0,56,11159,14198.0,300,18164.0,10,4.0,0.0,0.3634863898817707,7.0
2025-03,weekend,mattina,,6296.0,0,1370,418,556,0,418,0,392,148,0,0,86,1370,2418.0,230,8714.0,22,16.0,1.0,4.609077598828697,33.0
2025-03,weekend,notte,EC,-36.0,0,10,0,9,0,0,0,1,0,0,0,0,10,39.0,0,3.0,0,-1.5000000000000018,-4.0,-3.6,0.7499999999999947
2025-03,weekend,notte,EN,-81.0,0,14,2,6,0,2,0,6,0,0,0,0,14,107.0,1,26.0,0,4.400000000000002,0.5,-5.785714285714286,7.099999999999999
2025-03,weekend,notte,EXP,-4.0,0,2,0,1,0,0,0,1,0,0,0,0,2,6.0,0,2.0,0,1.2000000000000002,-2.0,-2.0,1.5999999999999996
2025-03,weekend,notte,IC,161.0,0,110,25,64,0,25,0,20,10,0,0,5,110,360.0,12,521.0,2,10.400000000000006,-3.0,1.4770642201834865,25.19999999999996
2025-03,weekend,notte,ICN,-201.0,0,24,1,18,0,1,0,5,0,0,0,0,24,213.0,0,12.0,0,1.0,-5.0,-8.375,2.699999999999996
2025-03,weekend,notte,MET,-32.0,0,135,4,72,0,4,0,53,2,0,0,2,135,175.0,2,143.0,0,2.0,-1.0,-0.24806201550387594,3.1999999999999886
2025-03,weekend,notte,NCL,174.0,0,2,2,0,0,2,0,0,2,0,0,1,2,0.0,2,174.0,1,141.4,87.0,87.0,148.2
2025-03,weekend,notte,REG,553.0,0,4919,439,2478,0,439,0,1884,80,0,0,28,4919,7139.0,148,7692.0,2,4.0,-1.0,0.1151843365965423,7.0
2025-03,weekend,notte,,1336.0,0,404,92,170,0,92,0,140,42,0,0,26,404,930.0,62,2266.0,6,15.0,1.0,3.3233830845771144,34.0
2025-03,weekend,pomeriggio,EC,310.0,0,122,27,62,0,27,0,28,7,0,0,3,122,268.0,9,578.0,2,8.400000000000006,-1.0,2.649572649572649,21.0
2025-03,weekend,pomeriggio,EN,14.0,0,17,7,7,0,7,0,3,1,0,0,0,17,75.0,5,89.0,0,11.8,3.0,0.8235294117647058,15.799999999999992
2025-03,weekend,pomeriggio,EXP,65.0,0,3,1,0,0,1,0,1,1,0,0,1,3,0.0,1,65.0,1,58.5,32.5,32.5,61.75
2025-03,weekend,pomeriggio,IC,380.0,0,237,56,129,0,56,0,51,20,0,0,10,237,687.0,32,1067.0,1,14.0,-2.0,1.6101694915254237,26.25
2025-03,weekend,pomeriggio,ICN,-42.0,0,11,0,10,0,0,0,1,0,0,0,0,11,44.0,0,2.0,0,-1.0,-4.0,-3.8181818181818175,0.5
2025-03,weekend,pomeriggio,MET,-218.0,0,486,13,271,0,13,0,179,3,0,0,2,486,633.0,6,415.0,0,2.0,-1.0,-0.4708423326133909,3.899999999999977
2025-03,weekend,pomeriggio,REG,8392.0,0,13911,1442,6280,0,1442,0,5799,303,0,0,84,13911,17074.0,532,25466.0,10,5.0,0.0,0.6206641520597589,8.0
2025-03,weekend,pomeriggio,,6452.0,0,1276,436,458,0,436,0,382,144,0,0,60,1276,1952.0,232,8404.0,20,16.0,2.0,5.056426332288401,28.149999999999977
2025-03,weekend,sera,EC,226.0,0,52,9,32,0,9,0,11,6,0,0,5,52,85.0,7,311.0,0,15.499999999999991,-1.0,4.346153846153846,49.69999999999997
2025-03,weekend,sera,EXP,0.0,0,1,0,0,0,0,0,0,0,0,0,0,1,0.0,0,0.0,0,0.0,0.0,0.0,0.0
2025-03,weekend,sera,IC,322.0,0,123,29,67,0,29,0,27,13,0,0,7,123,307.0,18,629.0,2,14.599999999999994,-1.0,2.6178861788617884,29.799999999999983
2025-03,weekend,sera,ICN,141.0,0,119,27,58,0,27,0,34,8,0,0,4,119,394.0,13,535.0,1,10.200000000000005,0.0,1.184873949579832,17.49999999999997
2025-03,weekend,sera,MET,47.0,0,428,15,213,0,15,0,190,11,0,0,6,428,554.0,11,601.0,0,2.0,-1.0,0.1124401913875598,4.0
2025-03,weekend,sera,NCL,165.0,0,1,1,0,0,1,0,0,1,0,0,1,1,0.0,1,165.0,1,165.0,165.0,165.0,165.0
2025-03,weekend,sera,REG,9879.0,0,11741,1450,5247,0,1450,0,4882,273,0,0,81,11741,14374.0,492,24253.0,13,5.0,0.0,0.8531824855341567,8.0
2025-03,weekend,sera,,810.0,0,526,122,254,0,122,0,150,30,0,0,16,526,1462.0,46,2272.0,8,8.800000000000011,0.0,1.5399239543726235,15.899999999999975
2025-03,weekend,tarda_mattina,EC,451.0,0,169,46,64,0,46,0,56,15,0,0,4,169,340.0,25,791.0,1,13.0,1.5,2.716867469879518,17.0
2025-03,weekend,tarda_mattina,EXP,3.0,0,7,3,2,0,3,0,2,0,0,0,0,7,23.0,1,26.0,0,8.400000000000002,2.0,0.4285714285714285,10.199999999999998
2025-03,weekend,tarda_mattina,IC,975.0,0,280,75,149,0,75,0,55,32,0,0,17,280,836.0,44,1811.0,7,16.200000000000017,-1.0,3.4946236559139785,32.099999999999966
2025-03,weekend,tarda_mattina,ICN,-140.0,0,25,3,19,0,3,0,3,1,0,0,0,25,182.0,2,42.0,0,5.400000000000006,-5.0,-5.6,9.399999999999991
2025-03,weekend,tarda_mattina,MET,-115.0,0,582,35,316,0,35,0,213,13,0,0,3,582,855.0,19,740.0,0,3.0,-1.0,-0.2039007092198581,6.0
2025-03,weekend,tarda_mattina,REG,5060.0,0,15094,1354,7037,0,1354,0,6315,218,0,0,64,15094,18737.0,421,23797.0,12,4.0,0.0,0.3440772473820209,6.0
2025-03,weekend,tarda_mattina,,5208.0,0,1170,356,446,0,356,0,368,144,0,0,50,1170,1862.0,182,7070.0,20,18.600000000000023,1.0,4.451282051282052,26.799999999999955
2025-04,infrasettimanale,mattina,EC,121.0,0,161,24,80,0,24,0,51,11,0,0,6,161,395.0,14,516.0,0,8.599999999999994,-1.0,0.7806451612903226,16.89999999999995
2025-04,infrasettimanale,mattina,EXP,31.0,0,1,1,0,0,1,0,0,1,0,0,1,1,0.0,1,31.0,0,31.0,31.0,31.0,31.0
2025-04,infrasettimanale,mattina,IC,4518.0,0,561,219,175,0,219,0,167,82,0,0,41,561,636.0,120,5154.0,14,22.0,3.0,8.053475935828876,37.0
2025-04,infrasettimanale,mattina,ICN,-9.0,0,1,0,1,0,0,0,0,0,0,0,0,1,9.0,0,0.0,0,-9.0,-9.0,-9.0,-9.0
2025-04,infrasettimanale,mattina,MET,-137.0,0,955,51,468,0,51,0,431,6,0,0,1,955,1145.0,13,1008.0,1,3.0,0.0,-0.1442105263157894,5.0
2025-04,infrasettimanale,mattina,NCL,327.0,0,5,2,1,0,2,0,1,1,0,0,1,5,44.0,2,371.0,1,252.7000000000001,8.0,81.75,303.84999999999985
2025-04,infrasettimanale,mattina,REG,51967.0,0,35989,5286,13809,0,5286,0,16487,913,0,0,301,35989,34817.0,1679,86784.0,65,6.0,1.0,1.460485638806138,9.0
2025-04,infrasettimanale,mattina,,21152.0,0,3238,1224,1020,0,1224,0,994,458,0,0,154,3238,3624.0,684,24776.0,46,19.0,3.0,6.53242742433601,29.0
2025-04,infrasettimanale,notte,EC,23.0,0,23,3,17,0,3,0,3,2,0,0,1,23,65.0,2,88.0,1,7.000000000000005,-3.0,1.0,14.299999999999988
2025-04,infrasettimanale,notte,EN,650.0,0,43,23,13,0,23,0,7,11,0,0,7,43,101.0,17,751.0,4,49.20000000000008,6.0,15.116279069767442,73.59999999999998
2025-04,infrasettimanale,notte,EXP,-6.0,0,1,0,1,0,0,0,0,0,0,0,0,1,6.0,0,0.0,0,-6.0,-6.0,-6.0,-6.0
2025-04,infrasettimanale,notte,IC,1441.0,0,258,71,121,0,71,0,66,25,0,0,12,258,652.0,43,2093.0,9,14.0,0.0,5.5852713178294575,24.749999999999886
2025-04,infrasettimanale,notte,ICN,59.0,0,44,8,29,0,8,0,7,5,0,0,2,44,199.0,6,258.0,2,16.90000000000002,-3.0,1.3409090909090908,22.40000000000001
2025-04,infrasettimanale,notte,MET,-282.0,0,329,10,202,0,10,0,116,2,0,0,1,329,515.0,3,233.0,0,2.0,-1.0,-0.8597560975609757,3.0
2025-04,infrasettimanale,notte,NCL,94.0,0,4,1,0,0,1,0,0,1,0,0,1,4,0.0,1,94.0,1,94.0,94.0,94.0,94.0
2025-04,infrasettimanale,notte,REG,10941.0,0,14736,1597,6815,0,1597,0,6205,342,0,0,100,14736,18102.0,581,29043.0,19,5.0,0.0,0.7485120065676951,8.0
2025-04,infrasettimanale,notte,,4852.0,0,1108,266,448,0,266,0,394,108,0,0,60,1108,1820.0,158,6672.0,26,14.0,1.0,4.379061371841155,31.40000000000009
2025-04,infrasettimanale,pomeriggio,EC,1604.0,0,302,98,118,0,98,0,78,36,0,0,16,302,497.0,53,2101.0,5,19.0,2.0,5.45578231292517,30.0
2025-04,infrasettimanale,pomeriggio,EN,587.0,0,28,18,4,0,18,0,6,12,0,0,7,28,27.0,14,614.0,2,44.500000000000014,9.5,20.964285714285715,60.84999999999999
2025-04,infrasettimanale,pomeriggio,EXP,141.0,0,9,3,1,0,3,0,4,1,0,0,1,9,4.0,1,145.0,1,41.49999999999998,4.0,17.625,81.74999999999994
2025-04,infrasettimanale,pomeriggio,IC,3317.0,0,504,169,213,0,169,0,120,77,0,0,38,504,846.0,115,4163.0,8,22.0,1.0,6.607569721115538,37.94999999999999
2025-04,infrasettimanale,pomeriggio,ICN,820.0,0,79,29,30,0,29,0,20,18,0,0,10,79,113.0,22,933.0,6,33.20000000000003,1.0,10.379746835443038,72.1
2025-04,infrasettimanale,pomeriggio,MET,-364.0,0,1164,60,659,0,60,0,436,12,0,0,5,1164,1559.0,23,1195.0,1,3.0,-1.0,-0.3151515151515151,5.0
2025-04,infrasettimanale,pomeriggio,NCL,9.0,0,1,1,0,0,1,0,0,0,0,0,0,1,0.0,0,9.0,0,9.0,9.0,9.0,9.0
2025-04,infrasettimanale,pomeriggio,REG,70719.0,0,45019,6927,17191,0,6927,0,20347,1403,0,0,426,45019,43916.0,2468,114635.0,70,6.0,1.0,1.5904419206117173,10.0
2025-04,infrasettimanale,pomeriggio,,27024.0,0,2972,1336,858,0,1336,0,778,598,0,0,304,2972,3478.0,852,30502.0,78,30.0,4.0,9.092866756393,44.75
2025-04,infrasettimanale,sera,EC,934.0,0,215,67,83,0,67,0,57,19,0,0,9,215,254.0,35,1188.0,3,14.0,1.0,4.51207729468599,26.69999999999999
2025-04,infrasettimanale,sera,EN,282.0,0,14,13,0,0,13,0,1,9,0,0,3,14,0.0,9,282.0,0,30.0,23.0,20.142857142857142,35.599999999999994
2025-04,infrasettimanale,sera,EXP,4.0,0,2,0,0,0,0,0,2,0,0,0,0,2,0.0,0,4.0,0,3.6,2.0,2.0,3.8
2025-04,infrasettimanale,sera,IC,1611.0,0,257,98,98,0,98,0,61,32,0,0,11,257,474.0,60,2085.0,5,17.400000000000006,2.0,6.2684824902723735,25.19999999999999
2025-04,infrasettimanale,sera,ICN,1895.0,0,232,77,105,0,77,0,50,42,0,0,27,232,613.0,55,2508.0,10,32.0,1.0,8.168103448275861,55.899999999999984
2025-04,infrasettimanale,sera,MET,-261.0,0,1016,44,552,0,44,0,418,10,0,0,5,1016,1361.0,18,1100.0,1,2.0,-1.0,-0.257396449704142,4.0
2025-04,infrasettimanale,sera,NCL,168.0,0,1,1,0,0,1,0,0,1,0,0,1,1,0.0,1,168.0,1,168.0,168.0,168.0,168.0
2025-04,infrasettimanale,sera,REG,60133.0,0,35930,5935,14312,0,5935,0,15266,1267,0,0,434,35930,37836.0,2225,97969.0,75,7.0,1.0,1.6932672542449243,11.0
2025-04,infrasettimanale,sera,,8496.0,0,1182,442,444,0,442,0,296,188,0,0,88,1182,2100.0,288,10596.0,30,23.0,2.0,7.187817258883249,41.5
2025-04,infrasettimanale,tarda_mattina,EC,1245.0,0,362,104,171,0,104,0,82,40,0,0,13,362,622.0,59,1867.0,1,16.0,0.0,3.487394957983193,25.0
2025-04,infrasettimanale,tarda_mattina,EXP,249.0,0,10,8,0,0,8,0,1,7,0,0,2,10,0.0,8,249.0,1,46.400000000000006,22.0,27.666666666666668,61.19999999999999
2025-04,infrasettimanale,tarda_mattina,IC,3604.0,0,557,169,243,0,169,0,145,81,0,0,38,557,1116.0,113,4720.0,19,21.0,0.0,6.470377019748653,40.5999999999998
2025-04,infrasettimanale,tarda_mattina,ICN,-242.0,0,49,6,39,0,6,0,4,2,0,0,1,49,336.0,3,94.0,0,8.0,-5.0,-4.938775510204081,10.799999999999985
2025-04,infrasettimanale,tarda_mattina,MET,-1017.0,0,1352,51,781,0,51,0,515,6,0,0,0,1352,2081.0,10,1064.0,0,2.0,-1.0,-0.755011135857461,4.0
2025-04,infrasettimanale,tarda_mattina,NCL,21.0,0,3,1,1,0,1,0,0,1,0,0,1,3,37.0,1,58.0,0,48.5,10.5,10.5,53.25
2025-04,infrasettimanale,tarda_mattina,REG,50789.0,0,45827,5922,19017,0,5922,0,20455,1027,0,0,325,45827,47384.0,1881,98173.0,56,5.0,0.0,1.1188483059435168,8.0
2025-04,infrasettimanale,tarda_mattina,,30100.0,0,2990,1200,848,0,1200,0,942,544,0,0,298,2990,3300.0,732,33400.0,100,29.0,3.0,10.066889632107024,49.0
2025-04,weekend,mattina,EC,160.0,0,48,10,23,0,10,0,15,5,0,0,2,48,126.0,7,286.0,2,14.800000000000026,0.0,3.3333333333333335,22.599999999999994
2025-04,weekend,mattina,EXP,43.0,0,1,1,0,0,1,0,0,1,0,0,1,1,0.0,1,43.0,0,43.0,43.0,43.0,43.0
2025-04,weekend,mattina,IC,812.0,0,207,51,94,0,51,0,62,21,0,0,8,207,505.0,27,1317.0,6,14.400000000000006,0.0,3.922705314009662,24.799999999999955
2025-04,weekend,mattina,ICN,-25.0,0,2,0,2,0,0,0,0,0,0,0,0,2,25.0,0,0.0,0,-5.699999999999999,-12.5,-12.5,-4.850000000000001
2025-04,weekend,mattina,MET,-181.0,0,326,10,188,0,10,0,123,3,0,0,2,326,449.0,4,268.0,0,2.0,-1.0,-0.5638629283489096,4.0
2025-04,weekend,mattina,REG,4991.0,0,9287,916,4337,0,916,0,3957,157,0,0,53,9287,11369.0,294,16360.0,8,4.0,0.0,0.5419109663409337,7.0
2025-04,weekend,mattina,,9278.0,0,1080,354,432,0,354,0,294,164,0,0,96,1080,1734.0,208,11012.0,42,23.100000000000023,1.0,8.59074074074074,54.0
2025-04,weekend,notte,EC,-14.0,0,7,1,5,0,1,0,1,0,0,0,0,7,22.0,0,8.0,0,3.8000000000000007,-3.0,-2.0,4.399999999999999
2025-04,weekend,notte,EN,22.0,0,16,7,2,0,7,0,6,1,0,0,0,16,65.0,2,87.0,0,11.199999999999998,3.0,1.4666666666666666,18.499999999999982
2025-04,weekend,notte,EXP,23.0,0,2,2,0,0,2,0,0,0,0,0,0,2,0.0,1,23.0,0,13.5,11.5,11.5,13.75
2025-04,weekend,notte,IC,-118.0,0,80,9,60,0,9,0,11,3,0,0,2,80,316.0,3,198.0,1,5.0,-4.0,-1.475,8.0
2025-04,weekend,notte,ICN,-152.0,0,22,1,18,0,1,0,3,0,0,0,0,22,170.0,1,18.0,0,1.900000000000002,-6.0,-6.909090909090909,2.95
2025-04,weekend,notte,MET,-102.0,0,101,0,60,0,0,0,41,0,0,0,0,101,149.0,0,47.0,0,2.0,-2.0,-1.00990099009901,3.0
2025-04,weekend,notte,REG,913.0,0,3919,349,2000,0,349,0,1551,73,0,0,25,3919,5727.0,124,6640.0,9,4.0,-1.0,0.2341025641025641,7.0
2025-04,weekend,notte,,2876.0,0,322,74,168,0,74,0,80,46,0,0,30,322,876.0,60,3752.0,20,22.0,-1.0,8.93167701863354,61.0
2025-04,weekend,pomeriggio,EC,240.0,0,104,26,54,0,26,0,22,8,0,0,3,104,216.0,15,456.0,2,11.0,-1.0,2.3529411764705883,21.84999999999997
2025-04,weekend,pomeriggio,EN,70.0,0,10,3,0,0,3,0,6,2,0,0,1,10,0.0,3,70.0,0,18.200000000000003,3.0,7.777777777777777,24.599999999999994
2025-04,weekend,pomeriggio,EXP,77.0,0,3,2,1,0,2,0,0,1,0,0,1,3,1.0,1,78.0,1,59.400000000000006,5.0,25.666666666666668,66.19999999999999
2025-04,weekend,pomeriggio,IC,500.0,0,182,51,94,0,51,0,37,15,0,0,4,182,454.0,26,954.0,2,12.0,-1.0,2.747252747252748,21.899999999999977
2025-04,weekend,pomeriggio,ICN,-64.0,0,8,0,8,0,0,0,0,0,0,0,0,8,64.0,0,0.0,0,-2.0,-4.5,-8.0,-2.0
2025-04,weekend,pomeriggio,IR,106.0,0,2,2,0,0,2,0,0,1,0,0,1,2,0.0,2,106.0,1,84.2,53.0,53.0,88.1
2025-04,weekend,pomeriggio,MET,-142.0,0,398,14,233,0,14,0,145,5,0,0,3,398,532.0,7,390.0,1,2.0,-1.0,-0.36224489795918374,3.0
2025-04,weekend,pomeriggio,REG,9231.0,0,11721,1380,5220,0,1380,0,5057,268,0,0,73,11721,13992.0,470,23223.0,12,5.0,0.0,0.7918847044694176,8.0
2025-04,weekend,pomeriggio,,4908.0,0,1002,330,366,0,330,0,306,124,0,0,56,1002,1718.0,186,6626.0,18,17.0,2.0,4.898203592814372,32.0
2025-04,weekend,sera,EC,65.0,0,63,13,40,0,13,0,10,3,0,0,1,63,137.0,7,202.0,0,9.800000000000004,-2.0,1.031746031746032,13.9
2025-04,weekend,sera,EN,47.0,0,5,3,1,0,3,0,1,2,0,0,0,5,5.0,2,52.0,0,21.6,8.0,9.4,22.8
2025-04,weekend,sera,IC,387.0,0,92,19,50,0,19,0,23,7,0,0,5,92,232.0,11,619.0,2,10.900000000000006,-1.0,4.206521739130435,23.75000000000005
2025-04,weekend,sera,ICN,74.0,0,98,17,64,0,17,0,17,8,0,0,6,98,408.0,12,482.0,3,10.0,-2.5,0.7551020408163265,32.14999999999999
2025-04,weekend,sera,IR,15.0,0,1,1,0,0,1,0,0,1,0,0,0,1,0.0,1,15.0,0,15.0,15.0,15.0,15.0
2025-04,weekend,sera,MET,-309.0,0,335,7,203,0,7,0,124,1,0,0,0,335,523.0,2,214.0,0,2.0,-1.0,-0.9251497005988024,3.0
2025-04,weekend,sera,REG,8239.0,0,9669,1143,4306,0,1143,0,4161,214,0,0,73,9669,11526.0,405,19765.0,13,5.0,0.0,0.8573361082206036,9.0
2025-04,weekend,sera,,370.0,0,390,84,212,0,84,0,94,28,0,0,2,390,956.0,50,1326.0,2,11.599999999999996,-1.0,0.9487179487179487,17.0
2025-04,weekend,tarda_mattina,EC,641.0,0,147,41,66,0,41,0,40,16,0,0,6,147,293.0,26,934.0,2,15.400000000000004,1.0,4.360544217687075,28.399999999999977
2025-04,weekend,tarda_mattina,IC,215.0,0,222,55,123,0,55,0,44,23,0,0,5,222,765.0,34,980.0,2,14.900000000000006,-1.0,0.9684684684684683,22.0
2025-04,weekend,tarda_mattina,ICN,-113.0,0,14,0,13,0,0,0,1,0,0,0,0,14,116.0,0,3.0,0,-1.299999999999999,-4.0,-8.071428571428571,0.3999999999999986
2025-04,weekend,tarda_mattina,MET,-349.0,0,476,15,296,0,15,0,162,3,0,0,3,476,736.0,4,387.0,1,2.0,-1.0,-0.7378435517970402,3.0
2025-04,weekend,tarda_mattina,REG,8682.0,0,12716,1428,5800,0,1428,0,5416,273,0,0,77,12716,15444.0,491,24126.0,8,5.0,0.0,0.6866497943688706,8.0
2025-04,weekend,tarda_mattina,,5896.0,0,944,330,336,0,330,0,278,134,0,0,76,944,1360.0,178,7256.0,22,24.0,2.0,6.245762711864407,39.0
2025-05,infrasettimanale,mattina,DIR,18.0,0,1,1,0,0,1,0,0,1,0,0,0,1,0.0,1,18.0,0,18.0,18.0,18.0,18.0
2025-05,infrasettimanale,mattina,EC,330.0,0,146,27,80,0,27,0,37,10,0,0,6,146,387.0,18,717.0,4,11.0,-1.0,2.2916666666666665,18.69999999999999
2025-05,infrasettimanale,mattina,EXP,15.0,0,2,2,0,0,2,0,0,0,0,0,0,2,0.0,0,15.0,0,7.9,7.5,7.5,7.95
2025-05,infrasettimanale,mattina,IC,4377.0,0,559,224,154,0,224,0,166,96,0,0,37,559,613.0,135,4990.0,16,23.0,3.0,8.045955882352942,47.85000000000002
2025-05,infrasettimanale,mattina,IR,-1.0,0,1,0,1,0,0,0,0,0,0,0,0,1,1.0,0,0.0,0,-1.0,-1.0,-1.0,-1.0
2025-05,infrasettimanale,mattina,MET,271.0,0,977,67,472,0,67,0,418,17,0,0,8,977,1163.0,27,1434.0,0,3.0,0.0,0.2831765935214211,6.0
2025-05,infrasettimanale,mattina,NCL,173.0,0,14,7,4,0,7,0,2,5,0,0,3,14,41.0,6,214.0,0,53.600000000000016,5.0,13.307692307692308,58.0
2025-05,infrasettimanale,mattina,REG,76122.0,0,37168,6541,13262,0,6541,0,16519,1413,0,0,497,37168,33775.0,2359,109897.0,106,7.0,1.0,2.0957546390617257,12.0
2025-05,infrasettimanale,mattina,,29968.0,0,3274,1432,850,0,1432,0,888,616,0,0,280,3274,3220.0,878,33188.0,88,27.0,4.0,9.453627760252363,41.0
2025-05,infrasettimanale,notte,EC,23.0,0,22,5,13,0,5,0,4,1,0,0,1,22,49.0,2,72.0,0,8.700000000000006,-1.5,1.0454545454545454,12.799999999999995
2025-05,infrasettimanale,notte,EN,1678.0,0,43,27,9,0,27,0,7,13,0,0,9,43,31.0,22,1709.0,7,178.80000000000024,10.0,39.02325581395349,232.79999999999995
2025-05,infrasettimanale,notte,EXP,206.0,0,6,4,0,0,4,0,2,3,0,0,3,6,0.0,4,206.0,2,75.0,27.0,34.333333333333336,75.0
2025-05,infrasettimanale,notte,IC,1906.0,0,266,89,110,0,89,0,59,47,0,0,25,266,598.0,61,2504.0,11,28.30000000000001,1.0,7.387596899224806,53.29999999999996
2025-05,infrasettimanale,notte,ICN,69.0,0,42,11,22,0,11,0,9,6,0,0,3,42,219.0,8,288.0,2,16.0,-1.0,1.6428571428571428,32.599999999999966
2025-05,infrasettimanale,notte,IR,-4.0,0,1,0,1,0,0,0,0,0,0,0,0,1,4.0,0,0.0,0,-4.0,-4.0,-4.0,-4.0
2025-05,infrasettimanale,notte,MET,-291.0,0,334,9,208,0,9,0,109,1,0,0,1,334,485.0,1,194.0,0,2.0,-1.0,-0.8926380368098159,3.0
2025-05,infrasettimanale,notte,NCL,146.0,0,6,3,0,0,3,0,0,3,0,0,3,6,0.0,3,146.0,0,53.79999999999999,53.0,48.66666666666666,53.9
2025-05,infrasettimanale,notte,REG,16311.0,0,15028,1794,6799,0,1794,0,6072,454,0,0,175,15028,17582.0,701,33893.0,48,5.0,0.0,1.1122400272758268,9.0
2025-05,infrasettimanale,notte,,6876.0,0,1108,348,422,0,348,0,308,148,0,0,92,1108,1864.0,212,8740.0,24,23.19999999999999,1.0,6.37847866419295,42.099999999999966
2025-05,infrasettimanale,pomeriggio,EC,2148.0,0,293,116,98,0,116,0,77,37,0,0,14,293,485.0,64,2633.0,8,17.0,2.0,7.381443298969073,27.5
2025-05,infrasettimanale,pomeriggio,EN,501.0,0,21,15,0,0,15,0,6,8,0,0,6,21,0.0,11,501.0,3,61.0,11.0,23.857142857142858,75.0
2025-05,infrasettimanale,pomeriggio,EXP,6.0,0,8,2,5,0,2,0,1,2,0,0,1,8,63.0,2,69.0,0,27.7,-2.0,0.75,37.84999999999998
2025-05,infrasettimanale,pomeriggio,IC,3956.0,0,513,209,173,0,209,0,110,93,0,0,52,513,714.0,133,4670.0,14,31.0,3.0,8.040650406504065,45.0
2025-05,infrasettimanale,pomeriggio,ICN,897.0,0,71,22,32,0,22,0,17,18,0,0,10,71,112.0,19,1009.0,9,71.0,0.0,12.633802816901408,80.0
2025-05,infrasettimanale,pomeriggio,MET,90.0,0,1182,79,563,0,79,0,412,21,0,0,7,1182,1458.0,37,1548.0,1,3.0,-1.0,0.0853889943074003,7.0
2025-05,infrasettimanale,pomeriggio,NCL,-49.0,0,1,0,1,0,0,0,0,0,0,0,0,1,49.0,0,0.0,0,-49.0,-49.0,-49.0,-49.0
2025-05,infrasettimanale,pomeriggio,REG,104618.0,0,46059,8555,15262,0,8555,0,19357,2018,0,0,679,46059,38540.0,3368,143158.0,138,8.0,1.0,2.4231713531291983,14.0
2025-05,infrasettimanale,pomeriggio,,32800.0,0,2972,1514,728,0,1514,0,650,670,0,0,350,2972,3000.0,964,35800.0,120,35.0,5.0,11.341632088520056,52.75
2025-05,infrasettimanale,sera,EC,1533.0,0,230,88,68,0,88,0,71,35,0,0,11,230,252.0,48,1785.0,2,19.40000000000001,3.0,6.753303964757709,26.0
2025-05,infrasettimanale,sera,EN,152.0,0,19,9,1,0,9,0,9,5,0,0,0,19,3.0,6,155.0,0,20.0,4.0,8.0,20.2
2025-05,infrasettimanale,sera,EXP,-37.0,0,5,0,4,0,0,0,1,0,0,0,0,5,39.0,0,2.0,0,0.4000000000000002,-9.0,-7.4,1.1999999999999993
2025-05,infrasettimanale,sera,IC,2114.0,0,294,107,114,0,107,0,62,51,0,0,23,294,494.0,77,2608.0,7,26.80000000000001,1.0,7.469964664310954,34.0
2025-05,infrasettimanale,sera,ICN,2046.0,0,253,82,117,0,82,0,54,47,0,0,31,253,934.0,62,2980.0,17,36.80000000000001,0.0,8.08695652173913,78.59999999999991
2025-05,infrasettimanale,sera,IR,-9.0,0,2,0,2,0,0,0,0,0,0,0,0,2,9.0,0,0.0,0,-3.3,-4.5,-4.5,-3.1500000000000004
2025-05,infrasettimanale,sera,MET,485.0,0,1025,83,503,0,83,0,406,31,0,0,5,1025,1281.0,46,1766.0,2,4.0,-1.0,0.4889112903225806,9.0
2025-05,infrasettimanale,sera,NCL,-8.0,0,1,0,1,0,0,0,0,0,0,0,0,1,8.0,0,0.0,0,-8.0,-8.0,-8.0,-8.0
2025-05,infrasettimanale,sera,REG,88521.0,0,36785,7188,13485,0,7188,0,15054,1853,0,0,675,36785,35526.0,2944,124047.0,159,8.0,1.0,2.47770593668654,15.0
2025-05,infrasettimanale,sera,,9184.0,0,1188,494,412,0,494,0,232,202,0,0,106,1188,1948.0,302,11132.0,28,28.199999999999985,3.0,8.07029876977153,45.0
2025-05,infrasettimanale,tarda_mattina,DIR,34.0,0,1,1,0,0,1,0,0,1,0,0,1,1,0.0,1,34.0,0,34.0,34.0,34.0,34.0
2025-05,infrasettimanale,tarda_mattina,EC,2251.0,0,362,126,130,0,126,0,101,41,0,0,19,362,580.0,71,2831.0,11,17.0,2.0,6.30532212885154,30.399999999999977
2025-05,infrasettimanale,tarda_mattina,EXP,85.0,0,10,4,5,0,4,0,1,4,0,0,2,10,44.0,4,129.0,0,32.599999999999994,1.0,8.5,39.79999999999998
2025-05,infrasettimanale,tarda_mattina,IC,5122.0,0,601,229,223,0,229,0,133,110,0,0,58,601,965.0,150,6087.0,22,29.0,1.0,8.755555555555556,51.0
2025-05,infrasettimanale,tarda_mattina,ICN,-115.0,0,47,5,34,0,5,0,8,3,0,0,3,47,263.0,4,148.0,0,5.199999999999996,-4.0,-2.4468085106382977,24.899999999999928
2025-05,infrasettimanale,tarda_mattina,IR,-2.0,0,1,0,1,0,0,0,0,0,0,0,0,1,2.0,0,0.0,0,-2.0,-2.0,-2.0,-2.0
2025-05,infrasettimanale,tarda_mattina,MET,216.0,0,1372,87,715,0,87,0,439,18,0,0,6,1372,1789.0,36,2005.0,3,3.0,-1.0,0.1740531829170024,7.0
2025-05,infrasettimanale,tarda_mattina,NCL,-49.0,0,12,1,8,0,1,0,0,1,0,0,1,12,101.0,1,52.0,0,8.80000000000001,-5.0,-5.4444444444444455,30.399999999999977
2025-05,infrasettimanale,tarda_mattina,REG,70805.0,0,46985,6796,17323,0,6796,0,19758,1344,0,0,447,46985,42787.0,2401,113592.0,68,6.0,1.0,1.6137156141030609,10.0
2025-05,infrasettimanale,tarda_mattina,,34208.0,0,3010,1392,724,0,1392,0,772,700,0,0,370,3010,2664.0,980,36872.0,128,35.0,4.0,11.844875346260388,56.69999999999982
2025-05,weekend,mattina,EC,96.0,0,52,11,30,0,11,0,11,4,0,0,1,52,140.0,9,236.0,1,13.799999999999995,-2.0,1.8461538461538465,19.45
2025-05,weekend,mattina,IC,1163.0,0,251,76,107,0,76,0,68,25,0,0,12,251,514.0,40,1677.0,6,14.0,1.0,4.633466135458168,26.5
2025-05,weekend,mattina,MET,-139.0,0,364,13,212,0,13,0,135,2,0,0,1,364,442.0,3,303.0,0,2.0,-1.0,-0.3861111111111111,3.050000000000012
2025-05,weekend,mattina,REG,9898.0,0,10973,1217,4906,0,1217,0,4765,258,0,0,102,10973,12644.0,442,22542.0,25,5.0,0.0,0.9090742101396031,8.0
2025-05,weekend,mattina,,7800.0,0,1256,466,482,0,466,0,308,182,0,0,84,1256,2174.0,258,9974.0,34,21.0,2.0,6.210191082802548,39.64999999999998
2025-05,weekend,notte,EC,-26.0,0,9,1,7,0,1,0,1,0,0,0,0,9,34.0,0,8.0,0,2.200000000000001,-5.0,-2.888888888888889,4.599999999999998
2025-05,weekend,notte,EN,184.0,0,13,8,3,0,8,0,2,5,0,0,1,13,13.0,7,197.0,1,23.000000000000004,11.0,14.153846153846152,46.39999999999991
2025-05,weekend,notte,EXP,-21.0,0,2,0,2,0,0,0,0,0,0,0,0,2,21.0,0,0.0,0,-6.9,-10.5,-10.5,-6.450000000000001
2025-05,weekend,notte,IC,38.0,0,97,24,57,0,24,0,16,7,0,0,2,97,319.0,12,357.0,0,10.0,-2.0,0.3917525773195876,18.59999999999997
2025-05,weekend,notte,ICN,-154.0,0,28,2,22,0,2,0,4,0,0,0,0,28,175.0,0,21.0,0,3.0,-5.5,-5.5,4.949999999999996
2025-05,weekend,notte,MET,-143.0,0,122,0,79,0,0,0,43,0,0,0,0,122,198.0,0,55.0,0,2.0,-1.5,-1.1721311475409837,2.9499999999999886
2025-05,weekend,notte,NCL,112.0,0,5,2,0,0,2,0,0,2,0,0,2,5,0.0,2,112.0,1,64.0,56.0,56.0,65.0
2025-05,weekend,notte,REG,2942.0,0,4730,494,2301,0,494,0,1897,114,0,0,42,4730,6557.0,200,9499.0,7,5.0,0.0,0.6270247229326513,8.0
2025-05,weekend,notte,,1046.0,0,350,80,164,0,80,0,102,36,0,0,14,350,844.0,52,1890.0,6,14.80000000000001,0.0,3.023121387283237,26.0
2025-05,weekend,pomeriggio,EC,750.0,0,120,41,61,0,41,0,18,15,0,0,12,120,242.0,25,992.0,3,21.90000000000008,-1.0,6.25,37.44999999999997
2025-05,weekend,pomeriggio,EN,112.0,0,9,7,0,0,7,0,2,4,0,0,1,9,0.0,4,112.0,0,26.4,6.0,12.444444444444445,29.200000000000003
2025-05,weekend,pomeriggio,EXP,-2.0,0,2,0,2,0,0,0,0,0,0,0,0,2,2.0,0,0.0,0,-1.0,-1.0,-1.0,-1.0
2025-05,weekend,pomeriggio,IC,1151.0,0,215,62,103,0,62,0,50,35,0,0,16,215,418.0,49,1569.0,5,20.599999999999994,0.0,5.353488372093024,37.29999999999998
2025-05,weekend,pomeriggio,ICN,-60.0,0,13,1,10,0,1,0,2,0,0,0,0,13,75.0,1,15.0,0,0.8000000000000007,-5.0,-4.615384615384615,6.199999999999982
2025-05,weekend,pomeriggio,MET,-293.0,0,439,6,261,0,6,0,171,3,0,0,2,439,643.0,3,350.0,0,2.0,-1.0,-0.6689497716894978,3.0
2025-05,weekend,pomeriggio,REG,16593.0,0,13765,1818,5876,0,1818,0,5998,414,0,0,127,13765,15361.0,735,31954.0,24,6.0,0.0,1.2118755477651182,10.0
2025-05,weekend,pomeriggio,,6630.0,0,1170,432,406,0,432,0,332,182,0,0,64,1170,1836.0,256,8466.0,14,21.0,2.0,5.666666666666667,32.799999999999955
2025-05,weekend,sera,EC,215.0,0,77,30,33,0,30,0,13,7,0,0,1,77,158.0,12,373.0,0,12.5,1.0,2.8289473684210527,20.0
2025-05,weekend,sera,EN,124.0,0,7,5,0,0,5,0,2,5,0,0,1,7,0.0,5,124.0,0,27.0,21.0,17.714285714285715,28.5
2025-05,weekend,sera,EXP,2.0,0,1,0,0,0,0,0,1,0,0,0,0,1,0.0,0,2.0,0,2.0,2.0,2.0,2.0
2025-05,weekend,sera,IC,248.0,0,103,25,51,0,25,0,27,11,0,0,4,103,266.0,14,514.0,1,14.799999999999997,0.0,2.407766990291262,24.49999999999996
2025-05,weekend,sera,ICN,351.0,0,119,32,68,0,32,0,19,13,0,0,10,119,512.0,22,863.0,4,24.40000000000001,-2.0,2.9495798319327733,42.19999999999999
2025-05,weekend,sera,IR,53.0,0,1,1,0,0,1,0,0,1,0,0,1,1,0.0,1,53.0,0,53.0,53.0,53.0,53.0
2025-05,weekend,sera,MET,-239.0,0,386,16,222,0,16,0,148,5,0,0,0,386,556.0,6,317.0,0,2.0,-1.0,-0.6191709844559585,3.0
2025-05,weekend,sera,REG,15225.0,0,11483,1659,4924,0,1659,0,4835,388,0,0,135,11483,12799.0,647,28024.0,15,6.0,0.0,1.3334209143457698,11.0
2025-05,weekend,sera,,1110.0,0,472,146,218,0,146,0,108,34,0,0,12,472,976.0,72,2086.0,0,13.0,1.0,2.351694915254237,21.0
2025-05,weekend,tarda_mattina,EC,1018.0,0,172,61,64,0,61,0,47,20,0,0,7,172,305.0,33,1323.0,4,16.900000000000006,2.0,5.918604651162791,24.899999999999974
2025-05,weekend,tarda_mattina,EXP,15.0,0,1,1,0,0,1,0,0,1,0,0,0,1,0.0,1,15.0,0,15.0,15.0,15.0,15.0
2025-05,weekend,tarda_mattina,IC,954.0,0,246,70,122,0,70,0,54,37,0,0,16,246,708.0,52,1662.0,4,23.5,0.0,3.8780487804878048,32.5
2025-05,weekend,tarda_mattina,ICN,-97.0,0,22,3,13,0,3,0,6,1,0,0,0,22,151.0,2,54.0,0,4.900000000000002,-3.5,-4.409090909090909,12.599999999999994
2025-05,weekend,tarda_mattina,MET,-428.0,0,533,19,316,0,19,0,198,1,0,0,0,533,812.0,3,384.0,0,2.0,-1.0,-0.8030018761726079,4.0
2025-05,weekend,tarda_mattina,REG,14861.0,0,14943,1873,6437,0,1873,0,6542,347,0,0,111,14943,16806.0,660,31667.0,20,5.0,0.0,1.0006059789927282,9.0
2025-05,weekend,tarda_mattina,,6746.0,0,1104,396,420,0,396,0,286,162,0,0,76,1104,1822.0,234,8568.0,22,23.0,2.0,6.121597096188748,37.5
2025-06,infrasettimanale,mattina,EC,187.0,0,99,29,40,0,29,0,26,7,0,0,2,99,196.0,13,383.0,0,12.200000000000015,1.0,1.9684210526315788,16.299999999999997
2025-06,infrasettimanale,mattina,IC,4747.0,0,536,224,131,0,224,0,176,95,0,0,45,536,564.0,140,5311.0,17,26.0,3.0,8.939736346516007,42.5
2025-06,infrasettimanale,mattina,ICN,-20.0,0,6,0,5,0,0,0,1,0,0,0,0,6,20.0,0,0.0,0,-0.5,-2.0,-3.3333333333333335,-0.25
2025-06,infrasettimanale,mattina,IR,23.0,0,1,1,0,0,1,0,0,1,0,0,0,1,0.0,1,23.0,0,23.0,23.0,23.0,23.0
2025-06,infrasettimanale,mattina,MET,233.0,0,864,58,361,0,58,0,436,2,0,0,2,864,791.0,7,1024.0,0,3.0,0.0,0.2725146198830409,5.0
2025-06,infrasettimanale,mattina,NCL,127.0,0,1,1,0,0,1,0,0,1,0,0,1,1,0.0,1,127.0,1,127.0,127.0,127.0,127.0
2025-06,infrasettimanale,mattina,REG,46482.0,0,33204,4746,12757,0,4746,0,14913,922,0,0,294,33204,32609.0,1591,79091.0,48,6.0,1.0,1.43392152023692,9.0
2025-06,infrasettimanale,mattina,,34300.0,0,2986,1368,750,0,1368,0,794,654,0,0,342,2986,2934.0,902,37234.0,138,33.0,4.0,11.778846153846152,58.0
2025-06,infrasettimanale,notte,EC,445.0,0,21,11,3,0,11,0,7,9,0,0,7,21,14.0,11,459.0,1,56.0,13.0,21.19047619047619,57.0
2025-06,infrasettimanale,notte,EN,806.0,0,37,23,3,0,23,0,11,13,0,0,8,37,69.0,14,875.0,5,67.59999999999997,7.0,21.783783783783782,95.3999999999999
2025-06,infrasettimanale,notte,EXP,72.0,0,7,5,2,0,5,0,0,4,0,0,0,7,14.0,4,86.0,0,23.8,15.0,10.285714285714286,24.4
2025-06,infrasettimanale,notte,IC,2284.0,0,250,106,87,0,106,0,54,49,0,0,19,250,498.0,69,2782.0,8,26.40000000000001,3.0,9.246963562753036,40.099999999999966
2025-06,infrasettimanale,notte,ICN,177.0,0,48,12,27,0,12,0,9,4,0,0,4,48,206.0,8,383.0,2,12.0,-1.5,3.6875,38.44999999999998
2025-06,infrasettimanale,notte,IR,11.0,0,1,1,0,0,1,0,0,0,0,0,0,1,0.0,1,11.0,0,11.0,11.0,11.0,11.0
2025-06,infrasettimanale,notte,MET,-228.0,0,460,33,294,0,33,0,125,9,0,0,3,460,824.0,18,596.0,0,3.0,-2.0,-0.504424778761062,6.449999999999988
2025-06,infrasettimanale,notte,NCL,-138.0,0,2,0,2,0,0,0,0,0,0,0,0,2,138.0,0,0.0,0,-55.4,-69.0,-69.0,-53.7
2025-06,infrasettimanale,notte,REG,11685.0,0,14127,1566,6531,0,1566,0,5618,358,0,0,137,14127,16927.0,601,28612.0,22,5.0,0.0,0.8519868756835581,9.0
2025-06,infrasettimanale,notte,,7756.0,0,1048,342,394,0,342,0,286,148,0,0,92,1048,1522.0,212,9278.0,34,28.0,2.0,7.589041095890411,45.5
2025-06,infrasettimanale,pomeriggio,EC,2947.0,0,250,113,72,0,113,0,55,68,0,0,32,250,236.0,82,3183.0,11,35.29999999999998,4.0,12.279166666666669,59.0
2025-06,infrasettimanale,pomeriggio,EXP,98.0,0,7,5,1,0,5,0,1,3,0,0,1,7,7.0,3,105.0,0,32.60000000000001,9.0,14.0,39.79999999999999
2025-06,infrasettimanale,pomeriggio,IC,6012.0,0,463,244,122,0,244,0,94,118,0,0,68,463,441.0,173,6453.0,20,37.10000000000002,5.0,13.069565217391304,54.09999999999991
2025-06,infrasettimanale,pomeriggio,ICN,1102.0,0,55,23,23,0,23,0,9,18,0,0,14,55,80.0,19,1182.0,9,74.80000000000001,1.0,20.036363636363635,100.9
2025-06,infrasettimanale,pomeriggio,MET,164.0,0,1104,77,549,0,77,0,408,16,0,0,6,1104,1232.0,24,1396.0,1,4.0,-1.0,0.1586073500967117,5.349999999999909
2025-06,infrasettimanale,pomeriggio,REG,95723.0,0,42735,7922,14845,0,7922,0,18185,1877,0,0,657,42735,37840.0,3150,133563.0,130,8.0,1.0,2.337443836686853,13.0
2025-06,infrasettimanale,pomeriggio,,47452.0,0,2850,1626,554,0,1626,0,614,930,0,0,538,2850,2302.0,1196,49754.0,196,47.0,7.0,16.98353614889048,73.0
2025-06,infrasettimanale,sera,EC,1225.0,0,157,66,50,0,66,0,34,25,0,0,10,157,160.0,38,1385.0,4,23.099999999999994,3.0,8.166666666666666,32.749999999999915
2025-06,infrasettimanale,sera,EN,608.0,0,42,22,4,0,22,0,16,12,0,0,4,42,19.0,16,627.0,2,27.699999999999996,5.0,14.476190476190476,48.349999999999945
2025-06,infrasettimanale,sera,EXP,-27.0,0,4,1,3,0,1,0,0,0,0,0,0,4,34.0,0,7.0,0,3.400000000000002,-8.0,-6.75,5.199999999999996
2025-06,infrasettimanale,sera,IC,3770.0,0,299,139,104,0,139,0,49,67,0,0,39,299,515.0,92,4285.0,20,41.80000000000007,3.0,12.91095890410959,71.24999999999994
2025-06,infrasettimanale,sera,ICN,1399.0,0,250,67,129,0,67,0,54,43,0,0,27,250,865.0,52,2264.0,8,30.099999999999994,-1.0,5.596,49.099999999999966
2025-06,infrasettimanale,sera,IR,82.0,0,3,2,1,0,2,0,0,1,0,0,1,3,3.0,1,85.0,1,65.0,5.0,27.33333333333333,72.5
2025-06,infrasettimanale,sera,MET,188.0,0,1053,61,539,0,61,0,429,14,0,0,6,1053,1215.0,28,1403.0,1,3.0,-1.0,0.1827016520894072,5.0
2025-06,infrasettimanale,sera,REG,71887.0,0,34325,6331,13058,0,6331,0,13890,1536,0,0,511,34325,34550.0,2577,106437.0,104,8.0,1.0,2.16013101355209,14.0
2025-06,infrasettimanale,sera,,11878.0,0,1136,520,396,0,520,0,180,254,0,0,140,1136,2038.0,334,13916.0,56,35.0,3.0,10.837591240875913,59.5999999999999
2025-06,infrasettimanale,tarda_mattina,EC,1925.0,0,303,103,113,0,103,0,80,41,0,0,17,303,528.0,65,2453.0,6,17.5,2.0,6.503378378378378,34.25
2025-06,infrasettimanale,tarda_mattina,EXP,113.0,0,10,5,3,0,5,0,0,4,0,0,2,10,12.0,5,125.0,0,33.9,15.5,14.125,38.44999999999999
2025-06,infrasettimanale,tarda_mattina,IC,7856.0,0,584,286,163,0,286,0,134,156,0,0,78,584,784.0,204,8640.0,29,36.0,4.0,13.475128644939966,58.0
2025-06,infrasettimanale,tarda_mattina,ICN,-134.0,0,61,9,39,0,9,0,13,6,0,0,1,61,326.0,7,192.0,0,14.0,-4.0,-2.19672131147541,21.0
2025-06,infrasettimanale,tarda_mattina,IR,3.0,0,1,0,0,0,0,0,1,0,0,0,0,1,0.0,0,3.0,0,3.0,3.0,3.0,3.0
2025-06,infrasettimanale,tarda_mattina,MET,600.0,0,1295,60,693,0,60,0,492,20,0,0,9,1295,1672.0,26,2272.0,5,3.0,-1.0,0.48192771084337355,4.0
2025-06,infrasettimanale,tarda_mattina,REG,61773.0,0,43354,6274,17058,0,6274,0,18525,1240,0,0,402,43354,41743.0,2208,103516.0,74,6.0,0.0,1.4758104976467497,10.0
2025-06,infrasettimanale,tarda_mattina,,46398.0,0,2878,1604,558,0,1604,0,656,856,0,0,498,2878,2268.0,1124,48666.0,210,49.0,6.0,16.46486870120653,78.0
2025-06,weekend,mattina,EC,-17.0,0,41,7,26,0,7,0,8,2,0,0,0,41,98.0,2,81.0,0,5.0,-2.0,-0.4146341463414634,9.0
2025-06,weekend,mattina,EN,-23.0,0,1,0,1,0,0,0,0,0,0,0,0,1,23.0,0,0.0,0,-23.0,-23.0,-23.0,-23.0
2025-06,weekend,mattina,IC,2824.0,0,251,113,70,0,113,0,67,53,0,0,30,251,290.0,71,3114.0,11,33.099999999999994,4.0,11.296,52.54999999999998
2025-06,weekend,mattina,ICN,-59.0,0,3,0,3,0,0,0,0,0,0,0,0,3,59.0,0,0.0,0,-9.2,-26.0,-19.666666666666668,-7.100000000000001
2025-06,weekend,mattina,IR,-4.0,0,1,0,1,0,0,0,0,0,0,0,0,1,4.0,0,0.0,0,-4.0,-4.0,-4.0,-4.0
2025-06,weekend,mattina,MET,-204.0,0,350,9,195,0,9,0,144,0,0,0,0,350,430.0,1,226.0,0,2.0,-1.0,-0.5862068965517241,3.0
2025-06,weekend,mattina,REG,7458.0,0,10141,1099,4637,0,1099,0,4279,217,0,0,76,10141,12279.0,384,19737.0,17,5.0,0.0,0.7446829755366949,8.0
2025-06,weekend,mattina,,8872.0,0,1202,476,388,0,476,0,334,182,0,0,80,1202,1622.0,282,10494.0,32,23.0,3.0,7.40567612687813,37.30000000000007
2025-06,weekend,notte,EC,123.0,0,9,6,2,0,6,0,1,3,0,0,2,9,18.0,4,141.0,0,45.2,8.0,13.666666666666666,47.6
2025-06,weekend,notte,EN,217.0,0,18,7,5,0,7,0,5,4,0,0,3,18,20.0,5,237.0,1,44.00000000000001,2.0,12.764705882352942,63.19999999999997
2025-06,weekend,notte,EXP,-8.0,0,2,0,1,0,0,0,1,0,0,0,0,2,9.0,0,1.0,0,0.0,-4.0,-4.0,0.5
2025-06,weekend,notte,IC,1482.0,0,103,35,47,0,35,0,21,22,0,0,15,103,242.0,26,1724.0,8,52.6,1.0,14.388349514563108,100.79999999999998
2025-06,weekend,notte,ICN,82.0,0,27,4,20,0,4,0,3,2,0,0,2,27,162.0,3,244.0,1,8.800000000000004,-3.0,3.037037037037037,42.19999999999997
2025-06,weekend,notte,MET,-256.0,0,182,3,110,0,3,0,68,0,0,0,0,182,351.0,1,95.0,0,2.0,-2.0,-1.4143646408839776,3.0
2025-06,weekend,notte,NCL,34.0,0,6,4,2,0,4,0,0,1,0,0,1,6,27.0,2,61.0,0,23.5,7.0,5.666666666666667,28.25
2025-06,weekend,notte,REG,3125.0,0,4482,501,2231,0,501,0,1707,120,0,0,43,4482,6197.0,202,9322.0,8,5.0,-1.0,0.7039873845460689,9.0
2025-06,weekend,notte,,2080.0,0,358,98,176,0,98,0,84,50,0,0,28,358,924.0,64,3004.0,16,20.0,0.0,5.810055865921788,48.0
2025-06,weekend,pomeriggio,EC,1211.0,0,111,48,41,0,48,0,22,27,0,0,13,111,171.0,39,1382.0,7,35.0,3.0,10.90990990990991,62.0
2025-06,weekend,pomeriggio,EN,16.0,0,2,1,0,0,1,0,1,0,0,0,0,2,0.0,1,16.0,0,11.2,8.0,8.0,11.6
2025-06,weekend,pomeriggio,EXP,-7.0,0,1,0,1,0,0,0,0,0,0,0,0,1,7.0,0,0.0,0,-7.0,-7.0,-7.0,-7.0
2025-06,weekend,pomeriggio,IC,3101.0,0,212,120,46,0,120,0,44,62,0,0,39,212,249.0,80,3350.0,13,45.0,6.0,14.766666666666666,64.54999999999998
2025-06,weekend,pomeriggio,ICN,10.0,0,9,2,4,0,2,0,3,1,0,0,0,9,19.0,1,29.0,0,7.200000000000001,2.0,1.1111111111111112,11.599999999999996
2025-06,weekend,pomeriggio,IR,109.0,0,2,2,0,0,2,0,0,2,0,0,2,2,0.0,2,109.0,1,65.3,54.5,54.5,66.65
2025-06,weekend,pomeriggio,MET,-144.0,0,446,21,251,0,21,0,174,5,0,0,1,446,561.0,8,417.0,1,2.0,-1.0,-0.3228699551569506,4.0
2025-06,weekend,pomeriggio,REG,26223.0,0,13055,2130,5423,0,2130,0,5306,598,0,0,250,13055,14476.0,961,40699.0,70,7.0,0.0,2.039272105140369,14.0
2025-06,weekend,pomeriggio,,19928.0,0,1164,644,246,0,644,0,274,372,0,0,208,1164,1052.0,466,20980.0,98,50.89999999999998,6.0,17.120274914089347,76.0
2025-06,weekend,sera,EC,512.0,0,69,26,23,0,26,0,18,11,0,0,8,69,66.0,14,578.0,2,30.4,2.0,7.64179104477612,47.79999999999994
2025-06,weekend,sera,EN,196.0,0,15,6,2,0,6,0,6,3,0,0,2,15,4.0,6,200.0,1,31.400000000000023,4.0,14.0,57.94999999999998
2025-06,weekend,sera,EXP,-10.0,0,6,1,2,0,1,0,3,0,0,0,0,6,25.0,1,15.0,0,7.0,0.5,-1.6666666666666667,9.5
2025-06,weekend,sera,IC,1850.0,0,121,45,56,0,45,0,19,24,0,0,16,121,315.0,35,2165.0,10,38.90000000000008,1.0,15.416666666666666,99.84999999999997
2025-06,weekend,sera,ICN,788.0,0,123,34,63,0,34,0,26,24,0,0,16,123,529.0,29,1317.0,7,41.19999999999999,-1.0,6.40650406504065,61.69999999999997
2025-06,weekend,sera,MET,-79.0,0,393,22,208,0,22,0,161,2,0,0,0,393,480.0,7,401.0,0,3.0,-1.0,-0.2020460358056266,5.0
2025-06,weekend,sera,REG,22578.0,0,11033,1872,4557,0,1872,0,4416,506,0,0,202,11033,11722.0,795,34300.0,49,7.0,0.0,2.081881051175657,14.0
2025-06,weekend,sera,,3144.0,0,440,154,200,0,154,0,80,76,0,0,46,440,1408.0,94,4552.0,16,30.0,1.0,7.244239631336406,52.39999999999998
2025-06,weekend,tarda_mattina,EC,919.0,0,150,52,62,0,52,0,36,23,0,0,11,150,248.0,32,1167.0,3,19.0,1.5,6.126666666666667,33.54999999999998
2025-06,weekend,tarda_mattina,EXP,19.0,0,3,1,2,0,1,0,0,1,0,0,0,3,10.0,1,29.0,0,22.8,-2.0,6.333333333333333,25.899999999999995
2025-06,weekend,tarda_mattina,IC,3295.0,0,252,122,85,0,122,0,45,65,0,0,36,252,465.0,90,3760.0,17,43.60000000000002,4.0,13.075396825396826,67.24999999999994
2025-06,weekend,tarda_mattina,ICN,145.0,0,25,7,14,0,7,0,4,2,0,0,2,25,131.0,4,276.0,1,13.6,-1.0,5.8,33.19999999999993
2025-06,weekend,tarda_mattina,MET,-169.0,0,519,24,290,0,24,0,203,4,0,0,2,519,673.0,4,504.0,1,2.0,-1.0,-0.3268858800773694,4.0
2025-06,weekend,tarda_mattina,REG,16855.0,0,14349,1938,6238,0,1938,0,6053,417,0,0,143,14349,16038.0,746,32893.0,25,6.0,0.0,1.1845526741162415,10.0
2025-06,weekend,tarda_mattina,,15102.0,0,1076,508,304,0,508,0,262,306,0,0,176,1076,1432.0,368,16534.0,76,50.0,4.0,14.06145251396648,71.0
2025-07,infrasettimanale,mattina,DIR,2.0,0,1,0,0,0,0,0,1,0,0,0,0,1,0.0,0,2.0,0,2.0,2.0,2.0,2.0
2025-07,infrasettimanale,mattina,EC,565.0,0,109,34,41,0,34,0,23,14,0,0,8,109,191.0,21,756.0,3,23.59999999999999,1.0,5.76530612244898,38.14999999999999
2025-07,infrasettimanale,mattina,IC,6736.0,0,576,273,136,0,273,0,155,128,0,0,71,576,544.0,183,7280.0,28,38.099999999999966,4.0,11.94326241134752,58.0
2025-07,infrasettimanale,mattina,ICN,-42.0,0,18,3,13,0,3,0,2,2,0,0,2,18,143.0,3,101.0,0,19.10000000000001,-2.5,-2.333333333333333,34.44999999999997
2025-07,infrasettimanale,mattina,IR,39.0,0,3,1,0,0,1,0,2,1,0,0,1,3,0.0,1,39.0,0,29.399999999999995,3.0,13.0,32.7
2025-07,infrasettimanale,mattina,MET,1445.0,0,980,69,396,0,69,0,473,21,0,0,10,980,756.0,33,2201.0,5,4.0,0.0,1.5405117270788913,6.0
2025-07,infrasettimanale,mattina,NCL,411.0,0,2,2,0,0,2,0,0,2,0,0,2,2,0.0,2,411.0,1,326.7,205.5,205.5,341.85
2025-07,infrasettimanale,mattina,REG,51603.0,0,37232,5329,14957,0,5329,0,16015,1067,0,0,382,37232,39418.0,1853,91021.0,69,6.0,0.0,1.4215310872978706,10.0
2025-07,infrasettimanale,mattina,,42918.0,0,3432,1710,708,0,1710,0,950,864,0,0,442,3432,2522.0,1140,45440.0,162,36.0,5.0,12.742874109263658,57.0
2025-07,infrasettimanale,notte,EC,206.0,0,20,11,5,0,11,0,4,8,0,0,0,20,10.0,10,216.0,0,25.200000000000003,9.0,10.3,27.0
2025-07,infrasettimanale,notte,EN,1246.0,0,44,35,0,0,35,0,9,21,0,0,15,44,0.0,24,1246.0,3,53.0,11.0,28.318181818181817,71.85000000000002
2025-07,infrasettimanale,notte,EXP,251.0,0,8,4,3,0,4,0,0,4,0,0,4,8,14.0,4,265.0,2,78.0,49.0,35.857142857142854,79.5
2025-07,infrasettimanale,notte,IC,3409.0,0,301,132,103,0,132,0,60,74,0,0,37,301,523.0,92,3932.0,14,37.200000000000045,3.0,11.55593220338983,58.0
2025-07,infrasettimanale,notte,ICN,104.0,0,34,10,19,0,10,0,5,3,0,0,2,34,81.0,7,185.0,0,13.0,-1.0,3.0588235294117645,25.849999999999977
2025-07,infrasettimanale,notte,IR,47.0,0,3,3,0,0,3,0,0,1,0,0,1,3,0.0,1,47.0,0,27.200000000000003,8.0,15.666666666666666,29.600000000000005
2025-07,infrasettimanale,notte,MET,-273.0,0,355,4,210,0,4,0,127,0,0,0,0,355,467.0,1,194.0,0,2.0,-1.0,-0.8005865102639296,3.0
2025-07,infrasettimanale,notte,NCL,14.0,0,3,1,0,0,1,0,0,0,0,0,0,3,0.0,1,14.0,0,14.0,14.0,14.0,14.0
2025-07,infrasettimanale,notte,REG,15094.0,0,15864,1886,7308,0,1886,0,6254,425,0,0,171,15864,19468.0,716,34562.0,41,5.0,0.0,0.9770844122216468,9.0
2025-07,infrasettimanale,notte,,9260.0,0,1154,402,378,0,402,0,350,208,0,0,122,1154,1424.0,256,10684.0,32,31.0,2.0,8.194690265486726,45.79999999999996
2025-07,infrasettimanale,pomeriggio,DIR,3.0,0,1,0,0,0,0,0,1,0,0,0,0,1,0.0,0,3.0,0,3.0,3.0,3.0,3.0
2025-07,infrasettimanale,pomeriggio,EC,2608.0,0,270,121,82,0,121,0,50,71,0,0,34,270,229.0,91,2837.0,3,35.80000000000001,4.0,10.308300395256918,44.79999999999996
2025-07,infrasettimanale,pomeriggio,EXP,-24.0,0,5,1,3,0,1,0,0,0,0,0,0,5,29.0,0,5.0,0,1.400000000000002,-8.5,-6.0,3.199999999999996
2025-07,infrasettimanale,pomeriggio,IC,7939.0,0,503,270,102,0,270,0,117,159,0,0,87,503,430.0,203,8369.0,33,46.39999999999998,6.0,16.23517382413088,71.7999999999999
2025-07,infrasettimanale,pomeriggio,ICN,1065.0,0,64,28,21,0,28,0,15,19,0,0,16,64,59.0,22,1124.0,5,49.0,2.0,16.640625,70.19999999999993
2025-07,infrasettimanale,pomeriggio,IR,38.0,0,3,1,1,0,1,0,1,1,0,0,1,3,1.0,1,39.0,0,31.200000000000003,0.0,12.666666666666666,35.099999999999994
2025-07,infrasettimanale,pomeriggio,MET,921.0,0,1240,107,566,0,107,0,502,26,0,0,4,1240,1055.0,60,1976.0,0,4.0,0.0,0.7838297872340425,10.0
2025-07,infrasettimanale,pomeriggio,NCL,-99.0,0,2,0,2,0,0,0,0,0,0,0,0,2,99.0,0,0.0,0,-45.9,-49.5,-49.5,-45.45
2025-07,infrasettimanale,pomeriggio,REG,84971.0,0,45942,7622,17471,0,7622,0,19278,1740,0,0,626,45942,45812.0,2990,130783.0,141,7.0,1.0,1.9150120574248946,12.0
2025-07,infrasettimanale,pomeriggio,,37342.0,0,3100,1544,772,0,1544,0,736,726,0,0,382,3100,3632.0,1032,40974.0,156,36.0,5.0,12.235255570117957,60.0
2025-07,infrasettimanale,sera,EC,1341.0,0,172,72,52,0,72,0,38,28,0,0,14,172,138.0,47,1479.0,3,25.70000000000002,2.0,8.277777777777779,40.94999999999999
2025-07,infrasettimanale,sera,EN,1305.0,0,44,32,1,0,32,0,11,22,0,0,14,44,1.0,27,1306.0,7,76.60000000000002,16.5,29.65909090909091,109.50000000000004
2025-07,infrasettimanale,sera,EXP,158.0,0,13,7,2,0,7,0,4,3,0,0,2,13,20.0,6,178.0,0,37.00000000000001,7.0,12.153846153846152,45.39999999999998
2025-07,infrasettimanale,sera,IC,4523.0,0,272,123,87,0,123,0,48,66,0,0,40,272,416.0,88,4939.0,18,43.60000000000002,3.5,17.531007751937985,67.19999999999982
2025-07,infrasettimanale,sera,ICN,1893.0,0,270,91,121,0,91,0,58,44,0,0,29,270,858.0,60,2751.0,14,30.0,1.0,7.011111111111111,60.2999999999999
2025-07,infrasettimanale,sera,IR,38.0,0,1,1,0,0,1,0,0,1,0,0,1,1,0.0,1,38.0,0,38.0,38.0,38.0,38.0
2025-07,infrasettimanale,sera,MET,406.0,0,1171,63,536,0,63,0,538,14,0,0,2,1171,1062.0,27,1468.0,0,3.0,0.0,0.357080035180299,5.0
2025-07,infrasettimanale,sera,REG,71124.0,0,37003,6551,14772,0,6551,0,14816,1535,0,0,543,37003,39616.0,2642,110740.0,138,7.0,1.0,1.9680677384543013,13.0
2025-07,infrasettimanale,sera,,11846.0,0,1196,504,402,0,504,0,280,242,0,0,120,1196,1788.0,320,13634.0,54,29.800000000000068,3.0,9.988195615514334,52.19999999999993
2025-07,infrasettimanale,tarda_mattina,EC,2373.0,0,372,130,131,0,130,0,87,60,0,0,24,372,443.0,86,2816.0,5,24.0,2.0,6.818965517241379,35.64999999999998
2025-07,infrasettimanale,tarda_mattina,EXP,143.0,0,12,5,4,0,5,0,2,3,0,0,2,12,23.0,4,166.0,1,40.0,3.0,13.0,61.0
2025-07,infrasettimanale,tarda_mattina,IC,8015.0,0,676,324,202,0,324,0,143,169,0,0,91,676,955.0,226,8970.0,37,38.200000000000045,4.0,11.980568011958146,61.0
2025-07,infrasettimanale,tarda_mattina,ICN,260.0,0,55,13,37,0,13,0,5,8,0,0,6,55,220.0,9,480.0,2,31.60000000000001,-3.0,4.727272727272728,44.599999999999966
2025-07,infrasettimanale,tarda_mattina,MET,1260.0,0,1368,98,609,0,98,0,570,41,0,0,15,1368,1213.0,59,2473.0,3,4.0,0.0,0.9866875489428347,9.0
2025-07,infrasettimanale,tarda_mattina,NCL,-78.0,0,3,0,3,0,0,0,0,0,0,0,0,3,78.0,0,0.0,0,-9.0,-21.0,-26.0,-7.500000000000003
2025-07,infrasettimanale,tarda_mattina,REG,59659.0,0,46480,6431,19185,0,6431,0,19347,1320,0,0,442,46480,49157.0,2326,108816.0,90,6.0,0.0,1.3268465182483375,10.0
2025-07,infrasettimanale,tarda_mattina,,42628.0,0,3106,1666,560,0,1666,0,800,816,0,0,458,3106,2218.0,1130,44846.0,148,38.0,6.0,14.087243886318571,59.0
2025-07,weekend,mattina,EC,140.0,0,32,5,13,0,5,0,13,3,0,0,3,32,63.0,4,203.0,1,10.0,1.0,4.516129032258065,33.5
2025-07,weekend,mattina,IC,1949.0,0,215,85,83,0,85,0,47,47,0,0,19,215,424.0,65,2373.0,7,28.599999999999994,1.0,9.065116279069768,56.29999999999998
2025-07,weekend,mattina,ICN,-76.0,0,4,0,4,0,0,0,0,0,0,0,0,4,76.0,0,0.0,0,-3.6,-15.5,-19.0,-3.3000000000000007
2025-07,weekend,mattina,MET,258.0,0,299,12,136,0,12,0,141,5,0,0,3,299,267.0,7,525.0,2,3.0,0.0,0.892733564013841,4.0
2025-07,weekend,mattina,REG,7551.0,0,9191,1040,4224,0,1040,0,3839,207,0,0,69,9191,11221.0,361,18772.0,26,5.0,0.0,0.8295067560145007,8.0
2025-07,weekend,mattina,,8336.0,0,1124,452,330,0,452,0,342,182,0,0,80,1124,1296.0,258,9632.0,26,22.0,3.0,7.416370106761565,39.94999999999993
2025-07,weekend,notte,EC,147.0,0,7,4,1,0,4,0,2,3,0,0,3,7,2.0,4,149.0,0,48.0,13.0,21.0,49.5
2025-07,weekend,notte,EN,114.0,0,16,5,7,0,5,0,4,1,0,0,1,16,25.0,2,139.0,1,10.0,0.0,7.125,34.0
2025-07,weekend,notte,EXP,-13.0,0,3,0,2,0,0,0,1,0,0,0,0,3,13.0,0,0.0,0,-0.3999999999999999,-2.0,-4.333333333333333,-0.2000000000000001
2025-07,weekend,notte,IC,672.0,0,97,35,41,0,35,0,21,16,0,0,10,97,200.0,22,872.0,3,29.400000000000013,1.0,6.927835051546392,50.19999999999999
2025-07,weekend,notte,ICN,20.0,0,20,5,13,0,5,0,2,1,0,0,1,20,72.0,1,92.0,0,9.0,-2.5,1.0,11.300000000000033
2025-07,weekend,notte,MET,-140.0,0,167,1,103,0,1,0,63,0,0,0,0,167,232.0,1,92.0,0,2.0,-1.0,-0.8383233532934131,3.0
2025-07,weekend,notte,NCL,5.0,0,3,1,0,0,1,0,0,0,0,0,0,3,0.0,0,5.0,0,5.0,5.0,5.0,5.0
2025-07,weekend,notte,REG,3397.0,0,4082,456,2028,0,456,0,1557,116,0,0,46,4082,5734.0,178,9131.0,16,5.0,-1.0,0.8406335065577827,9.0
2025-07,weekend,notte,,2142.0,0,326,116,148,0,116,0,62,52,0,0,26,326,828.0,82,2970.0,10,20.0,1.0,6.570552147239264,40.60000000000002
2025-07,weekend,pomeriggio,EC,1116.0,0,88,49,23,0,49,0,16,29,0,0,16,88,82.0,34,1198.0,2,36.89999999999999,6.5,12.681818181818182,55.0
2025-07,weekend,pomeriggio,EXP,-26.0,0,4,0,3,0,0,0,1,0,0,0,0,4,30.0,0,4.0,0,1.9000000000000008,-4.5,-6.5,2.949999999999997
2025-07,weekend,pomeriggio,IC,2007.0,0,172,85,54,0,85,0,33,50,0,0,27,172,262.0,61,2269.0,9,42.80000000000001,4.0,11.668604651162791,60.14999999999992
2025-07,weekend,pomeriggio,ICN,46.0,0,8,4,2,0,4,0,2,1,0,0,0,8,8.0,1,54.0,0,14.399999999999997,4.5,5.75,20.69999999999999
2025-07,weekend,pomeriggio,MET,-146.0,0,389,10,205,0,10,0,173,0,0,0,0,389,419.0,1,273.0,0,2.0,-1.0,-0.3762886597938144,4.0
2025-07,weekend,pomeriggio,REG,14235.0,0,11717,1520,5204,0,1520,0,4854,364,0,0,142,11717,14181.0,598,28416.0,38,6.0,0.0,1.2294869580238383,10.0
2025-07,weekend,pomeriggio,,14192.0,0,1056,490,324,0,490,0,240,252,0,0,158,1056,1458.0,336,15650.0,74,44.0,4.0,13.464895635673624,71.09999999999997
2025-07,weekend,sera,EC,525.0,0,56,18,25,0,18,0,12,7,0,0,5,56,71.0,10,596.0,3,18.6,1.0,9.545454545454543,48.39999999999994
2025-07,weekend,sera,EN,212.0,0,15,9,0,0,9,0,6,5,0,0,1,15,0.0,6,212.0,1,23.4,8.0,14.133333333333333,43.29999999999993
2025-07,weekend,sera,EXP,-84.0,0,5,0,4,0,0,0,1,0,0,0,0,5,84.0,0,0.0,0,-2.3999999999999995,-18.0,-16.8,-1.200000000000001
2025-07,weekend,sera,IC,965.0,0,89,39,32,0,39,0,18,20,0,0,13,89,179.0,26,1144.0,5,39.2,3.0,10.842696629213483,70.5999999999998
2025-07,weekend,sera,ICN,357.0,0,114,28,56,0,28,0,30,15,0,0,6,114,371.0,19,728.0,4,16.0,0.0,3.1315789473684204,28.09999999999997
2025-07,weekend,sera,IR,72.0,0,1,1,0,0,1,0,0,1,0,0,1,1,0.0,1,72.0,1,72.0,72.0,72.0,72.0
2025-07,weekend,sera,MET,-50.0,0,351,9,169,0,9,0,172,1,0,0,1,351,346.0,5,296.0,0,2.0,0.0,-0.1428571428571428,3.0
2025-07,weekend,sera,REG,14821.0,0,9891,1376,4394,0,1376,0,3985,372,0,0,133,9891,11433.0,585,26254.0,40,6.0,0.0,1.5193234238851872,11.0
2025-07,weekend,sera,,4746.0,0,382,138,164,0,138,0,70,76,0,0,48,382,792.0,100,5538.0,36,52.5,1.0,12.75806451612903,95.5
2025-07,weekend,tarda_mattina,EC,924.0,0,126,49,46,0,49,0,31,22,0,0,12,126,172.0,28,1096.0,3,23.0,2.5,7.333333333333333,45.25
2025-07,weekend,tarda_mattina,EXP,10.0,0,2,1,1,0,1,0,0,0,0,0,0,2,1.0,1,11.0,0,9.8,5.0,5.0,10.4
2025-07,weekend,tarda_mattina,IC,2815.0,0,241,112,84,0,112,0,45,63,0,0,34,241,538.0,82,3353.0,10,37.0,4.0,11.680497925311204,48.0
2025-07,weekend,tarda_mattina,ICN,-7.0,0,20,5,8,0,5,0,7,1,0,0,1,20,93.0,3,86.0,0,11.200000000000005,1.0,-0.35,13.900000000000011
2025-07,weekend,tarda_mattina,MET,-253.0,0,461,9,260,0,9,0,191,1,0,0,0,461,545.0,3,292.0,0,2.0,-1.0,-0.55,3.0
2025-07,weekend,tarda_mattina,REG,11582.0,0,12986,1623,5865,0,1623,0,5358,330,0,0,109,12986,15324.0,566,26906.0,16,5.0,0.0,0.9016036120193056,9.0
2025-07,weekend,tarda_mattina,,12276.0,0,958,450,254,0,450,0,254,232,0,0,144,958,1076.0,332,13352.0,60,40.39999999999998,4.0,12.81419624217119,66.0
2025-08,infrasettimanale,mattina,EC,38.0,0,134,19,75,0,19,0,38,4,0,0,3,134,311.0,9,349.0,1,5.900000000000006,-1.0,0.2878787878787879,11.0
2025-08,infrasettimanale,mattina,IC,3531.0,0,491,182,179,0,182,0,130,85,0,0,42,491,1074.0,120,4605.0,14,24.0,1.0,7.191446028513238,49.0
2025-08,infrasettimanale,mattina,ICN,-244.0,0,13,1,11,0,1,0,1,0,0,0,0,13,259.0,1,15.0,0,2.6000000000000054,-23.0,-18.76923076923077,6.799999999999989
2025-08,infrasettimanale,mattina,MET,79.0,0,887,27,402,0,27,0,447,1,0,0,0,887,734.0,8,813.0,0,3.0,0.0,0.0901826484018264,4.0
2025-08,infrasettimanale,mattina,NCL,-64.0,0,1,0,1,0,0,0,0,0,0,0,0,1,64.0,0,0.0,0,-64.0,-64.0,-64.0,-64.0
2025-08,infrasettimanale,mattina,REG,21080.0,0,30230,3153,13815,0,3153,0,12948,667,0,0,224,30230,37773.0,1092,58853.0,61,5.0,0.0,0.7046396577082498,7.0
2025-08,infrasettimanale,mattina,,8408.0,0,2398,668,1064,0,668,0,664,260,0,0,122,2398,6240.0,388,14648.0,36,15.0,1.0,3.5091819699499167,30.0
2025-08,infrasettimanale,notte,EC,-4.0,0,18,2,13,0,2,0,3,1,0,0,1,18,45.0,1,41.0,0,3.6000000000000014,-2.0,-0.2222222222222222,8.749999999999964
2025-08,infrasettimanale,notte,EN,844.0,0,43,25,8,0,25,0,10,17,0,0,9,43,48.0,18,892.0,3,48.6,7.0,19.627906976744185,63.49999999999998
2025-08,infrasettimanale,notte,EXP,1.0,0,6,3,3,0,3,0,0,3,0,0,2,6,123.0,3,124.0,1,51.0,7.0,0.1666666666666666,60.0
2025-08,infrasettimanale,notte,IC,1786.0,0,289,96,105,0,96,0,87,48,0,0,22,289,645.0,56,2431.0,9,22.30000000000001,2.0,6.201388888888889,40.59999999999991
2025-08,infrasettimanale,notte,ICN,-19.0,0,43,5,30,0,5,0,8,2,0,0,2,43,192.0,3,173.0,1,5.200000000000017,-3.0,-0.4418604651162791,12.599999999999994
2025-08,infrasettimanale,notte,MET,-373.0,0,294,8,204,0,8,0,80,0,0,0,0,294,511.0,0,138.0,0,1.0,-1.0,-1.2773972602739727,3.0
2025-08,infrasettimanale,notte,NCL,724.0,0,14,10,3,0,10,0,1,9,0,0,9,14,84.0,9,808.0,6,121.7,50.0,51.71428571428572,123.75
2025-08,infrasettimanale,notte,REG,6824.0,0,13507,1307,6617,0,1307,0,5477,297,0,0,119,13507,18186.0,473,25010.0,24,4.0,0.0,0.5092157301693904,7.0
2025-08,infrasettimanale,notte,,1546.0,0,1166,250,646,0,250,0,270,98,0,0,50,1166,4256.0,134,5802.0,16,11.0,-1.0,1.3259005145797598,24.899999999999977
2025-08,infrasettimanale,pomeriggio,EC,1773.0,0,300,94,135,0,94,0,66,39,0,0,19,300,567.0,56,2340.0,8,20.0,1.0,6.010169491525423,38.200000000000045
2025-08,infrasettimanale,pomeriggio,EXP,22.0,0,5,3,1,0,3,0,1,1,0,0,0,5,27.0,2,49.0,0,21.8,8.0,4.4,25.4
2025-08,infrasettimanale,pomeriggio,IC,4623.0,0,416,210,118,0,210,0,87,107,0,0,48,416,752.0,157,5375.0,20,37.80000000000007,5.0,11.13975903614458,57.29999999999996
2025-08,infrasettimanale,pomeriggio,ICN,311.0,0,40,14,14,0,14,0,12,5,0,0,5,40,76.0,9,387.0,2,38.50000000000001,1.0,7.775,47.49999999999992
2025-08,infrasettimanale,pomeriggio,MET,9.0,0,1124,40,551,0,40,0,529,6,0,0,1,1124,1033.0,11,1042.0,0,2.0,0.0,0.0080357142857142,4.0
2025-08,infrasettimanale,pomeriggio,REG,44633.0,0,37380,5031,16227,0,5031,0,15760,1106,0,0,394,37380,43563.0,1873,88196.0,76,6.0,0.0,1.2057107353179537,10.0
2025-08,infrasettimanale,pomeriggio,,11850.0,0,2446,812,956,0,812,0,678,338,0,0,148,2446,6076.0,506,17926.0,48,19.0,2.0,4.844644317252658,35.0
2025-08,infrasettimanale,sera,EC,1167.0,0,197,75,80,0,75,0,37,22,0,0,8,197,287.0,40,1454.0,4,17.0,1.0,6.078125,26.44999999999999
2025-08,infrasettimanale,sera,EN,806.0,0,41,27,7,0,27,0,7,18,0,0,7,41,76.0,24,882.0,3,41.0,13.0,19.65853658536585,80.0
2025-08,infrasettimanale,sera,EXP,-5.0,0,9,3,2,0,3,0,3,0,0,0,0,9,29.0,0,24.0,0,6.9,1.0,-0.625,7.949999999999998
2025-08,infrasettimanale,sera,IC,2476.0,0,230,82,88,0,82,0,60,41,0,0,21,230,516.0,63,2992.0,13,26.299999999999983,2.0,10.765217391304347,61.64999999999996
2025-08,infrasettimanale,sera,ICN,593.0,0,283,75,142,0,75,0,66,31,0,0,12,283,1109.0,44,1702.0,4,15.800000000000011,-1.0,2.095406360424028,24.0
2025-08,infrasettimanale,sera,MET,-106.0,0,1011,18,466,0,18,0,522,2,0,0,0,1011,909.0,3,803.0,0,2.0,0.0,-0.1053677932405566,3.0
2025-08,infrasettimanale,sera,REG,44190.0,0,30774,4411,13089,0,4411,0,12941,965,0,0,374,30774,35258.0,1660,79448.0,106,6.0,0.0,1.4516605893367498,10.0
2025-08,infrasettimanale,sera,,1858.0,0,734,214,384,0,214,0,136,74,0,0,32,734,2858.0,118,4716.0,12,14.400000000000036,-1.0,2.5313351498637604,26.69999999999999
2025-08,infrasettimanale,tarda_mattina,EC,1263.0,0,320,99,137,0,99,0,83,30,0,0,12,320,477.0,48,1740.0,3,13.0,1.0,3.9592476489028217,21.399999999999864
2025-08,infrasettimanale,tarda_mattina,EXP,339.0,0,6,5,1,0,5,0,0,4,0,0,3,6,1.0,5,340.0,2,140.5,24.0,56.5,165.75
2025-08,infrasettimanale,tarda_mattina,IC,5596.0,0,641,260,249,0,260,0,131,120,0,0,67,641,1203.0,174,6799.0,19,30.10000000000002,2.0,8.74375,52.0
2025-08,infrasettimanale,tarda_mattina,ICN,77.0,0,46,8,28,0,8,0,10,3,0,0,2,46,159.0,6,236.0,2,10.5,-4.0,1.673913043478261,17.0
2025-08,infrasettimanale,tarda_mattina,IR,-3.0,0,1,0,1,0,0,0,0,0,0,0,0,1,3.0,0,0.0,0,-3.0,-3.0,-3.0,-3.0
2025-08,infrasettimanale,tarda_mattina,MET,120.0,0,1264,45,617,0,45,0,588,11,0,0,3,1264,1200.0,16,1320.0,0,3.0,0.0,0.096,4.0
2025-08,infrasettimanale,tarda_mattina,NCL,36.0,0,2,1,1,0,1,0,0,1,0,0,1,2,19.0,1,55.0,0,47.60000000000001,18.0,18.0,51.3
2025-08,infrasettimanale,tarda_mattina,REG,25304.0,0,38402,4089,17713,0,4089,0,16249,822,0,0,257,38402,46982.0,1422,72286.0,48,5.0,0.0,0.6650022338440514,8.0
2025-08,infrasettimanale,tarda_mattina,,14384.0,0,2252,780,890,0,780,0,582,376,0,0,206,2252,5354.0,500,19738.0,58,26.0,2.0,6.38721136767318,41.0
2025-08,weekend,mattina,EC,129.0,0,54,13,26,0,13,0,15,6,0,0,1,54,104.0,9,233.0,0,16.10000000000001,0.0,2.388888888888889,21.349999999999994
2025-08,weekend,mattina,IC,2018.0,0,261,85,109,0,85,0,67,36,0,0,18,261,717.0,53,2735.0,9,20.0,1.0,7.731800766283525,44.0
2025-08,weekend,mattina,ICN,-100.0,0,6,0,6,0,0,0,0,0,0,0,0,6,100.0,0,0.0,0,-8.0,-18.5,-16.666666666666668,-7.0
2025-08,weekend,mattina,MET,-125.0,0,372,8,207,0,8,0,155,0,0,0,0,372,390.0,1,265.0,0,2.0,-1.0,-0.3378378378378378,4.0
2025-08,weekend,mattina,REG,6052.0,0,11069,1115,5321,0,1115,0,4529,251,0,0,87,11069,14565.0,421,20617.0,15,5.0,0.0,0.5519379844961241,8.0
2025-08,weekend,mattina,,4844.0,0,1214,370,512,0,370,0,332,124,0,0,48,1214,2884.0,202,7728.0,14,15.0,1.0,3.99011532125206,23.399999999999864
2025-08,weekend,notte,EC,14.0,0,8,1,4,0,1,0,3,1,0,0,0,8,10.0,1,24.0,0,7.399999999999997,0.0,1.75,13.69999999999999
2025-08,weekend,notte,EN,466.0,0,20,13,3,0,13,0,4,8,0,0,4,20,9.0,10,475.0,2,49.400000000000034,9.5,23.3,75.05000000000005
2025-08,weekend,notte,EXP,66.0,0,5,3,2,0,3,0,0,3,0,0,1,5,17.0,3,83.0,0,34.6,17.0,13.2,37.8
2025-08,weekend,notte,IC,253.0,0,122,32,63,0,32,0,27,14,0,0,3,122,350.0,24,603.0,2,15.0,-1.0,2.0737704918032787,20.0
2025-08,weekend,notte,ICN,35.0,0,24,3,20,0,3,0,1,2,0,0,2,24,160.0,2,195.0,1,6.599999999999994,-4.0,1.4583333333333333,48.0999999999999
2025-08,weekend,notte,MET,-127.0,0,130,2,88,0,2,0,39,1,0,0,0,130,219.0,1,92.0,0,2.0,-2.0,-0.9844961240310076,3.0
2025-08,weekend,notte,REG,1060.0,0,5018,444,2573,0,444,0,1954,93,0,0,33,5018,7367.0,167,8427.0,4,4.0,-1.0,0.2132367732850533,7.0
2025-08,weekend,notte,,644.0,0,434,98,244,0,98,0,92,54,0,0,24,434,1748.0,72,2392.0,10,16.0,-1.0,1.4838709677419355,32.19999999999999
2025-08,weekend,pomeriggio,EC,666.0,0,122,37,68,0,37,0,15,10,0,0,6,122,288.0,20,954.0,4,13.0,-1.0,5.55,26.34999999999998
2025-08,weekend,pomeriggio,EXP,22.0,0,4,2,2,0,2,0,0,2,0,0,1,4,50.0,2,72.0,0,40.400000000000006,8.0,5.5,43.69999999999999
2025-08,weekend,pomeriggio,IC,2952.0,0,195,92,53,0,92,0,48,46,0,0,31,195,241.0,68,3193.0,9,42.400000000000034,4.0,15.295336787564768,56.0
2025-08,weekend,pomeriggio,ICN,63.0,0,6,3,1,0,3,0,2,1,0,0,1,6,5.0,1,68.0,0,29.5,3.5,10.5,41.25
2025-08,weekend,pomeriggio,MET,-123.0,0,479,15,254,0,15,0,204,2,0,0,0,479,515.0,6,392.0,0,2.0,-1.0,-0.2600422832980972,3.0
2025-08,weekend,pomeriggio,REG,12457.0,0,14203,1653,6698,0,1653,0,5669,412,0,0,157,14203,18835.0,650,31292.0,28,5.0,0.0,0.8885164051355207,9.0
2025-08,weekend,pomeriggio,,5080.0,0,1176,396,482,0,396,0,298,132,0,0,60,1176,2742.0,212,7822.0,16,15.0,2.0,4.319727891156463,29.649999999999977
2025-08,weekend,sera,EC,429.0,0,82,33,33,0,33,0,16,7,0,0,3,82,122.0,18,551.0,2,11.0,2.0,5.2317073170731705,23.950000000000003
2025-08,weekend,sera,EN,326.0,0,19,12,4,0,12,0,3,6,0,0,4,19,34.0,9,360.0,2,60.6,8.0,17.157894736842106,77.09999999999995
2025-08,weekend,sera,EXP,-58.0,0,11,2,8,0,2,0,1,1,0,0,0,11,89.0,2,31.0,0,10.0,-1.0,-5.2727272727272725,13.5
2025-08,weekend,sera,IC,675.0,0,87,30,39,0,30,0,17,10,0,0,6,87,208.0,21,883.0,3,15.5,1.0,7.848837209302324,42.0
2025-08,weekend,sera,ICN,9.0,0,167,32,94,0,32,0,41,12,0,0,8,167,699.0,18,708.0,1,10.0,-1.0,0.0538922155688622,27.099999999999973
2025-08,weekend,sera,MET,-159.0,0,427,5,212,0,5,0,210,1,0,0,0,427,449.0,2,290.0,0,2.0,0.0,-0.37236533957845436,3.0
2025-08,weekend,sera,NCL,88.0,0,6,5,0,0,5,0,1,3,0,0,1,6,0.0,3,88.0,0,27.0,13.0,14.666666666666666,31.0
2025-08,weekend,sera,REG,12264.0,0,12183,1571,5468,0,1571,0,5011,321,0,0,110,12183,14722.0,585,26986.0,23,5.0,0.0,1.0177593360995851,9.0
2025-08,weekend,sera,,752.0,0,396,88,246,0,88,0,60,38,0,0,24,396,1592.0,52,2344.0,10,13.0,-3.0,1.908629441624365,37.0
2025-08,weekend,tarda_mattina,EC,573.0,0,170,55,70,0,55,0,43,15,0,0,4,170,251.0,30,824.0,1,14.0,1.0,3.4107142857142856,19.65000000000001
2025-08,weekend,tarda_mattina,EXP,-24.0,0,3,0,1,0,0,0,2,0,0,0,0,3,28.0,0,4.0,0,3.2000000000000006,0.0,-8.0,3.6
2025-08,weekend,tarda_mattina,IC,2964.0,0,308,114,136,0,114,0,56,58,0,0,28,308,782.0,76,3746.0,13,28.5,1.0,9.68627450980392,56.25
2025-08,weekend,tarda_mattina,ICN,-106.0,0,24,2,14,0,2,0,8,0,0,0,0,24,135.0,0,29.0,0,4.0,-1.5,-4.416666666666667,4.849999999999998
2025-08,weekend,tarda_mattina,MET,-329.0,0,577,3,318,0,3,0,256,0,0,0,0,577,616.0,0,287.0,0,2.0,-1.0,-0.5701906412478336,2.0
2025-08,weekend,tarda_mattina,REG,9573.0,0,15618,1652,7423,0,1652,0,6398,303,0,0,105,15618,20230.0,568,29803.0,22,5.0,0.0,0.6186906223744587,8.0
2025-08,weekend,tarda_mattina,,9994.0,0,1054,416,388,0,416,0,250,218,0,0,102,1054,1916.0,290,11910.0,30,28.40000000000004,2.0,9.481973434535105,48.79999999999996
2025-09,infrasettimanale,mattina,EC,297.0,0,126,28,53,0,28,0,38,8,0,0,3,126,261.0,17,558.0,1,13.0,1.0,2.495798319327731,15.0
2025-09,infrasettimanale,mattina,EXP,42.0,0,1,1,0,0,1,0,0,1,0,0,1,1,0.0,1,42.0,0,42.0,42.0,42.0,42.0
2025-09,infrasettimanale,mattina,IC,7447.0,0,577,297,123,0,297,0,152,154,0,0,75,577,482.0,198,7929.0,24,37.0,5.0,13.01923076923077,51.89999999999986
2025-09,infrasettimanale,mattina,ICN,12.0,0,7,3,4,0,3,0,0,2,0,0,1,7,55.0,2,67.0,0,28.8,-3.0,1.7142857142857142,29.4
2025-09,infrasettimanale,mattina,MET,787.0,0,1073,119,430,0,119,0,476,13,0,0,2,1073,991.0,31,1778.0,0,5.0,0.0,0.7678048780487805,7.0
2025-09,infrasettimanale,mattina,NCL,2.0,0,2,1,1,0,1,0,0,1,0,0,1,2,33.0,1,35.0,0,28.200000000000003,1.0,1.0,31.599999999999994
2025-09,infrasettimanale,mattina,REG,83670.0,0,37799,7178,13079,0,7178,0,16538,1478,0,0,521,37799,33881.0,2608,117551.0,124,7.0,1.0,2.273950264981655,12.0
2025-09,infrasettimanale,mattina,,32576.0,0,3190,1578,728,0,1578,0,822,660,0,0,286,3190,3056.0,1004,35632.0,116,27.700000000000045,5.0,10.414322250639389,48.0
2025-09,infrasettimanale,notte,EC,103.0,0,21,6,8,0,6,0,4,2,0,0,2,21,30.0,2,133.0,0,17.800000000000026,1.0,5.722222222222222,45.24999999999998
2025-09,infrasettimanale,notte,EN,1200.0,0,40,30,2,0,30,0,8,19,0,0,12,40,8.0,26,1208.0,6,80.80000000000003,14.0,30.0,128.79999999999995
2025-09,infrasettimanale,notte,EXP,160.0,0,14,6,4,0,6,0,2,5,0,0,1,14,19.0,5,179.0,1,24.700000000000006,6.0,13.333333333333334,50.64999999999996
2025-09,infrasettimanale,notte,IC,1910.0,0,280,97,110,0,97,0,70,46,0,0,26,280,644.0,68,2554.0,9,27.0,2.0,6.8953068592057765,40.599999999999966
2025-09,infrasettimanale,notte,ICN,192.0,0,39,8,20,0,8,0,11,5,0,0,3,39,189.0,6,381.0,3,15.200000000000005,-1.0,4.923076923076923,83.10000000000002
2025-09,infrasettimanale,notte,MET,-192.0,0,377,8,231,0,8,0,120,4,0,0,4,377,654.0,5,462.0,2,2.0,-1.0,-0.5348189415041783,3.0
2025-09,infrasettimanale,notte,NCL,228.0,0,4,4,0,0,4,0,0,4,0,0,4,4,0.0,4,228.0,1,99.0,37.5,57.0,110.99999999999996
2025-09,infrasettimanale,notte,REG,21262.0,0,15785,2084,6553,0,2084,0,6671,441,0,0,181,15785,17044.0,778,38306.0,56,6.0,0.0,1.3889469558400835,10.0
2025-09,infrasettimanale,notte,,9250.0,0,1116,424,316,0,424,0,356,180,0,0,94,1116,1336.0,272,10586.0,36,25.30000000000001,2.0,8.43978102189781,40.0
2025-09,infrasettimanale,pomeriggio,EC,2768.0,0,286,120,81,0,120,0,60,57,0,0,23,286,372.0,83,3140.0,10,26.0,3.0,10.60536398467433,56.0
2025-09,infrasettimanale,pomeriggio,EXP,62.0,0,8,3,2,0,3,0,1,1,0,0,1,8,7.0,1,69.0,0,30.5,4.0,10.333333333333334,41.25
2025-09,infrasettimanale,pomeriggio,IC,4869.0,0,492,237,129,0,237,0,116,115,0,0,48,492,514.0,153,5383.0,14,29.0,4.0,10.101659751037344,45.849999999999966
2025-09,infrasettimanale,pomeriggio,ICN,218.0,0,40,10,23,0,10,0,7,7,0,0,6,40,128.0,7,346.0,2,37.1,-1.0,5.45,48.74999999999996
2025-09,infrasettimanale,pomeriggio,MET,154.0,0,1344,99,632,0,99,0,544,13,0,0,2,1344,1570.0,41,1724.0,0,3.6000000000001364,0.0,0.1207843137254902,7.0
2025-09,infrasettimanale,pomeriggio,NCL,-109.0,0,4,1,3,0,1,0,0,0,0,0,0,4,119.0,1,10.0,0,-1.6999999999999922,-34.0,-27.25,4.149999999999984
2025-09,infrasettimanale,pomeriggio,REG,95201.0,0,46285,8355,16469,0,8355,0,19548,1887,0,0,593,46285,41864.0,3253,137065.0,126,7.0,1.0,2.145519697106283,13.0
2025-09,infrasettimanale,pomeriggio,,38772.0,0,2952,1598,608,0,1598,0,690,812,0,0,390,2952,2684.0,1098,41456.0,128,37.0,6.0,13.388121546961326,56.0
2025-09,infrasettimanale,sera,DIR,27.0,0,1,1,0,0,1,0,0,1,0,0,0,1,0.0,1,27.0,0,27.0,27.0,27.0,27.0
2025-09,infrasettimanale,sera,EC,1904.0,0,184,90,46,0,90,0,33,36,0,0,19,184,143.0,48,2047.0,6,31.0,5.0,11.266272189349111,49.6
2025-09,infrasettimanale,sera,EN,841.0,0,41,31,1,0,31,0,9,16,0,0,8,41,4.0,22,845.0,2,44.0,10.0,20.51219512195122,56.0
2025-09,infrasettimanale,sera,EXP,23.0,0,5,1,1,0,1,0,2,1,0,0,0,5,3.0,1,26.0,0,16.700000000000003,1.5,5.75,19.849999999999994
2025-09,infrasettimanale,sera,IC,3286.0,0,291,130,88,0,130,0,68,63,0,0,34,291,480.0,88,3766.0,16,39.0,4.0,11.48951048951049,63.75
2025-09,infrasettimanale,sera,ICN,1381.0,0,228,71,99,0,71,0,58,32,0,0,13,228,493.0,41,1874.0,8,20.30000000000001,1.0,6.057017543859649,34.94999999999993
2025-09,infrasettimanale,sera,IR,14.0,0,1,1,0,0,1,0,0,0,0,0,0,1,0.0,1,14.0,0,14.0,14.0,14.0,14.0
2025-09,infrasettimanale,sera,MET,57.0,0,1245,82,609,0,82,0,533,10,0,0,7,1245,1590.0,26,1647.0,0,4.0,0.0,0.0465686274509803,5.0
2025-09,infrasettimanale,sera,REG,91557.0,0,37128,7667,13278,0,7667,0,15241,1782,0,0,656,37128,35158.0,3053,126715.0,142,8.0,1.0,2.530177416680484,14.0
2025-09,infrasettimanale,sera,,9806.0,0,1170,518,386,0,518,0,250,236,0,0,118,1170,2160.0,332,11966.0,32,30.0,3.0,8.49740034662045,45.0
2025-09,infrasettimanale,tarda_mattina,EC,1987.0,0,361,126,117,0,126,0,91,41,0,0,20,361,442.0,65,2429.0,5,18.0,2.0,5.949101796407184,36.0499999999999
2025-09,infrasettimanale,tarda_mattina,EXP,477.0,0,18,7,5,0,7,0,3,4,0,0,3,18,82.0,4,559.0,3,76.0,4.0,31.799999999999997,167.0999999999997
2025-09,infrasettimanale,tarda_mattina,IC,6378.0,0,623,278,179,0,278,0,162,139,0,0,68,623,975.0,193,7353.0,21,34.0,3.0,10.303715670436189,53.10000000000003
2025-09,infrasettimanale,tarda_mattina,ICN,25.0,0,43,10,19,0,10,0,14,2,0,0,0,43,103.0,3,128.0,0,8.0,0.0,0.5813953488372093,10.799999999999995
2025-09,infrasettimanale,tarda_mattina,IR,2.0,0,2,0,1,0,0,0,1,0,0,0,0,2,2.0,0,4.0,0,3.4000000000000004,1.0,1.0,3.6999999999999993
2025-09,infrasettimanale,tarda_mattina,MET,-299.0,0,1496,76,778,0,76,0,587,9,0,0,3,1496,1894.0,19,1595.0,0,3.0,-1.0,-0.2074947952810546,5.0
2025-09,infrasettimanale,tarda_mattina,NCL,-162.0,0,7,0,6,0,0,0,1,0,0,0,0,7,165.0,0,3.0,0,0.6000000000000014,-25.0,-23.142857142857142,1.7999999999999972
2025-09,infrasettimanale,tarda_mattina,REG,74191.0,0,47075,7267,18066,0,7267,0,19907,1538,0,0,499,47075,45860.0,2670,120051.0,93,6.0,1.0,1.639942528735632,11.0
2025-09,infrasettimanale,tarda_mattina,,37338.0,0,2986,1530,666,0,1530,0,726,794,0,0,400,2986,2592.0,1072,39930.0,130,36.0,5.0,12.7782340862423,54.0
2025-09,weekend,mattina,EC,19.0,0,49,8,31,0,8,0,10,3,0,0,1,49,135.0,5,154.0,0,8.600000000000009,-1.0,0.3877551020408163,16.799999999999955
2025-09,weekend,mattina,EXP,36.0,0,1,1,0,0,1,0,0,1,0,0,1,1,0.0,1,36.0,0,36.0,36.0,36.0,36.0
2025-09,weekend,mattina,IC,1387.0,0,217,75,81,0,75,0,57,31,0,0,12,217,459.0,49,1846.0,4,19.0,2.0,6.511737089201878,31.399999999999977
2025-09,weekend,mattina,ICN,-25.0,0,3,0,2,0,0,0,1,0,0,0,0,3,26.0,0,1.0,0,0.6000000000000001,-1.0,-8.333333333333334,0.7999999999999998
2025-09,weekend,mattina,IR,0.0,0,1,0,0,0,0,0,0,0,0,0,0,1,0.0,0,0.0,0,0.0,0.0,0.0,0.0
2025-09,weekend,mattina,MET,-93.0,0,353,19,179,0,19,0,149,1,0,0,0,353,451.0,4,358.0,0,3.0,-1.0,-0.2680115273775216,5.0
2025-09,weekend,mattina,REG,8165.0,0,9534,1111,4187,0,1111,0,4137,204,0,0,72,9534,11343.0,375,19508.0,15,5.0,0.0,0.8653948065712771,8.0
2025-09,weekend,mattina,,4126.0,0,994,296,356,0,296,0,340,86,0,0,32,994,1514.0,148,5640.0,14,13.5,2.0,4.159274193548387,20.25
2025-09,weekend,notte,EC,-9.0,0,8,1,5,0,1,0,2,0,0,0,0,8,18.0,0,9.0,0,3.6,-2.5,-1.125,4.299999999999999
2025-09,weekend,notte,EN,622.0,0,16,9,4,0,9,0,3,5,0,0,4,16,21.0,7,643.0,2,125.5,7.0,38.875,226.0
2025-09,weekend,notte,EXP,58.0,0,9,1,0,0,1,0,0,1,0,0,1,9,0.0,1,58.0,0,58.0,58.0,58.0,58.0
2025-09,weekend,notte,IC,223.0,0,95,17,48,0,17,0,27,11,0,0,5,95,311.0,13,534.0,2,15.0,-1.0,2.4239130434782608,36.00000000000006
2025-09,weekend,notte,ICN,246.0,0,18,5,10,0,5,0,3,2,0,0,2,18,83.0,3,329.0,2,28.70000000000004,-1.5,13.666666666666666,93.24999999999976
2025-09,weekend,notte,MET,-61.0,0,126,4,82,0,4,0,39,1,0,0,1,126,222.0,1,161.0,1,2.0,-1.0,-0.488,3.0
2025-09,weekend,notte,REG,3800.0,0,4221,472,1940,0,472,0,1767,94,0,0,35,4221,5309.0,164,9109.0,17,5.0,0.0,0.9093084469968892,8.0
2025-09,weekend,notte,,1254.0,0,332,104,148,0,104,0,80,34,0,0,16,332,920.0,66,2174.0,8,15.5,0.0,3.7771084337349397,27.75
2025-09,weekend,pomeriggio,EC,520.0,0,112,39,46,0,39,0,26,15,0,0,8,112,197.0,20,717.0,1,19.0,2.0,4.684684684684685,31.5
2025-09,weekend,pomeriggio,EXP,26.0,0,2,1,1,0,1,0,0,1,0,0,1,2,9.0,1,35.0,0,30.6,13.0,13.0,32.8
2025-09,weekend,pomeriggio,IC,1459.0,0,193,83,63,0,83,0,44,34,0,0,14,193,292.0,50,1751.0,6,26.0,3.0,7.678947368421052,37.54999999999998
2025-09,weekend,pomeriggio,ICN,-7.0,0,3,0,2,0,0,0,1,0,0,0,0,3,7.0,0,0.0,0,-0.3999999999999999,-2.0,-2.333333333333333,-0.2000000000000001
2025-09,weekend,pomeriggio,IR,20.0,0,1,1,0,0,1,0,0,1,0,0,0,1,0.0,1,20.0,0,20.0,20.0,20.0,20.0
2025-09,weekend,pomeriggio,MET,22.0,0,452,27,254,0,27,0,164,11,0,0,3,452,611.0,17,633.0,0,3.0,-1.0,0.049438202247191,7.799999999999954
2025-09,weekend,pomeriggio,REG,13585.0,0,11944,1608,5157,0,1608,0,5104,323,0,0,116,11944,13965.0,549,27550.0,31,6.0,0.0,1.144578313253012,9.0
2025-09,weekend,pomeriggio,,10912.0,0,1004,430,356,0,430,0,216,220,0,0,140,1004,1588.0,280,12500.0,52,39.0,3.0,10.890219560878243,60.0
2025-09,weekend,sera,EC,325.0,0,71,33,25,0,33,0,12,9,0,0,0,71,82.0,18,407.0,0,15.500000000000009,3.5,4.642857142857143,21.55
2025-09,weekend,sera,EN,297.0,0,15,12,0,0,12,0,3,5,0,0,3,15,0.0,8,297.0,2,51.39999999999999,10.0,19.8,71.29999999999998
2025-09,weekend,sera,EXP,32.0,0,5,1,3,0,1,0,1,1,0,0,1,5,9.0,1,41.0,0,24.200000000000003,-1.0,6.4,31.599999999999994
2025-09,weekend,sera,IC,879.0,0,111,40,43,0,40,0,28,20,0,0,10,111,240.0,26,1119.0,4,25.0,2.0,7.918918918918919,43.0
2025-09,weekend,sera,ICN,456.0,0,100,27,50,0,27,0,23,8,0,0,6,100,362.0,12,818.0,2,11.0,-0.5,4.56,31.199999999999992
2025-09,weekend,sera,MET,-128.0,0,406,22,214,0,22,0,168,1,0,0,1,406,556.0,6,428.0,0,3.0,-1.0,-0.3168316831683168,5.0
2025-09,weekend,sera,REG,17543.0,0,10158,1639,4175,0,1639,0,4256,359,0,0,130,10158,11170.0,635,28713.0,35,7.0,0.0,1.7421052631578946,11.0
2025-09,weekend,sera,,2388.0,0,390,134,174,0,134,0,82,64,0,0,32,390,1002.0,86,3390.0,20,23.0,1.0,6.123076923076923,60.399999999999864
2025-09,weekend,tarda_mattina,EC,914.0,0,154,56,63,0,56,0,35,24,0,0,9,154,253.0,35,1167.0,3,21.40000000000004,2.0,5.935064935064935,30.69999999999999
2025-09,weekend,tarda_mattina,EXP,68.0,0,2,1,0,0,1,0,0,1,0,0,1,2,0.0,1,68.0,1,68.0,68.0,68.0,68.0
2025-09,weekend,tarda_mattina,IC,1712.0,0,252,86,112,0,86,0,53,44,0,0,28,252,798.0,56,2510.0,10,33.0,1.0,6.820717131474104,53.5
2025-09,weekend,tarda_mattina,ICN,-42.0,0,16,3,9,0,3,0,4,0,0,0,0,16,71.0,0,29.0,0,6.5,-1.0,-2.625,8.25
2025-09,weekend,tarda_mattina,MET,-272.0,0,524,30,301,0,30,0,187,2,0,0,1,524,755.0,5,483.0,0,3.0,-1.0,-0.525096525096525,5.0
2025-09,weekend,tarda_mattina,REG,10151.0,0,13209,1570,5929,0,1570,0,5616,279,0,0,75,13209,15890.0,512,26041.0,13,5.0,0.0,0.7739992375142966,8.0
2025-09,weekend,tarda_mattina,,11116.0,0,982,456,256,0,456,0,260,208,0,0,120,982,1100.0,290,12216.0,42,34.0,4.0,11.436213991769549,53.0
2025-10,infrasettimanale,mattina,EC,194.0,0,155,43,67,0,43,0,40,7,0,0,1,155,319.0,15,513.0,0,9.099999999999994,1.0,1.2933333333333332,14.0
2025-10,infrasettimanale,mattina,EN,27.0,0,4,3,0,0,3,0,1,0,0,0,0,4,0.0,1,27.0,0,9.5,6.0,6.75,10.249999999999998
2025-10,infrasettimanale,mattina,IC,5021.0,0,588,244,162,0,244,0,161,92,0,0,47,588,649.0,143,5670.0,20,23.40000000000004,3.0,8.855379188712522,45.39999999999986
2025-10,infrasettimanale,mattina,ICN,-62.0,0,3,0,3,0,0,0,0,0,0,0,0,3,62.0,0,0.0,0,-14.4,-24.0,-20.666666666666668,-13.199999999999998
2025-10,infrasettimanale,mattina,IR,-1.0,0,1,0,1,0,0,0,0,0,0,0,0,1,1.0,0,0.0,0,-1.0,-1.0,-1.0,-1.0
2025-10,infrasettimanale,mattina,MET,1809.0,0,1251,170,504,0,170,0,554,37,0,0,12,1251,1173.0,67,2982.0,1,6.0,1.0,1.473127035830619,10.0
2025-10,infrasettimanale,mattina,NCL,138.0,0,4,4,0,0,4,0,0,3,0,0,2,4,0.0,4,138.0,1,54.6,32.5,34.5,57.3
2025-10,infrasettimanale,mattina,REG,97435.0,0,40077,8479,13193,0,8479,0,17702,1625,0,0,533,40077,33531.0,3001,130966.0,99,8.0,1.0,2.474602529588053,13.0
2025-10,infrasettimanale,mattina,,35762.0,0,3276,1580,716,0,1580,0,914,702,0,0,360,3276,2706.0,1020,38468.0,106,31.600000000000136,4.0,11.140809968847352,52.0
2025-10,infrasettimanale,notte,DIR,0.0,0,1,0,0,0,0,0,0,0,0,0,0,1,0.0,0,0.0,0,0.0,0.0,0.0,0.0
2025-10,infrasettimanale,notte,EC,-4.0,0,24,4,15,0,4,0,5,1,0,0,1,24,69.0,1,65.0,0,6.699999999999999,-1.5,-0.1666666666666666,8.699999999999996
2025-10,infrasettimanale,notte,EN,50.0,0,12,5,0,0,5,0,7,0,0,0,0,12,0.0,0,50.0,0,5.0,4.0,4.166666666666667,6.799999999999997
2025-10,infrasettimanale,notte,EXP,-11.0,0,1,0,1,0,0,0,0,0,0,0,0,1,11.0,0,0.0,0,-11.0,-11.0,-11.0,-11.0
2025-10,infrasettimanale,notte,IC,2028.0,0,324,135,101,0,135,0,75,46,0,0,24,324,659.0,77,2687.0,6,22.0,3.0,6.520900321543408,35.5
2025-10,infrasettimanale,notte,ICN,23.0,0,76,15,32,0,15,0,29,5,0,0,2,76,269.0,6,292.0,1,7.5,1.0,0.3026315789473684,15.0
2025-10,infrasettimanale,notte,MET,-391.0,0,441,16,286,0,16,0,136,6,0,0,4,441,865.0,7,474.0,0,2.0,-1.0,-0.8926940639269406,4.0
2025-10,infrasettimanale,notte,NCL,1318.0,0,16,16,0,0,16,0,0,16,0,0,16,16,0.0,16,1318.0,10,127.5,74.0,82.375,137.75
2025-10,infrasettimanale,notte,REG,24515.0,0,16509,2306,6594,0,2306,0,7310,527,0,0,219,16509,17633.0,862,42148.0,54,6.0,0.0,1.512338062924121,10.0
2025-10,infrasettimanale,notte,,12434.0,0,1192,494,318,0,494,0,346,240,0,0,140,1192,1196.0,324,13630.0,48,32.200000000000045,3.0,10.73747841105354,53.10000000000002
2025-10,infrasettimanale,pomeriggio,EC,2184.0,0,310,128,98,0,128,0,75,55,0,0,24,310,426.0,81,2610.0,6,24.0,3.0,7.255813953488371,39.0
2025-10,infrasettimanale,pomeriggio,EXP,68.0,0,5,2,2,0,2,0,1,1,0,0,1,5,3.0,1,71.0,1,40.60000000000001,1.0,13.6,51.79999999999999
2025-10,infrasettimanale,pomeriggio,IC,3286.0,0,447,206,112,0,206,0,109,75,0,0,26,447,488.0,101,3774.0,11,23.0,4.0,7.695550351288056,32.69999999999999
2025-10,infrasettimanale,pomeriggio,ICN,46.0,0,23,5,18,0,5,0,0,2,0,0,2,23,79.0,3,125.0,0,10.400000000000002,-4.0,2.0,39.79999999999996
2025-10,infrasettimanale,pomeriggio,MET,52.0,0,1549,118,864,0,118,0,538,34,0,0,15,1549,2381.0,56,2433.0,1,4.0,-1.0,0.0342105263157894,7.0
2025-10,infrasettimanale,pomeriggio,NCL,357.0,0,14,9,2,0,9,0,0,6,0,0,6,14,73.0,7,430.0,4,95.0,32.0,32.45454545454545,103.5
2025-10,infrasettimanale,pomeriggio,REG,100525.0,0,48709,9063,16838,0,9063,0,21285,1810,0,0,601,48709,43902.0,3274,144427.0,107,7.0,1.0,2.13039884711567,12.0
2025-10,infrasettimanale,pomeriggio,,29034.0,0,3122,1476,812,0,1476,0,776,692,0,0,278,3122,3246.0,1002,32280.0,68,27.0,4.0,9.475848563968668,42.450000000000045
2025-10,infrasettimanale,sera,EC,1460.0,0,243,102,77,0,102,0,53,28,0,0,15,243,268.0,56,1728.0,4,16.0,3.0,6.293103448275862,34.0
2025-10,infrasettimanale,sera,EN,350.0,0,13,12,1,0,12,0,0,9,0,0,5,13,10.0,10,360.0,2,65.40000000000002,18.0,26.923076923076923,72.79999999999998
2025-10,infrasettimanale,sera,EXP,149.0,0,13,4,7,0,4,0,2,4,0,0,3,13,54.0,4,203.0,2,62.800000000000026,-1.0,11.461538461538462,72.6
2025-10,infrasettimanale,sera,IC,3699.0,0,393,128,167,0,128,0,77,58,0,0,35,393,804.0,85,4503.0,17,25.0,1.0,9.943548387096774,54.89999999999998
2025-10,infrasettimanale,sera,ICN,1370.0,0,258,75,114,0,75,0,69,35,0,0,19,258,618.0,48,1988.0,7,22.30000000000001,0.0,5.310077519379845,44.14999999999998
2025-10,infrasettimanale,sera,MET,-502.0,0,1454,100,769,0,100,0,557,17,0,0,4,1454,2286.0,33,1784.0,0,3.0,-1.0,-0.3520336605890603,6.0
2025-10,infrasettimanale,sera,NCL,1181.0,0,22,21,1,0,21,0,0,20,0,0,16,22,27.0,21,1208.0,9,94.6,46.0,53.68181818181818,95.0
2025-10,infrasettimanale,sera,REG,100493.0,0,38651,8237,13727,0,8237,0,15841,1802,0,0,671,38651,37974.0,3200,138467.0,175,8.0,1.0,2.658193360666578,14.0
2025-10,infrasettimanale,sera,,6188.0,0,1174,436,462,0,436,0,250,134,0,0,44,1174,2040.0,250,8228.0,22,16.0,2.0,5.390243902439025,25.0
2025-10,infrasettimanale,tarda_mattina,EC,2192.0,0,377,138,129,0,138,0,101,48,0,0,19,377,508.0,80,2700.0,7,19.0,2.0,5.956521739130435,29.649999999999977
2025-10,infrasettimanale,tarda_mattina,EXP,-64.0,0,6,2,4,0,2,0,0,1,0,0,0,6,97.0,2,33.0,0,16.5,-5.5,-10.666666666666666,19.75
2025-10,infrasettimanale,tarda_mattina,IC,5339.0,0,698,292,227,0,292,0,154,134,0,0,59,698,1335.0,189,6674.0,21,24.800000000000068,2.0,7.933135215453194,47.19999999999994
2025-10,infrasettimanale,tarda_mattina,ICN,152.0,0,49,17,22,0,17,0,10,4,0,0,2,49,141.0,6,293.0,2,11.600000000000009,2.0,3.1020408163265305,20.399999999999977
2025-10,infrasettimanale,tarda_mattina,IR,-1.0,0,2,0,1,0,0,0,0,0,0,0,0,2,1.0,0,0.0,0,-1.0,-1.0,-1.0,-1.0
2025-10,infrasettimanale,tarda_mattina,MET,-971.0,0,1758,102,1021,0,102,0,597,12,0,0,2,1758,2778.0,31,1807.0,0,3.0,-1.0,-0.5645348837209302,5.0
2025-10,infrasettimanale,tarda_mattina,NCL,75.0,0,17,7,6,0,7,0,0,6,0,0,3,17,221.0,7,296.0,1,49.60000000000001,11.0,5.769230769230769,81.39999999999989
2025-10,infrasettimanale,tarda_mattina,REG,67392.0,0,49018,7091,19235,0,7091,0,21307,1313,0,0,427,49018,49948.0,2360,117340.0,88,6.0,0.0,1.4148174584846642,9.0
2025-10,infrasettimanale,tarda_mattina,,30408.0,0,2990,1456,620,0,1456,0,844,636,0,0,324,2990,2506.0,910,32914.0,98,32.100000000000136,4.0,10.413698630136986,48.04999999999996
2025-10,weekend,mattina,EC,3.0,0,47,6,30,0,6,0,10,2,0,0,1,47,109.0,4,112.0,0,5.5,-1.5,0.0652173913043478,11.75
2025-10,weekend,mattina,EN,1.0,0,2,1,1,0,1,0,0,0,0,0,0,2,5.0,0,6.0,0,4.9,0.5,0.5,5.449999999999999
2025-10,weekend,mattina,EXP,99.0,0,5,2,3,0,2,0,0,1,0,0,1,5,13.0,1,112.0,1,66.20000000000002,-2.0,19.8,86.59999999999998
2025-10,weekend,mattina,IC,764.0,0,205,60,84,0,60,0,61,13,0,0,10,205,417.0,22,1181.0,2,10.0,1.0,3.726829268292683,24.59999999999988
2025-10,weekend,mattina,ICN,-9.0,0,1,0,1,0,0,0,0,0,0,0,0,1,9.0,0,0.0,0,-9.0,-9.0,-9.0,-9.0
2025-10,weekend,mattina,IR,-4.0,0,1,0,1,0,0,0,0,0,0,0,0,1,4.0,0,0.0,0,-4.0,-4.0,-4.0,-4.0
2025-10,weekend,mattina,MET,-217.0,0,383,16,209,0,16,0,155,1,0,0,1,383,551.0,3,334.0,0,2.1000000000000227,-1.0,-0.5710526315789474,4.0
2025-10,weekend,mattina,REG,9783.0,0,9534,1266,4122,0,1266,0,4079,237,0,0,65,9534,10958.0,436,20741.0,11,6.0,0.0,1.033379106369494,9.0
2025-10,weekend,mattina,,8762.0,0,990,412,326,0,412,0,252,202,0,0,94,990,1572.0,254,10334.0,32,27.0,3.0,8.85050505050505,47.0
2025-10,weekend,notte,EC,9.0,0,8,1,6,0,1,0,1,1,0,0,0,8,18.0,1,27.0,0,8.099999999999994,-2.5,1.125,17.549999999999986
2025-10,weekend,notte,EN,14.0,0,5,1,1,0,1,0,3,0,0,0,0,5,1.0,0,15.0,0,5.800000000000001,3.0,2.8,6.4
2025-10,weekend,notte,EXP,36.0,0,6,1,5,0,1,0,0,1,0,0,1,6,34.0,1,70.0,1,34.0,-3.5,6.0,52.0
2025-10,weekend,notte,IC,349.0,0,111,31,53,0,31,0,26,14,0,0,6,111,376.0,20,725.0,1,17.500000000000043,1.0,3.172727272727273,30.84999999999998
2025-10,weekend,notte,ICN,-96.0,0,22,2,16,0,2,0,4,1,0,0,0,22,123.0,1,27.0,0,2.8000000000000043,-4.5,-4.363636363636363,6.799999999999997
2025-10,weekend,notte,MET,-161.0,0,130,6,91,0,6,0,33,1,0,0,0,130,279.0,3,118.0,0,2.0,-2.0,-1.2384615384615385,3.0
2025-10,weekend,notte,NCL,789.0,0,10,6,0,0,6,0,0,6,0,0,6,10,0.0,6,789.0,6,157.5,141.0,131.5,157.75
2025-10,weekend,notte,REG,2715.0,0,4168,466,1955,0,466,0,1712,111,0,0,36,4168,5649.0,166,8364.0,4,5.0,0.0,0.6569078151463827,8.0
2025-10,weekend,notte,,2750.0,0,336,142,120,0,142,0,74,64,0,0,34,336,586.0,98,3336.0,8,28.600000000000023,2.0,8.18452380952381,38.30000000000001
2025-10,weekend,pomeriggio,EC,445.0,0,96,27,42,0,27,0,24,13,0,0,5,96,177.0,16,622.0,2,23.999999999999982,1.0,4.78494623655914,28.19999999999997
2025-10,weekend,pomeriggio,EXP,222.0,0,5,1,3,0,1,0,1,1,0,0,1,5,16.0,1,238.0,1,142.00000000000003,-4.0,44.4,188.0
2025-10,weekend,pomeriggio,IC,825.0,0,161,53,70,0,53,0,38,28,0,0,11,161,351.0,37,1176.0,1,20.0,1.0,5.124223602484472,37.0
2025-10,weekend,pomeriggio,ICN,-21.0,0,9,1,8,0,1,0,0,1,0,0,0,9,36.0,1,15.0,0,0.6000000000000032,-4.0,-2.333333333333333,7.799999999999994
2025-10,weekend,pomeriggio,IR,3.0,0,1,0,0,0,0,0,1,0,0,0,0,1,0.0,0,3.0,0,3.0,3.0,3.0,3.0
2025-10,weekend,pomeriggio,MET,-415.0,0,490,17,294,0,17,0,174,4,0,0,0,490,789.0,6,374.0,0,2.0,-1.0,-0.8556701030927835,3.7999999999999545
2025-10,weekend,pomeriggio,REG,11020.0,0,11512,1435,4976,0,1435,0,5026,255,0,0,99,11512,13677.0,457,24697.0,18,5.0,0.0,0.9635393897000964,8.0
2025-10,weekend,pomeriggio,,6926.0,0,988,358,376,0,358,0,254,158,0,0,66,988,1846.0,226,8772.0,24,21.0,2.0,7.010121457489879,38.0
2025-10,weekend,sera,EC,297.0,0,69,17,27,0,17,0,23,10,0,0,4,69,105.0,10,402.0,1,21.4,1.0,4.432835820895522,28.99999999999996
2025-10,weekend,sera,EN,84.0,0,7,4,2,0,4,0,1,3,0,0,0,7,2.0,4,86.0,0,24.200000000000006,11.0,12.0,25.1
2025-10,weekend,sera,EXP,-9.0,0,7,0,1,0,0,0,2,0,0,0,0,7,10.0,0,1.0,0,0.8,0.0,-3.0,0.8999999999999998
2025-10,weekend,sera,IC,988.0,0,125,31,57,0,31,0,37,15,0,0,8,125,259.0,20,1247.0,4,15.600000000000009,0.0,7.904,34.599999999999994
2025-10,weekend,sera,ICN,110.0,0,103,25,57,0,25,0,21,8,0,0,4,103,306.0,12,416.0,0,10.799999999999997,-1.0,1.0679611650485437,22.0
2025-10,weekend,sera,MET,-292.0,0,445,21,247,0,21,0,171,3,0,0,1,445,756.0,10,464.0,0,3.0,-1.0,-0.6651480637813213,4.0
2025-10,weekend,sera,REG,11959.0,0,9670,1414,4140,0,1414,0,4063,258,0,0,95,9670,11325.0,488,23284.0,16,6.0,0.0,1.2435270874493085,10.0
2025-10,weekend,sera,,658.0,0,356,96,188,0,96,0,72,44,0,0,16,356,1184.0,56,1842.0,2,17.30000000000001,-1.0,1.848314606741573,28.0
2025-10,weekend,tarda_mattina,EC,686.0,0,147,56,61,0,56,0,26,22,0,0,6,147,312.0,31,998.0,2,17.799999999999997,1.0,4.7972027972027975,24.90000000000001
2025-10,weekend,tarda_mattina,IC,1379.0,0,253,84,108,0,84,0,61,36,0,0,16,253,606.0,57,1985.0,9,23.200000000000045,1.0,5.450592885375494,36.999999999999886
2025-10,weekend,tarda_mattina,ICN,67.0,0,17,2,9,0,2,0,6,1,0,0,1,17,50.0,1,117.0,1,5.600000000000001,-1.0,3.941176470588236,26.59999999999993
2025-10,weekend,tarda_mattina,MET,-551.0,0,586,30,347,0,30,0,203,2,0,0,0,586,1028.0,4,477.0,0,3.0,-1.0,-0.9499999999999998,5.0
2025-10,weekend,tarda_mattina,REG,9864.0,0,13116,1512,5837,0,1512,0,5692,260,0,0,78,13116,15849.0,474,25713.0,18,5.0,0.0,0.756383712905452,8.0
2025-10,weekend,tarda_mattina,,9888.0,0,904,408,266,0,408,0,230,190,0,0,88,904,1370.0,274,11258.0,42,29.0,3.5,10.938053097345133,54.0
2025-11,infrasettimanale,mattina,EC,274.0,0,136,28,63,0,28,0,42,12,0,0,3,136,332.0,18,606.0,2,13.0,0.0,2.0601503759398496,18.0
2025-11,infrasettimanale,mattina,EN,36.0,0,1,1,0,0,1,0,0,1,0,0,1,1,0.0,1,36.0,0,36.0,36.0,36.0,36.0
2025-11,infrasettimanale,mattina,EXP,26.0,0,2,2,0,0,2,0,0,1,0,0,0,2,0.0,2,26.0,0,14.6,13.0,13.0,14.8
2025-11,infrasettimanale,mattina,IC,4671.0,0,527,231,148,0,231,0,143,100,0,0,50,527,704.0,132,5375.0,18,28.0,4.0,8.948275862068966,48.94999999999999
2025-11,infrasettimanale,mattina,ICN,-39.0,0,2,0,2,0,0,0,0,0,0,0,0,2,39.0,0,0.0,0,-17.5,-19.5,-19.5,-17.25
2025-11,infrasettimanale,mattina,IR,-6.0,0,2,0,2,0,0,0,0,0,0,0,0,2,6.0,0,0.0,0,-2.2,-3.0,-3.0,-2.1
2025-11,infrasettimanale,mattina,MET,946.0,0,902,98,341,0,98,0,448,13,0,0,1,902,811.0,24,1757.0,1,5.0,1.0,1.0665163472378805,7.0
2025-11,infrasettimanale,mattina,NCL,89.0,0,5,3,1,0,3,0,0,3,0,0,1,5,5.0,3,94.0,0,41.5,22.5,22.25,45.24999999999999
2025-11,infrasettimanale,mattina,REG,85652.0,0,35205,7773,11392,0,7773,0,15288,1477,0,0,437,35205,30347.0,2790,115999.0,71,8.0,1.0,2.4860534641395526,13.0
2025-11,infrasettimanale,mattina,,67108.0,0,5880,2808,1520,0,2808,0,1532,1288,0,0,668,5880,6856.0,1764,73964.0,272,32.0,4.0,11.451877133105802,55.79999999999996
2025-11,infrasettimanale,notte,EC,-99.0,0,20,0,18,0,0,0,2,0,0,0,0,20,103.0,0,4.0,0,-0.8999999999999986,-5.5,-4.95,0.2000000000000028
2025-11,infrasettimanale,notte,EN,414.0,0,15,15,0,0,15,0,0,6,0,0,5,15,0.0,7,414.0,3,69.2,9.0,27.6,84.39999999999995
2025-11,infrasettimanale,notte,EXP,-7.0,0,1,0,1,0,0,0,0,0,0,0,0,1,7.0,0,0.0,0,-7.0,-7.0,-7.0,-7.0
2025-11,infrasettimanale,notte,IC,1954.0,0,295,113,96,0,113,0,83,38,0,0,21,295,685.0,64,2639.0,9,17.0,2.0,6.691780821917808,36.0
2025-11,infrasettimanale,notte,ICN,459.0,0,54,19,23,0,19,0,12,8,0,0,7,54,158.0,14,617.0,3,49.7,1.0,8.5,62.84999999999994
2025-11,infrasettimanale,notte,MET,-64.0,0,300,14,173,0,14,0,111,5,0,0,1,300,429.0,7,365.0,1,2.300000000000012,-1.0,-0.2147651006711409,4.0
2025-11,infrasettimanale,notte,NCL,716.0,0,30,12,10,0,12,0,0,12,0,0,11,30,178.0,12,894.0,6,111.20000000000002,29.0,32.54545454545455,117.7
2025-11,infrasettimanale,notte,REG,19573.0,0,14550,2127,5841,0,2127,0,6290,451,0,0,158,14550,16623.0,778,36196.0,31,6.0,0.0,1.37277317996914,10.0
2025-11,infrasettimanale,notte,,18604.0,0,2080,880,548,0,880,0,652,352,0,0,176,2080,2300.0,536,20904.0,56,26.0,3.0,8.944230769230769,44.0
2025-11,infrasettimanale,pomeriggio,EC,1406.0,0,270,99,109,0,99,0,53,46,0,0,18,270,539.0,71,1945.0,2,22.0,2.0,5.3869731800766285,38.0
2025-11,infrasettimanale,pomeriggio,EXP,30.0,0,7,2,1,0,2,0,4,2,0,0,0,7,14.0,2,44.0,0,18.0,3.0,4.285714285714286,19.5
2025-11,infrasettimanale,pomeriggio,IC,3616.0,0,402,165,125,0,165,0,106,80,0,0,43,402,513.0,110,4129.0,11,31.5,3.0,9.131313131313131,49.0
2025-11,infrasettimanale,pomeriggio,ICN,63.0,0,10,3,7,0,3,0,0,1,0,0,1,10,24.0,2,87.0,1,19.19999999999998,-2.5,6.3,42.599999999999945
2025-11,infrasettimanale,pomeriggio,IR,54.0,0,1,1,0,0,1,0,0,1,0,0,1,1,0.0,1,54.0,0,54.0,54.0,54.0,54.0
2025-11,infrasettimanale,pomeriggio,MET,524.0,0,1094,104,473,0,104,0,492,12,0,0,1,1094,1079.0,31,1603.0,0,4.0,0.0,0.490177736202058,6.599999999999909
2025-11,infrasettimanale,pomeriggio,NCL,1319.0,0,50,18,3,0,18,0,1,14,0,0,14,50,158.0,17,1477.0,10,164.50000000000009,44.0,59.95454545454545,191.75
2025-11,infrasettimanale,pomeriggio,REG,86088.0,0,42544,8184,14723,0,8184,0,18493,1592,0,0,475,42544,39811.0,2886,125899.0,81,7.0,1.0,2.0794202898550727,12.0
2025-11,infrasettimanale,pomeriggio,,70816.0,0,5428,2948,1376,0,2948,0,1096,1480,0,0,732,5428,6292.0,1996,77108.0,308,38.0,6.0,13.065682656826569,67.0
2025-11,infrasettimanale,sera,EC,1135.0,0,217,82,69,0,82,0,56,22,0,0,10,217,268.0,38,1403.0,2,15.0,3.0,5.483091787439614,27.19999999999993
2025-11,infrasettimanale,sera,EN,351.0,0,15,13,0,0,13,0,2,7,0,0,5,15,0.0,11,351.0,1,56.6,11.0,23.4,61.1
2025-11,infrasettimanale,sera,EXP,-13.0,0,4,1,3,0,1,0,0,1,0,0,0,4,32.0,1,19.0,0,11.800000000000004,-8.5,-3.25,15.399999999999991
2025-11,infrasettimanale,sera,IC,3687.0,0,316,106,131,0,106,0,69,61,0,0,34,316,660.0,71,4347.0,21,40.5,1.0,12.049019607843135,82.5
2025-11,infrasettimanale,sera,ICN,1660.0,0,249,90,112,0,90,0,47,49,0,0,25,249,678.0,58,2338.0,8,29.40000000000004,1.0,6.666666666666667,46.99999999999997
2025-11,infrasettimanale,sera,IR,7.0,0,1,1,0,0,1,0,0,0,0,0,0,1,0.0,0,7.0,0,7.0,7.0,7.0,7.0
2025-11,infrasettimanale,sera,MET,92.0,0,999,71,484,0,71,0,438,11,0,0,3,999,1199.0,22,1291.0,0,3.800000000000068,0.0,0.0926485397784491,6.0
2025-11,infrasettimanale,sera,NCL,741.0,0,37,20,1,0,20,0,0,17,0,0,13,37,87.0,20,828.0,4,80.0,36.0,35.285714285714285,92.0
2025-11,infrasettimanale,sera,REG,69483.0,0,34377,6922,12750,0,6922,0,14192,1343,0,0,396,34377,36340.0,2544,105823.0,68,8.0,1.0,2.0518249468462084,12.0
2025-11,infrasettimanale,sera,,17564.0,0,1980,888,668,0,888,0,424,392,0,0,172,1980,3396.0,588,20960.0,68,26.0,4.0,8.87070707070707,43.29999999999996
2025-11,infrasettimanale,tarda_mattina,EC,1991.0,0,315,123,107,0,123,0,74,44,0,0,17,315,388.0,76,2379.0,5,21.69999999999999,2.0,6.5493421052631575,30.0
2025-11,infrasettimanale,tarda_mattina,EXP,392.0,0,8,6,2,0,6,0,0,5,0,0,3,8,7.0,6,399.0,2,120.5,26.5,49.0,153.74999999999994
2025-11,infrasettimanale,tarda_mattina,IC,4631.0,0,629,233,237,0,233,0,150,112,0,0,55,629,1181.0,160,5812.0,15,26.200000000000045,2.0,7.469354838709678,48.0
2025-11,infrasettimanale,tarda_mattina,ICN,22.0,0,33,6,23,0,6,0,4,2,0,0,2,33,159.0,3,181.0,1,7.0,-4.0,0.6666666666666666,28.599999999999937
2025-11,infrasettimanale,tarda_mattina,MET,-180.0,0,1207,75,615,0,75,0,500,12,0,0,2,1207,1562.0,19,1382.0,0,3.0,-1.0,-0.1512605042016806,5.0
2025-11,infrasettimanale,tarda_mattina,NCL,4409.0,0,87,49,6,0,49,0,2,47,0,0,38,87,197.0,48,4606.0,29,189.4,63.0,77.35087719298245,215.39999999999992
2025-11,infrasettimanale,tarda_mattina,REG,52179.0,0,43217,5901,17617,0,5901,0,18542,1161,0,0,381,43217,47588.0,2044,99767.0,77,6.0,0.0,1.2405848787446505,9.0
2025-11,infrasettimanale,tarda_mattina,,61952.0,0,5196,2572,1308,0,2572,0,1312,1224,0,0,664,5196,5916.0,1652,67868.0,272,38.0,4.0,11.932203389830509,62.0
2025-11,weekend,mattina,EC,16.0,0,60,10,27,0,10,0,20,5,0,0,1,60,149.0,6,165.0,0,9.599999999999994,1.0,0.2807017543859649,16.0
2025-11,weekend,mattina,EN,5.0,0,2,1,0,0,1,0,1,0,0,0,0,2,0.0,0,5.0,0,4.5,2.5,2.5,4.75
2025-11,weekend,mattina,EXP,161.0,0,5,3,0,0,3,0,2,3,0,0,3,5,0.0,3,161.0,1,56.2,47.0,32.2,58.6
2025-11,weekend,mattina,IC,1660.0,0,275,91,106,0,91,0,78,39,0,0,24,275,521.0,55,2181.0,7,22.599999999999994,1.0,6.036363636363636,43.30000000000001
2025-11,weekend,mattina,MET,-247.0,0,395,12,219,0,12,0,164,0,0,0,0,395,531.0,4,284.0,0,2.0,-1.0,-0.6253164556962025,3.0
2025-11,weekend,mattina,NCL,0.0,0,1,0,0,0,0,0,0,0,0,0,0,1,0.0,0,0.0,0,0.0,0.0,0.0,0.0
2025-11,weekend,mattina,REG,12028.0,0,11295,1467,4936,0,1467,0,4766,305,0,0,116,11295,13722.0,509,25750.0,28,5.0,0.0,1.076909302533799,9.0
2025-11,weekend,mattina,,21644.0,0,2556,904,1000,0,904,0,652,428,0,0,236,2556,4676.0,552,26320.0,116,27.0,2.0,8.4679186228482,53.10000000000002
2025-11,weekend,notte,EC,-38.0,0,10,0,9,0,0,0,1,0,0,0,0,10,42.0,0,4.0,0,-2.3000000000000025,-5.0,-3.8,0.8499999999999925
2025-11,weekend,notte,EN,36.0,0,8,4,0,0,4,0,4,0,0,0,0,8,0.0,0,36.0,0,6.3,4.5,4.5,6.65
2025-11,weekend,notte,IC,757.0,0,144,34,77,0,34,0,33,13,1,1,4,143,467.0,19,1224.0,4,13.400000000000034,-1.0,5.256944444444445,20.849999999999994
2025-11,weekend,notte,ICN,118.0,0,28,7,17,0,7,0,4,3,0,0,3,28,175.0,5,293.0,3,33.200000000000045,-4.0,4.214285714285714,78.0
2025-11,weekend,notte,MET,-81.0,0,118,6,77,0,6,0,35,3,0,0,0,118,199.0,4,118.0,0,2.0,-1.0,-0.6864406779661016,3.299999999999983
2025-11,weekend,notte,NCL,1263.0,0,30,14,1,0,14,0,2,14,0,0,11,30,30.0,14,1293.0,8,177.60000000000002,48.0,74.29411764705883,202.4
2025-11,weekend,notte,REG,4192.0,0,4948,597,2316,0,597,0,2010,121,0,0,45,4948,6933.0,212,11125.0,14,5.0,0.0,0.8515133048953889,9.0
2025-11,weekend,notte,,4596.0,0,796,268,316,0,268,0,208,128,0,0,48,796,1560.0,180,6156.0,12,23.0,1.0,5.803030303030303,32.299999999999955
2025-11,weekend,pomeriggio,EC,455.0,0,116,32,56,0,32,0,25,17,0,0,8,116,372.0,21,827.0,3,20.8,0.0,4.026548672566372,38.39999999999995
2025-11,weekend,pomeriggio,EXP,-39.0,0,9,2,4,0,2,0,3,0,0,0,0,9,59.0,0,20.0,0,6.4,0.0,-4.333333333333333,7.199999999999999
2025-11,weekend,pomeriggio,IC,1135.0,0,215,64,103,0,64,0,47,29,0,0,15,215,466.0,41,1601.0,4,20.700000000000017,0.0,5.303738317757009,34.39999999999998
2025-11,weekend,pomeriggio,ICN,-45.0,0,8,0,8,0,0,0,0,0,0,0,0,8,45.0,0,0.0,0,-3.7,-5.0,-5.625,-3.3500000000000005
2025-11,weekend,pomeriggio,IR,68.0,0,2,1,1,0,1,0,0,1,0,0,1,2,3.0,1,71.0,1,63.60000000000001,34.0,34.0,67.3
2025-11,weekend,pomeriggio,MET,-22.0,0,502,29,287,0,29,0,184,6,0,0,3,502,622.0,9,600.0,2,3.0,-1.0,-0.044,5.0
2025-11,weekend,pomeriggio,NCL,-52.0,0,4,0,2,0,0,0,0,0,0,0,0,4,52.0,0,0.0,0,-14.0,-26.0,-26.0,-12.5
2025-11,weekend,pomeriggio,REG,12709.0,0,14242,1898,6053,0,1898,0,5886,311,0,0,98,14242,17334.0,595,30043.0,13,6.0,0.0,0.9184794391847944,9.0
2025-11,weekend,pomeriggio,,20052.0,0,2448,1000,868,0,1000,0,580,532,0,0,280,2448,4464.0,696,24516.0,64,33.89999999999997,2.0,8.191176470588236,44.0
2025-11,weekend,sera,EC,367.0,0,105,29,52,0,29,0,23,10,0,0,5,105,236.0,15,603.0,2,14.0,-0.5,3.5288461538461537,26.549999999999983
2025-11,weekend,sera,EN,62.0,0,10,8,2,0,8,0,0,1,0,0,0,10,35.0,5,97.0,0,14.499999999999996,9.5,6.2,21.249999999999982
2025-11,weekend,sera,EXP,68.0,0,3,1,1,0,1,0,1,1,0,0,1,3,21.0,1,89.0,1,69.4,3.0,22.666666666666668,77.69999999999999
2025-11,weekend,sera,FA,55.0,0,1,1,0,0,1,0,0,1,0,0,1,1,0.0,1,55.0,0,55.0,55.0,55.0,55.0
2025-11,weekend,sera,FR,-3.0,0,3,0,1,0,0,0,2,0,0,0,0,3,5.0,0,2.0,0,1.0,1.0,-1.0,1.0
2025-11,weekend,sera,IC,1265.0,0,155,38,80,0,38,0,37,20,0,0,14,155,445.0,25,1710.0,7,21.19999999999999,-1.0,8.161290322580646,56.19999999999993
2025-11,weekend,sera,ICN,404.0,0,167,33,89,0,33,0,45,14,0,0,5,167,574.0,20,978.0,4,10.800000000000011,-1.0,2.4191616766467066,18.69999999999999
2025-11,weekend,sera,IR,19.0,0,4,1,0,0,1,0,3,0,0,0,0,4,0.0,1,19.0,0,8.900000000000002,3.5,4.75,9.949999999999998
2025-11,weekend,sera,MET,-115.0,0,428,15,213,0,15,0,199,2,0,0,2,428,508.0,5,393.0,0,2.0,0.0,-0.2693208430913349,3.6999999999999886
2025-11,weekend,sera,NCL,0.0,0,5,0,0,0,0,0,0,0,0,0,0,5,0.0,0,0.0,0,0.0,0.0,0.0,0.0
2025-11,weekend,sera,REG,15552.0,0,12225,1760,5324,0,1760,0,5034,378,0,0,130,12225,14799.0,638,30351.0,35,6.0,0.0,1.2833800957253672,10.0
2025-11,weekend,sera,,6640.0,0,964,384,372,0,384,0,208,180,0,0,92,964,1968.0,264,8608.0,28,27.0,2.0,6.8879668049792535,41.0
2025-11,weekend,tarda_mattina,EC,725.0,0,181,52,83,0,52,0,41,19,0,0,6,181,365.0,26,1090.0,3,15.0,0.0,4.119318181818182,23.25
2025-11,weekend,tarda_mattina,EXP,350.0,0,4,4,0,0,4,0,0,3,0,0,2,4,0.0,3,350.0,2,192.90000000000003,51.0,87.5,217.95
2025-11,weekend,tarda_mattina,IC,1245.0,0,331,90,149,0,90,0,91,39,0,0,15,331,861.0,56,2106.0,6,15.100000000000026,1.0,3.7727272727272725,28.0
2025-11,weekend,tarda_mattina,ICN,326.0,0,26,8,15,0,8,0,3,3,0,0,3,26,101.0,5,427.0,2,30.0,-1.0,12.538461538461538,136.25
2025-11,weekend,tarda_mattina,MET,-350.0,0,573,14,339,0,14,0,220,6,0,0,2,573,872.0,9,522.0,1,2.0,-1.0,-0.6108202443280978,3.0
2025-11,weekend,tarda_mattina,NCL,38.0,0,7,2,1,0,2,0,0,1,0,0,0,7,1.0,2,39.0,0,22.8,14.0,12.666666666666666,23.9
2025-11,weekend,tarda_mattina,REG,6660.0,0,15579,1589,7225,0,1589,0,6339,284,0,0,91,15579,20837.0,523,27497.0,17,5.0,0.0,0.4395169273411206,7.0
2025-11,weekend,tarda_mattina,,26596.0,0,2204,904,732,0,904,0,568,456,0,0,284,2204,3548.0,600,30144.0,152,44.0,3.0,12.067150635208712,74.0
2025-12,infrasettimanale,mattina,EC,423.0,0,156,42,75,0,42,0,32,13,0,0,2,156,278.0,26,701.0,2,13.0,-1.0,2.838926174496644,20.0
2025-12,infrasettimanale,mattina,EN,1.0,0,1,0,0,0,0,0,1,0,0,0,0,1,0.0,0,1.0,0,1.0,1.0,1.0,1.0
2025-12,infrasettimanale,mattina,EXP,5.0,0,1,1,0,0,1,0,0,0,0,0,0,1,0.0,0,5.0,0,5.0,5.0,5.0,5.0
2025-12,infrasettimanale,mattina,FA,485.0,0,55,26,14,0,26,0,15,11,0,0,5,55,60.0,17,545.0,1,25.0,4.0,8.818181818181818,44.89999999999997
2025-12,infrasettimanale,mattina,FB,246.0,0,7,3,3,0,3,0,1,2,0,0,2,7,12.0,2,258.0,2,114.00000000000004,3.0,35.142857142857146,146.99999999999991
2025-12,infrasettimanale,mattina,FR,5701.0,0,521,288,96,0,288,0,137,125,2,2,54,519,383.0,180,6084.0,19,31.0,6.0,10.942418426103648,46.0
2025-12,infrasettimanale,mattina,IC,5076.0,0,634,244,222,1,244,3,159,114,9,10,62,621,1045.0,158,6121.0,21,29.0,2.0,8.1216,49.0
2025-12,infrasettimanale,mattina,ICN,23.0,0,2,1,1,0,1,0,0,1,0,0,1,2,22.0,1,45.0,0,38.3,11.5,11.5,41.65
2025-12,infrasettimanale,mattina,MET,706.0,0,997,95,425,0,95,1,462,16,4,4,6,992,1085.0,33,1791.0,2,4.0,0.0,0.7189409368635438,7.0
2025-12,infrasettimanale,mattina,NCL,61.0,0,2,1,0,0,1,1,1,1,0,0,1,1,0.0,1,61.0,1,54.9,30.5,30.5,57.95
2025-12,infrasettimanale,mattina,REG,74774.0,0,37364,7072,13217,1,7072,170,16475,1282,171,172,394,37022,34810.0,2456,109584.0,79,7.0,1.0,2.033891850723534,12.0
2025-12,infrasettimanale,mattina,,48399.0,0,3799,1859,866,0,1859,0,1047,876,0,0,427,3799,3551.0,1228,51950.0,217,33.910897604632794,4.435640958146881,12.83167586313006,66.84160305343511
2025-12,infrasettimanale,notte,EC,-4.0,0,23,3,15,0,3,0,5,2,0,0,0,23,72.0,2,68.0,0,8.000000000000004,-4.0,-0.1739130434782608,15.299999999999988
2025-12,infrasettimanale,notte,EN,484.0,0,21,13,1,0,13,0,7,8,5,5,4,16,1.0,12,485.0,3,96.0,10.0,23.047619047619047,100.0
2025-12,infrasettimanale,notte,EXP,0.0,0,1,0,0,0,0,0,0,0,0,0,0,1,0.0,0,0.0,0,0.0,0.0,0.0,0.0
2025-12,infrasettimanale,notte,FA,147.0,0,16,6,3,0,6,0,7,2,0,0,1,16,9.0,2,156.0,1,14.5,2.0,9.1875,42.0
2025-12,infrasettimanale,notte,FB,71.0,0,7,3,1,0,3,0,3,3,0,0,0,7,3.0,3,74.0,0,26.8,2.0,10.142857142857142,27.4
2025-12,infrasettimanale,notte,FR,1683.0,0,171,78,33,0,78,0,60,38,1,1,19,170,94.0,52,1777.0,3,32.0,4.0,9.842105263157896,47.0
2025-12,infrasettimanale,notte,IC,1217.0,0,283,74,121,1,74,0,84,43,0,1,23,282,836.0,51,2053.0,3,23.200000000000017,1.0,4.362007168458781,42.0
2025-12,infrasettimanale,notte,ICN,460.0,0,68,19,39,0,19,0,10,6,0,0,6,68,155.0,8,615.0,3,13.300000000000004,-1.0,6.764705882352941,39.79999999999998
2025-12,infrasettimanale,notte,MET,-338.0,0,346,8,216,0,8,1,119,0,1,1,0,344,524.0,0,186.0,0,2.0,-1.0,-0.9854227405247812,3.0
2025-12,infrasettimanale,notte,NCL,548.0,0,6,6,0,0,6,0,0,5,0,0,5,6,0.0,6,548.0,4,129.5,115.5,91.33333333333331,131.25
2025-12,infrasettimanale,notte,REG,17123.0,0,15698,2081,6720,1,2081,25,6640,421,35,36,136,15637,18271.0,709,35394.0,30,5.0,0.0,1.108930768732595,9.0
2025-12,infrasettimanale,notte,,13103.0,0,1343,579,343,0,579,0,397,262,0,0,146,1343,1519.0,348,14622.0,52,32.34609084139984,2.9910647803425165,9.934548303266212,51.51571109456439
2025-12,infrasettimanale,pomeriggio,EC,2200.0,0,330,117,112,0,117,0,92,52,0,0,22,330,526.0,82,2726.0,5,20.0,2.0,6.853582554517134,35.0
2025-12,infrasettimanale,pomeriggio,EXP,34.0,0,5,2,3,0,2,0,0,2,0,0,2,5,47.0,2,81.0,0,42.6,-4.0,6.8,46.8
2025-12,infrasettimanale,pomeriggio,FA,397.0,0,52,23,19,0,23,0,10,12,0,0,4,52,80.0,14,477.0,1,23.800000000000004,2.5,7.634615384615385,45.79999999999998
2025-12,infrasettimanale,pomeriggio,FB,136.0,0,8,6,0,0,6,0,2,2,0,0,1,8,0.0,3,136.0,1,36.29999999999999,8.5,17.0,54.14999999999997
2025-12,infrasettimanale,pomeriggio,FR,5993.0,0,483,260,107,0,260,0,116,117,1,1,60,482,477.0,168,6470.0,28,35.80000000000001,5.0,12.407867494824016,66.0
2025-12,infrasettimanale,pomeriggio,IC,3086.0,0,480,165,191,0,165,0,118,74,5,5,35,475,855.0,111,3941.0,10,21.69999999999999,2.0,6.510548523206751,39.34999999999997
2025-12,infrasettimanale,pomeriggio,ICN,-12.0,0,16,1,15,0,1,0,0,1,0,0,1,16,58.0,1,46.0,0,-1.5,-3.0,-0.75,10.75
2025-12,infrasettimanale,pomeriggio,IR,141.0,0,3,2,0,0,2,0,1,2,2,2,1,1,0.0,2,141.0,1,98.2,23.0,47.0,107.59999999999998
2025-12,infrasettimanale,pomeriggio,MET,199.0,0,1225,91,608,0,91,1,506,11,2,2,6,1222,1402.0,26,1601.0,0,4.0,-1.0,0.1651452282157676,6.0
2025-12,infrasettimanale,pomeriggio,NCL,55.0,0,5,1,0,0,1,3,3,1,0,0,1,2,0.0,1,55.0,0,38.50000000000001,0.0,13.75,46.74999999999998
2025-12,infrasettimanale,pomeriggio,REG,81284.0,0,45944,8040,16945,1,8040,151,19596,1535,233,234,474,45559,46189.0,2798,127473.0,106,7.0,1.0,1.823287947780445,11.0
2025-12,infrasettimanale,pomeriggio,,33058.0,0,3513,1600,1008,0,1600,0,899,734,0,0,329,3513,4724.0,1025,37782.0,132,27.478223740392867,4.0,9.42609850502701,47.74551665243381
2025-12,infrasettimanale,sera,EC,1183.0,0,243,76,97,0,76,1,57,28,0,0,8,242,325.0,41,1508.0,5,16.0,2.0,5.143478260869565,26.549999999999983
2025-12,infrasettimanale,sera,ECFR,94.0,0,8,8,0,0,8,0,0,3,0,0,0,8,0.0,5,94.0,0,18.3,11.5,11.75,18.65
2025-12,infrasettimanale,sera,EN,498.0,0,18,13,1,0,13,0,4,10,1,1,7,17,5.0,11,503.0,1,38.900000000000006,16.5,27.666666666666668,65.74999999999977
2025-12,infrasettimanale,sera,EXP,8.0,0,6,1,1,0,1,0,1,0,0,0,0,6,2.0,0,10.0,0,5.599999999999999,4.0,2.6666666666666665,5.8
2025-12,infrasettimanale,sera,FA,283.0,0,14,7,2,0,7,0,5,4,0,0,1,14,4.0,5,287.0,1,22.0,5.5,20.214285714285715,80.79999999999994
2025-12,infrasettimanale,sera,FB,64.0,0,8,6,1,0,6,0,1,1,0,0,0,8,2.0,2,66.0,0,17.199999999999996,5.5,8.0,22.099999999999994
2025-12,infrasettimanale,sera,FR,2494.0,0,182,89,51,0,89,0,42,38,0,0,21,182,229.0,57,2723.0,11,31.90000000000001,4.0,13.703296703296703,65.79999999999995
2025-12,infrasettimanale,sera,IC,2192.0,0,325,105,145,0,105,1,68,45,0,0,29,324,791.0,65,2983.0,10,23.600000000000023,1.0,6.893081761006289,52.29999999999997
2025-12,infrasettimanale,sera,ICN,531.0,0,306,71,161,0,71,0,74,23,0,0,14,306,1022.0,37,1553.0,5,11.0,-1.0,1.7352941176470589,26.75
2025-12,infrasettimanale,sera,IR,36.0,0,1,1,0,0,1,0,0,1,0,0,1,1,0.0,1,36.0,0,36.0,36.0,36.0,36.0
2025-12,infrasettimanale,sera,MET,-387.0,0,1101,65,581,0,65,3,449,11,2,2,5,1096,1580.0,17,1193.0,0,3.0,-1.0,-0.3534246575342465,5.0
2025-12,infrasettimanale,sera,REG,64956.0,0,37287,6889,14951,0,6889,107,14958,1345,109,109,440,37071,42726.0,2496,107682.0,94,7.0,1.0,1.7652046306864506,12.0
2025-12,infrasettimanale,sera,,7500.0,0,1355,479,531,0,479,0,324,195,0,0,77,1355,2647.0,285,10147.0,27,19.456088560885608,1.7173431734317344,5.616538512281372,32.912177121771215
2025-12,infrasettimanale,tarda_mattina,DIR,-3.0,0,1,0,1,0,0,0,0,0,0,0,0,1,3.0,0,0.0,0,-3.0,-3.0,-3.0,-3.0
2025-12,infrasettimanale,tarda_mattina,EC,1584.0,0,345,104,139,0,104,1,93,43,0,0,11,344,516.0,67,2100.0,4,17.5,1.0,4.714285714285714,25.0
2025-12,infrasettimanale,tarda_mattina,ECFR,132.0,0,8,8,0,0,8,0,0,2,0,0,2,8,0.0,4,132.0,0,38.0,9.5,16.5,44.99999999999999
2025-12,infrasettimanale,tarda_mattina,EXP,10.0,0,3,1,0,0,1,0,2,0,1,1,0,2,0.0,0,10.0,0,6.6000000000000005,1.0,3.3333333333333335,7.3
2025-12,infrasettimanale,tarda_mattina,FA,360.0,0,16,8,2,0,8,0,6,5,0,0,3,16,6.0,5,366.0,3,76.5,5.0,22.5,97.5
2025-12,infrasettimanale,tarda_mattina,FB,394.0,0,31,15,8,0,15,0,8,9,0,0,4,31,17.0,12,411.0,1,32.0,4.0,12.709677419354838,44.5
2025-12,infrasettimanale,tarda_mattina,FR,5333.0,0,469,222,100,0,222,0,147,103,0,0,56,469,394.0,133,5727.0,22,38.0,4.0,11.371002132196162,51.39999999999986
2025-12,infrasettimanale,tarda_mattina,IC,3542.0,0,661,215,265,0,215,3,169,96,8,8,46,650,1510.0,124,5052.0,16,23.0,1.0,5.457627118644068,38.0
2025-12,infrasettimanale,tarda_mattina,ICN,-167.0,0,61,12,45,0,12,0,4,5,0,0,4,61,536.0,6,369.0,2,9.0,-6.0,-2.737704918032787,31.0
2025-12,infrasettimanale,tarda_mattina,IR,4.0,0,1,0,0,0,0,0,1,0,0,0,0,1,0.0,0,4.0,0,4.0,4.0,4.0,4.0
2025-12,infrasettimanale,tarda_mattina,MET,-243.0,0,1404,87,765,0,87,4,531,18,5,5,7,1395,1992.0,33,1749.0,0,3.0,-1.0,-0.175704989154013,5.8999999999998645
2025-12,infrasettimanale,tarda_mattina,NCL,1200.0,0,18,11,0,0,11,2,3,11,0,0,9,16,0.0,11,1200.0,6,227.6000000000001,43.5,85.71428571428571,262.25
2025-12,infrasettimanale,tarda_mattina,REG,45294.0,0,47385,5742,20144,2,5742,136,20209,1099,227,229,369,47020,53037.0,1886,98331.0,54,5.0,0.0,0.982622844126261,8.0
2025-12,infrasettimanale,tarda_mattina,,39090.0,0,3399,1631,818,0,1631,0,911,780,0,0,411,3399,3504.0,1056,42594.0,170,36.60417769932337,4.0,11.633849042304046,59.73690791409233
2025-12,weekend,mattina,EC,38.0,0,54,11,27,0,11,0,14,3,0,0,0,54,101.0,5,139.0,0,8.899999999999999,-1.0,0.7307692307692307,14.449999999999996
2025-12,weekend,mattina,EXP,35.0,0,6,3,3,0,3,0,0,2,0,0,0,6,18.0,2,53.0,0,22.0,2.0,5.833333333333333,22.5
2025-12,weekend,mattina,FA,82.0,0,12,8,2,0,8,0,2,2,0,0,0,12,6.0,3,88.0,0,15.699999999999998,5.5,6.833333333333333,18.7
2025-12,weekend,mattina,FB,0.0,0,2,0,0,0,0,0,2,0,0,0,0,2,0.0,0,0.0,0,0.0,0.0,0.0,0.0
2025-12,weekend,mattina,FR,501.0,0,111,37,41,0,37,0,33,12,0,0,3,111,171.0,21,672.0,2,15.0,2.0,4.513513513513513,23.0
2025-12,weekend,mattina,IC,883.0,0,228,73,104,0,73,0,51,22,4,4,11,224,596.0,34,1479.0,4,14.0,1.0,3.87280701754386,27.24999999999989
2025-12,weekend,mattina,ICN,8.0,0,2,1,0,0,1,0,1,0,0,0,0,2,0.0,0,8.0,0,5.6,4.0,4.0,5.8
2025-12,weekend,mattina,MET,74.0,0,319,23,164,0,23,0,130,3,0,0,2,319,387.0,10,461.0,1,3.0,-1.0,0.2334384858044164,8.0
2025-12,weekend,mattina,REG,8926.0,0,9474,1250,4110,0,1250,19,4055,207,19,19,69,9436,11180.0,389,20106.0,13,5.0,0.0,0.9480616038236855,8.0
2025-12,weekend,mattina,,7372.0,0,1355,459,496,0,459,0,400,185,0,0,81,1355,2214.0,294,9586.0,14,19.66568265682658,2.0,5.440590405904059,31.938007380073778
2025-12,weekend,notte,EC,-35.0,0,8,0,8,0,0,0,0,0,0,0,0,8,35.0,0,0.0,0,-1.7000000000000002,-4.5,-4.375,-1.3500000000000003
2025-12,weekend,notte,EN,520.0,0,8,6,1,0,6,0,1,5,2,2,3,6,11.0,5,531.0,3,178.2,21.5,65.0,228.5999999999999
2025-12,weekend,notte,FA,-7.0,0,1,0,1,0,0,0,0,0,0,0,0,1,7.0,0,0.0,0,-7.0,-7.0,-7.0,-7.0
2025-12,weekend,notte,FB,11.0,0,2,1,0,0,1,0,1,0,0,0,0,2,0.0,1,11.0,0,9.9,5.5,5.5,10.45
2025-12,weekend,notte,FR,226.0,0,35,17,11,0,17,0,7,5,0,0,3,35,46.0,8,272.0,0,24.80000000000001,4.0,6.457142857142857,32.599999999999994
2025-12,weekend,notte,IC,54.0,0,91,15,54,0,15,0,22,6,0,0,5,91,339.0,9,393.0,2,8.0,-3.0,0.5934065934065934,26.5
2025-12,weekend,notte,ICN,143.0,0,21,6,13,0,6,0,2,2,0,0,2,21,82.0,6,225.0,2,14.0,-2.0,6.809523809523809,81.0
2025-12,weekend,notte,MET,-113.0,0,121,4,76,0,4,0,41,1,0,0,0,121,190.0,1,77.0,0,2.0,-1.0,-0.9338842975206612,3.0
2025-12,weekend,notte,NCL,0.0,0,4,0,0,0,0,4,4,0,0,0,0,0,0.0,0,0.0,0,0.0,0.0,0.0,0.0
2025-12,weekend,notte,REG,3117.0,0,4185,455,2058,0,455,6,1662,108,6,6,46,4173,5824.0,165,8941.0,14,5.0,0.0,0.7465868263473054,8.0
2025-12,weekend,notte,,2621.0,0,401,132,177,0,132,0,89,56,0,0,36,401,767.0,81,3388.0,12,21.53790523690776,0.3965087281795511,6.58549459684123,39.128678304239415
2025-12,weekend,pomeriggio,EC,729.0,0,110,46,37,0,46,1,27,16,0,0,7,109,163.0,33,892.0,2,20.0,3.0,6.627272727272727,37.0
2025-12,weekend,pomeriggio,EXP,27.0,0,6,3,1,0,3,0,1,1,0,0,0,6,6.0,2,33.0,0,13.6,5.0,5.400000000000001,14.800000000000002
2025-12,weekend,pomeriggio,FA,77.0,0,11,3,5,0,3,0,3,2,0,0,2,11,16.0,2,93.0,0,32.0,0.0,7.0,43.0
2025-12,weekend,pomeriggio,FB,16.0,0,2,2,0,0,2,0,0,0,0,0,0,2,0.0,1,16.0,0,9.6,8.0,8.0,9.8
2025-12,weekend,pomeriggio,FR,1052.0,0,103,42,36,0,42,0,25,29,0,0,13,103,174.0,33,1226.0,6,34.19999999999999,2.0,10.21359223300971,60.19999999999993
2025-12,weekend,pomeriggio,IC,924.0,0,173,36,88,0,36,2,49,20,0,0,11,171,369.0,27,1293.0,4,18.600000000000023,-1.0,5.341040462427745,40.400000000000006
2025-12,weekend,pomeriggio,ICN,-22.0,0,6,0,5,0,0,0,1,0,0,0,0,6,22.0,0,0.0,0,-1.5,-4.0,-3.6666666666666665,-0.75
2025-12,weekend,pomeriggio,IR,7.0,0,1,1,0,0,1,0,0,0,0,0,0,1,0.0,0,7.0,0,7.0,7.0,7.0,7.0
2025-12,weekend,pomeriggio,MET,14.0,0,399,25,204,0,25,0,170,3,0,0,0,399,417.0,6,431.0,0,3.0,-1.0,0.0350877192982456,5.0
2025-12,weekend,pomeriggio,REG,12332.0,0,11757,1521,5245,0,1521,35,4908,326,34,34,120,11688,14696.0,544,27028.0,32,5.0,0.0,1.0563645708411855,9.0
2025-12,weekend,pomeriggio,,11249.0,0,1265,446,479,0,446,0,340,184,0,0,105,1265,2251.0,279,13500.0,72,23.324584980237155,1.394466403162055,8.892490118577076,71.30482213438722
2025-12,weekend,sera,EC,298.0,0,87,21,34,0,21,0,32,7,0,0,4,87,157.0,11,455.0,1,13.400000000000004,1.0,3.425287356321839,24.7
2025-12,weekend,sera,ECFR,8.0,0,2,1,0,0,1,0,1,0,0,0,0,2,0.0,0,8.0,0,4.8,4.0,4.0,4.9
2025-12,weekend,sera,EN,89.0,0,7,3,3,0,3,0,1,1,0,0,1,7,38.0,1,127.0,1,50.60000000000004,0.0,12.714285714285714,81.79999999999993
2025-12,weekend,sera,EXP,-10.0,0,5,0,2,0,0,0,2,0,0,0,0,5,12.0,0,2.0,0,1.0,-2.5,-2.5,1.0
2025-12,weekend,sera,FA,7.0,0,3,1,1,0,1,0,1,0,0,0,0,3,4.0,1,11.0,0,8.8,0.0,2.333333333333333,9.9
2025-12,weekend,sera,FB,10.0,0,2,1,0,0,1,0,1,0,0,0,0,2,0.0,0,10.0,0,6.6,5.0,5.0,6.8
2025-12,weekend,sera,FR,171.0,0,38,12,20,0,12,0,6,7,0,0,1,38,82.0,8,253.0,1,21.10000000000003,-1.0,4.5,29.0
2025-12,weekend,sera,IC,241.0,0,115,17,69,0,17,1,29,10,0,0,7,114,422.0,14,663.0,4,12.200000000000015,-1.0,2.095652173913044,30.3
2025-12,weekend,sera,ICN,759.0,0,115,25,73,0,25,0,17,14,0,0,7,115,514.0,16,1273.0,5,19.0,-3.0,6.6,38.899999999999935
2025-12,weekend,sera,MET,10.0,0,356,20,165,0,20,0,170,4,0,0,1,356,409.0,5,419.0,0,3.0,0.0,0.028169014084507,5.0
2025-12,weekend,sera,REG,9057.0,0,10002,1241,4609,1,1241,9,4093,241,18,19,100,9974,12808.0,402,21865.0,23,5.0,0.0,0.910892084883838,8.0
2025-12,weekend,sera,,4577.0,0,472,122,243,0,122,0,101,67,0,0,43,472,1187.0,81,5764.0,31,19.88177966101695,-1.0,9.822985589561874,79.7542372881356
2025-12,weekend,tarda_mattina,EC,600.0,0,145,46,56,0,46,1,41,18,0,0,7,144,242.0,24,842.0,0,18.0,2.0,4.195804195804196,25.80000000000001
2025-12,weekend,tarda_mattina,ECFR,7.0,0,2,1,0,0,1,0,1,0,0,0,0,2,0.0,0,7.0,0,4.7,3.5,3.5,4.85
2025-12,weekend,tarda_mattina,EXP,53.0,0,4,3,1,0,3,0,0,1,1,1,1,3,8.0,1,61.0,0,34.2,8.0,13.25,39.59999999999999
2025-12,weekend,tarda_mattina,FA,35.0,0,4,2,0,0,2,0,2,1,0,0,0,4,0.0,2,35.0,0,17.200000000000003,8.0,8.75,18.1
2025-12,weekend,tarda_mattina,FB,213.0,0,8,2,3,0,2,0,3,2,0,0,2,8,19.0,2,232.0,2,100.29999999999998,0.5,26.625,125.14999999999996
2025-12,weekend,tarda_mattina,FR,541.0,0,99,33,45,0,33,0,21,16,0,0,8,99,191.0,23,732.0,1,25.0,1.0,5.4646464646464645,37.1
2025-12,weekend,tarda_mattina,IC,718.0,0,248,55,137,0,55,0,56,19,3,3,10,245,721.0,29,1439.0,5,12.0,-1.0,2.8951612903225805,25.299999999999955
2025-12,weekend,tarda_mattina,ICN,-98.0,0,21,3,12,0,3,0,6,1,0,0,1,21,161.0,1,63.0,0,5.0,-2.0,-4.666666666666667,8.0
2025-12,weekend,tarda_mattina,MET,-388.0,0,464,17,298,0,17,0,149,3,2,2,1,462,772.0,3,384.0,1,2.0,-1.0,-0.8362068965517241,4.0
2025-12,weekend,tarda_mattina,REG,5816.0,0,12905,1299,6292,0,1299,25,5245,276,31,31,102,12849,17542.0,464,23358.0,20,5.0,0.0,0.4531006544094733,7.0
2025-12,weekend,tarda_mattina,,8712.0,0,1197,439,399,0,439,0,359,151,0,0,82,1197,1893.0,261,10605.0,24,18.39515455304929,2.6048454469507103,7.2781954887218046,33.73868003341687
2026-01,infrasettimanale,mattina,EC,796.0,0,163,39,75,0,39,8,49,16,1,1,8,154,304.0,26,1100.0,4,14.0,0.0,4.883435582822086,23.700000000000017
2026-01,infrasettimanale,mattina,EXP,-3.0,0,2,0,1,0,0,0,1,0,0,0,0,2,3.0,0,0.0,0,-0.2999999999999998,-1.5,-1.5,-0.1500000000000003
2026-01,infrasettimanale,mattina,FA,855.0,0,131,43,49,0,43,0,39,20,1,1,10,130,300.0,33,1155.0,4,24.0,1.0,6.526717557251908,39.5
2026-01,infrasettimanale,mattina,FB,103.0,0,22,12,2,0,12,0,8,0,0,0,0,22,11.0,4,114.0,0,10.900000000000002,5.0,4.681818181818182,11.95
2026-01,infrasettimanale,mattina,FR,14722.0,0,1414,663,341,0,663,0,410,289,5,5,156,1409,1183.0,397,15905.0,50,32.0,4.0,10.41159830268741,49.34999999999992
2026-01,infrasettimanale,mattina,IC,4336.0,0,586,212,215,1,212,11,159,96,14,15,47,560,871.0,129,5207.0,18,24.5,1.0,7.399317406143345,42.0
2026-01,infrasettimanale,mattina,ICN,-20.0,0,2,0,2,0,0,0,0,0,0,0,0,2,20.0,0,0.0,0,-5.199999999999999,-10.0,-10.0,-4.600000000000001
2026-01,infrasettimanale,mattina,MET,283.0,0,956,77,451,0,77,5,428,5,11,11,0,940,984.0,17,1267.0,0,4.0,0.0,0.2960251046025104,6.0
2026-01,infrasettimanale,mattina,NCL,91.0,0,5,3,1,0,3,1,1,3,0,0,1,4,3.0,3,94.0,0,36.400000000000006,24.0,18.2,39.2
2026-01,infrasettimanale,mattina,REG,83583.0,0,36919,7080,13233,4,7080,986,16606,1605,702,706,578,35227,34831.0,2793,118414.0,119,8.0,1.0,2.26395622850023,13.0
2026-01,infrasettimanale,mattina,,390.0,0,72,30,20,0,30,0,22,9,0,0,2,72,78.0,13,468.0,1,16.0,4.0,5.416666666666667,20.90000000000001
2026-01,infrasettimanale,notte,EC,120.0,0,21,4,8,0,4,1,9,4,0,0,3,20,29.0,4,149.0,0,30.0,1.0,5.714285714285714,42.0
2026-01,infrasettimanale,notte,EN,316.0,0,21,15,2,0,15,1,4,7,1,1,3,19,9.0,11,325.0,1,38.0,10.0,15.047619047619047,39.0
2026-01,infrasettimanale,notte,EXP,-2.0,0,1,0,1,0,0,0,0,0,0,0,0,1,2.0,0,0.0,0,-2.0,-2.0,-2.0,-2.0
2026-01,infrasettimanale,notte,FA,375.0,0,43,24,2,0,24,0,17,2,0,0,2,43,3.0,7,378.0,1,10.800000000000004,5.0,8.720930232558139,12.0
2026-01,infrasettimanale,notte,FB,184.0,0,22,11,5,0,11,0,6,4,0,0,2,22,18.0,7,202.0,0,28.00000000000002,4.0,8.363636363636363,39.44999999999999
2026-01,infrasettimanale,notte,FR,4022.0,0,499,202,154,0,202,0,143,81,0,0,43,499,561.0,124,4583.0,15,23.19999999999999,2.0,8.060120240480963,42.099999999999966
2026-01,infrasettimanale,notte,IC,2367.0,0,263,93,94,0,93,9,76,45,21,21,26,233,565.0,59,2932.0,9,28.80000000000001,1.0,9.0,46.69999999999993
2026-01,infrasettimanale,notte,ICN,289.0,0,42,9,26,0,9,0,7,5,0,0,4,42,126.0,9,415.0,1,14.900000000000002,-2.5,6.880952380952381,52.199999999999925
2026-01,infrasettimanale,notte,MET,-157.0,0,346,11,211,0,11,10,124,3,2,2,3,334,552.0,5,395.0,1,2.0,-1.0,-0.45375722543352603,3.0
2026-01,infrasettimanale,notte,NCL,-8.0,0,7,2,5,0,2,0,0,2,0,0,2,7,195.0,2,187.0,2,91.6,-36.0,-1.1428571428571428,97.29999999999998
2026-01,infrasettimanale,notte,REG,16869.0,0,15339,1939,6544,2,1939,508,6856,396,157,159,163,14672,17741.0,692,34610.0,35,5.0,0.0,1.099745746137297,9.0
2026-01,infrasettimanale,notte,,266.0,0,30,11,10,0,11,0,9,6,0,0,3,30,24.0,6,290.0,1,24.14000000000003,1.1,8.866666666666667,34.22
2026-01,infrasettimanale,pomeriggio,EC,1937.0,0,338,133,113,0,133,21,92,47,2,2,19,315,393.0,78,2330.0,3,18.0,2.0,5.730769230769231,31.0
2026-01,infrasettimanale,pomeriggio,EXP,32.0,0,3,1,1,0,1,0,1,1,0,0,1,3,3.0,1,35.0,0,26.8,2.0,10.666666666666666,29.899999999999995
2026-01,infrasettimanale,pomeriggio,FA,463.0,0,110,28,52,0,28,1,30,13,1,1,7,108,283.0,16,746.0,4,17.0,0.0,4.209090909090909,41.55
2026-01,infrasettimanale,pomeriggio,FB,164.0,0,22,4,14,0,4,0,4,4,0,0,3,22,40.0,4,204.0,1,41.400000000000055,-1.0,7.454545454545454,54.44999999999998
2026-01,infrasettimanale,pomeriggio,FR,11963.0,0,1328,631,337,0,631,0,360,265,11,11,115,1317,1592.0,392,13555.0,37,27.0,4.0,9.00828313253012,42.0
2026-01,infrasettimanale,pomeriggio,IC,2949.0,0,502,150,201,10,150,13,151,65,18,28,35,461,846.0,88,3795.0,14,19.0,1.0,5.874501992031872,36.0
2026-01,infrasettimanale,pomeriggio,ICN,-64.0,0,33,2,26,0,2,0,5,0,0,0,0,33,93.0,1,29.0,0,3.6000000000000014,-3.0,-1.93939393939394,4.399999999999999
2026-01,infrasettimanale,pomeriggio,MET,94.0,0,1185,75,603,0,75,11,507,14,18,18,5,1156,1394.0,20,1488.0,0,3.0,-1.0,0.0793248945147679,5.0
2026-01,infrasettimanale,pomeriggio,NCL,31.0,0,3,1,0,0,1,1,2,1,0,0,1,2,0.0,1,31.0,0,24.8,0.0,10.333333333333334,27.899999999999995
2026-01,infrasettimanale,pomeriggio,REG,72639.0,0,45478,7317,17265,2,7317,1400,20896,1377,833,835,458,43243,45051.0,2540,117690.0,75,6.0,0.0,1.59723382734509,10.0
2026-01,infrasettimanale,pomeriggio,,361.0,0,73,27,27,0,27,0,19,7,0,0,4,73,118.0,15,479.0,1,13.35616438356164,1.7534246575342465,4.945205479452055,28.938356164383517
2026-01,infrasettimanale,sera,EC,1151.0,0,221,75,72,0,75,17,74,28,0,0,10,204,208.0,49,1359.0,3,16.0,1.0,5.208144796380091,24.0
2026-01,infrasettimanale,sera,ECFR,601.0,0,21,19,0,0,19,0,2,16,0,0,8,21,0.0,16,601.0,1,53.0,27.0,28.61904761904762,58.0
2026-01,infrasettimanale,sera,EN,248.0,0,20,15,1,0,15,1,4,8,0,0,2,19,19.0,11,267.0,0,27.600000000000012,11.0,12.4,33.2
2026-01,infrasettimanale,sera,EXP,-7.0,0,2,0,2,0,0,0,0,0,0,0,0,2,7.0,0,0.0,0,-1.5,-3.5,-3.5,-1.25
2026-01,infrasettimanale,sera,FA,189.0,0,33,10,14,0,10,0,9,4,0,0,3,33,78.0,4,267.0,2,18.80000000000001,0.0,5.727272727272728,51.19999999999993
2026-01,infrasettimanale,sera,FB,66.0,0,20,4,9,0,4,0,7,1,0,0,1,20,27.0,3,93.0,0,11.200000000000005,1.0,3.3,14.550000000000022
2026-01,infrasettimanale,sera,FR,2918.0,0,498,186,204,0,186,1,108,71,2,2,34,495,1028.0,105,3946.0,12,20.0,2.0,5.859437751004016,39.14999999999998
2026-01,infrasettimanale,sera,IC,2087.0,0,302,89,110,1,89,28,103,43,12,13,24,261,554.0,56,2641.0,11,21.800000000000068,0.0,6.910596026490066,47.0
2026-01,infrasettimanale,sera,ICN,959.0,0,240,71,127,0,71,0,42,37,0,0,23,240,932.0,48,1891.0,7,24.19999999999999,-1.0,3.995833333333333,44.09999999999997
2026-01,infrasettimanale,sera,MET,-186.0,0,1084,60,565,0,60,14,459,15,21,21,6,1049,1495.0,22,1309.0,1,3.0,-1.0,-0.1715867158671586,5.0
2026-01,infrasettimanale,sera,NCL,56.0,0,1,1,0,0,1,0,0,1,0,0,1,1,0.0,1,56.0,0,56.0,56.0,56.0,56.0
2026-01,infrasettimanale,sera,REG,62383.0,0,36940,6594,14611,2,6594,910,15735,1360,485,487,414,35543,41047.0,2460,103430.0,71,7.0,0.0,1.6887655657823497,12.0
2026-01,infrasettimanale,sera,,15.0,0,25,5,14,0,5,0,6,1,0,0,1,25,78.0,2,93.0,0,6.200000000000002,-2.0,0.6,9.399999999999991
2026-01,infrasettimanale,tarda_mattina,DIR,0.0,0,1,0,0,0,0,1,1,0,0,0,0,0,0.0,0,0.0,0,0.0,0.0,0.0,0.0
2026-01,infrasettimanale,tarda_mattina,EC,2189.0,0,287,94,124,0,94,13,69,38,1,1,20,273,384.0,56,2573.0,10,22.0,0.0,7.627177700348432,34.0
2026-01,infrasettimanale,tarda_mattina,ECFR,90.0,0,22,7,13,0,7,0,2,5,0,0,2,22,84.0,6,174.0,0,22.800000000000004,-2.0,4.090909090909091,36.29999999999999
2026-01,infrasettimanale,tarda_mattina,FA,780.0,0,65,28,12,0,28,0,25,12,0,0,3,65,40.0,18,820.0,2,19.6,4.0,12.0,26.0
2026-01,infrasettimanale,tarda_mattina,FB,509.0,0,88,34,27,0,34,0,27,12,1,1,4,87,74.0,19,583.0,1,15.299999999999995,2.0,5.784090909090909,20.94999999999997
2026-01,infrasettimanale,tarda_mattina,FR,11616.0,0,1278,583,332,0,583,0,363,253,3,3,129,1275,1606.0,361,13222.0,38,30.0,4.0,9.089201877934272,46.14999999999986
2026-01,infrasettimanale,tarda_mattina,IC,3195.0,0,641,186,275,1,186,17,180,83,38,39,42,585,1507.0,113,4702.0,12,20.0,0.0,4.984399375975039,35.0
2026-01,infrasettimanale,tarda_mattina,ICN,100.0,0,46,9,27,0,9,0,10,6,0,0,4,46,262.0,8,362.0,2,19.0,-3.5,2.1739130434782608,46.5
2026-01,infrasettimanale,tarda_mattina,MET,-906.0,0,1352,56,783,0,56,16,513,11,23,23,1,1313,2052.0,22,1146.0,0,2.0,-1.0,-0.6701183431952663,4.0
2026-01,infrasettimanale,tarda_mattina,NCL,251.0,0,13,9,3,0,9,0,1,3,0,0,3,13,60.0,3,311.0,3,85.80000000000001,7.0,19.307692307692307,96.4
2026-01,infrasettimanale,tarda_mattina,REG,53210.0,0,46540,5942,19933,5,5942,1516,20665,1282,782,787,495,44237,51200.0,2173,104410.0,87,5.0,0.0,1.1433175762784702,9.0
2026-01,infrasettimanale,tarda_mattina,,473.0,0,67,27,20,0,27,0,20,14,0,0,6,67,77.0,21,550.0,0,23.2,3.0,7.059701492537314,33.79999999999998
2026-01,weekend,mattina,EC,53.0,0,53,8,33,0,8,4,12,5,0,0,1,49,106.0,7,159.0,0,12.800000000000004,-2.0,1.0,20.399999999999995
2026-01,weekend,mattina,ECFR,0.0,0,1,0,0,0,0,1,1,0,0,0,0,0,0.0,0,0.0,0,0.0,0.0,0.0,0.0
2026-01,weekend,mattina,EXP,0.0,0,1,0,0,0,0,1,1,0,0,0,0,0,0.0,0,0.0,0,0.0,0.0,0.0,0.0
2026-01,weekend,mattina,FA,33.0,0,47,10,25,0,10,1,12,4,0,0,3,46,178.0,4,211.0,0,8.399999999999999,-1.0,0.7021276595744681,30.099999999999945
2026-01,weekend,mattina,FB,17.0,0,9,2,4,0,2,0,3,0,0,0,0,9,11.0,2,28.0,0,11.6,0.0,1.8888888888888888,12.8
2026-01,weekend,mattina,FR,3162.0,0,498,168,189,0,168,5,141,62,6,6,37,487,801.0,99,3963.0,15,21.0,1.0,6.349397590361446,47.14999999999998
2026-01,weekend,mattina,IC,573.0,0,253,55,124,0,55,26,74,24,2,2,11,225,665.0,36,1238.0,2,14.0,0.0,2.264822134387352,27.399999999999977
2026-01,weekend,mattina,ICN,-30.0,0,2,0,2,0,0,0,0,0,0,0,0,2,30.0,0,0.0,0,-3.8000000000000007,-15.0,-15.0,-2.400000000000002
2026-01,weekend,mattina,MET,-38.0,0,370,21,183,0,21,11,166,3,2,2,0,357,419.0,4,381.0,0,3.0,0.0,-0.10270270270270271,5.0
2026-01,weekend,mattina,NCL,2.0,0,4,0,1,0,0,2,3,0,0,0,0,2,2.0,0,4.0,0,2.8000000000000007,0.0,0.5,3.3999999999999986
2026-01,weekend,mattina,REG,10817.0,0,10966,1275,4713,0,1275,596,4978,304,221,221,130,10149,12690.0,486,23507.0,20,5.0,0.0,0.9864125478752508,9.0
2026-01,weekend,mattina,,-91.0,0,44,7,30,0,7,0,7,1,0,0,1,44,171.0,1,80.0,0,6.700000000000003,-3.0,-2.0681818181818183,7.0
2026-01,weekend,notte,EC,-2.0,0,9,1,5,0,1,0,3,0,0,0,0,9,23.0,1,21.0,0,5.200000000000002,-3.0,-0.2222222222222222,9.599999999999996
2026-01,weekend,notte,EN,235.0,0,8,7,0,0,7,0,1,6,2,2,5,6,0.0,6,235.0,0,47.9,30.5,29.375,48.95
2026-01,weekend,notte,FA,33.0,0,5,5,0,0,5,0,0,0,0,0,0,5,0.0,1,33.0,0,8.8,6.0,6.6,9.4
2026-01,weekend,notte,FB,26.0,0,9,3,2,0,3,0,4,0,0,0,0,9,9.0,2,35.0,0,10.4,2.0,2.888888888888889,11.2
2026-01,weekend,notte,FR,1302.0,0,158,49,73,0,49,2,36,28,0,0,20,156,407.0,36,1709.0,8,38.30000000000001,0.0,8.240506329113924,52.10000000000007
2026-01,weekend,notte,IC,266.0,0,105,25,50,0,25,9,30,11,7,7,5,89,278.0,20,544.0,0,16.400000000000034,0.0,2.533333333333333,28.599999999999994
2026-01,weekend,notte,ICN,-22.0,0,18,2,13,0,2,0,3,1,0,0,1,18,86.0,1,64.0,0,4.600000000000001,-3.5,-1.2222222222222223,12.899999999999936
2026-01,weekend,notte,MET,-110.0,0,110,2,69,0,2,4,39,0,0,0,0,106,169.0,0,59.0,0,2.0,-1.0,-1.0,3.0
2026-01,weekend,notte,NCL,88.0,0,1,1,0,0,1,0,0,1,0,0,1,1,0.0,1,88.0,1,88.0,88.0,88.0,88.0
2026-01,weekend,notte,REG,2371.0,0,4868,456,2321,0,456,269,2091,126,70,70,50,4529,6648.0,200,9019.0,9,4.0,0.0,0.4870583401807724,8.0
2026-01,weekend,notte,,-148.0,0,18,0,15,0,0,0,3,0,0,0,0,18,151.0,0,3.0,0,-4.5,-7.833333333333333,-8.222222222222221,-4.5
2026-01,weekend,pomeriggio,EC,337.0,0,117,39,51,0,39,8,27,11,1,1,2,108,184.0,18,521.0,0,12.400000000000006,0.0,2.8803418803418803,19.19999999999999
2026-01,weekend,pomeriggio,EXP,60.0,0,3,1,2,0,1,0,0,1,0,0,1,3,46.0,1,106.0,1,84.2,-3.0,20.0,95.09999999999998
2026-01,weekend,pomeriggio,FA,86.0,0,35,7,12,0,7,0,16,3,0,0,1,35,49.0,6,135.0,0,13.200000000000005,0.0,2.4571428571428573,20.59999999999997
2026-01,weekend,pomeriggio,FB,29.0,0,9,2,3,0,2,0,4,1,0,0,0,9,7.0,2,36.0,0,11.400000000000002,1.0,3.2222222222222223,14.199999999999998
2026-01,weekend,pomeriggio,FR,2470.0,0,469,171,170,0,171,4,128,68,0,0,27,465,865.0,94,3335.0,8,22.0,2.0,5.266524520255864,33.0
2026-01,weekend,pomeriggio,IC,629.0,0,200,55,83,0,55,14,62,21,3,3,9,183,432.0,31,1061.0,1,16.0,0.0,3.145,23.049999999999983
2026-01,weekend,pomeriggio,ICN,140.0,0,9,3,5,0,3,0,1,3,0,0,3,9,21.0,3,161.0,1,59.599999999999994,-2.0,15.555555555555555,64.8
2026-01,weekend,pomeriggio,MET,-222.0,0,444,16,238,0,16,38,190,1,1,1,0,405,534.0,4,312.0,0,2.0,-1.0,-0.5,3.849999999999966
2026-01,weekend,pomeriggio,REG,9798.0,0,13465,1383,5829,0,1383,1182,6253,309,211,211,125,12072,16262.0,509,26060.0,27,5.0,0.0,0.7276643148904567,8.0
2026-01,weekend,pomeriggio,,128.0,0,59,17,26,0,17,0,16,3,0,0,3,59,146.0,10,274.0,0,10.261016949152546,2.440677966101695,2.169491525423729,12.698305084745764
2026-01,weekend,sera,EC,147.0,0,85,18,45,0,18,9,22,5,0,0,2,76,158.0,10,305.0,1,10.0,-1.0,1.7294117647058824,15.599999999999994
2026-01,weekend,sera,ECFR,269.0,0,8,7,0,0,7,0,1,5,0,0,3,8,0.0,5,269.0,1,71.6,20.5,33.625,100.29999999999995
2026-01,weekend,sera,EN,544.0,0,7,6,1,0,6,0,0,4,1,1,3,6,7.0,6,551.0,2,203.00000000000014,19.0,77.71428571428571,304.9999999999997
2026-01,weekend,sera,EXP,3.0,0,2,0,0,0,0,1,2,0,0,0,0,1,0.0,0,3.0,0,2.7,1.5,1.5,2.85
2026-01,weekend,sera,FA,22.0,0,14,3,9,0,3,0,2,2,0,0,1,14,56.0,2,78.0,0,19.700000000000024,-5.0,1.5714285714285714,32.99999999999999
2026-01,weekend,sera,FB,-9.0,0,9,0,6,0,0,0,3,0,0,0,0,9,12.0,0,3.0,0,1.0,-1.0,-1.0,1.0
2026-01,weekend,sera,FR,342.0,0,180,41,109,0,41,2,30,22,1,1,8,177,668.0,29,1010.0,4,16.19999999999999,-2.0,1.9,26.14999999999995
2026-01,weekend,sera,IC,283.0,0,118,30,60,0,30,10,28,8,6,6,6,102,299.0,16,582.0,1,12.299999999999995,-1.0,2.3983050847457625,27.649999999999903
2026-01,weekend,sera,ICN,-9.0,0,106,20,62,0,20,0,24,7,0,0,3,106,485.0,15,476.0,2,12.5,-2.5,-0.0849056603773584,20.0
2026-01,weekend,sera,MET,-63.0,0,404,24,197,0,24,7,183,2,6,6,1,391,482.0,2,419.0,1,3.0,0.0,-0.1559405940594059,5.0
2026-01,weekend,sera,REG,11206.0,0,11577,1429,5290,1,1429,465,4858,354,151,152,135,10960,14836.0,543,26042.0,31,5.0,0.0,0.9679537013043102,9.0
2026-01,weekend,sera,,-157.0,0,32,4,26,0,4,0,2,3,0,0,0,32,222.0,4,65.0,0,1.2875,-5.312500000000001,-4.90625,3.096875
2026-01,weekend,tarda_mattina,EC,378.0,0,137,37,64,0,37,11,36,13,0,0,3,126,239.0,23,617.0,1,14.0,0.0,2.759124087591241,20.19999999999999
2026-01,weekend,tarda_mattina,ECFR,155.0,0,8,7,0,0,7,1,1,2,0,0,2,7,0.0,5,155.0,1,46.8,10.5,19.375,59.39999999999998
2026-01,weekend,tarda_mattina,FA,290.0,0,27,13,7,0,13,0,7,4,0,0,4,27,33.0,6,323.0,1,41.60000000000004,4.0,10.74074074074074,55.8
2026-01,weekend,tarda_mattina,FB,89.0,0,36,11,17,0,11,0,8,5,1,1,1,35,81.0,6,170.0,0,17.0,0.0,2.4722222222222223,21.25
2026-01,weekend,tarda_mattina,FR,2257.0,0,447,152,168,0,152,6,127,58,1,1,31,440,977.0,93,3234.0,9,18.0,2.0,5.049217002237136,38.0
2026-01,weekend,tarda_mattina,IC,791.0,0,266,66,129,1,66,13,71,27,11,12,18,241,729.0,42,1520.0,3,14.5,0.0,2.973684210526316,32.75
2026-01,weekend,tarda_mattina,ICN,-236.0,0,23,1,21,0,1,0,1,0,0,0,0,23,249.0,1,13.0,0,-1.0,-8.0,-10.26086956521739,-0.10000000000000141
2026-01,weekend,tarda_mattina,MET,-470.0,0,522,13,302,0,13,42,207,0,2,2,0,478,751.0,1,281.0,0,2.0,-1.0,-0.9003831417624522,3.0
2026-01,weekend,tarda_mattina,NCL,-89.0,0,7,0,6,0,0,0,1,0,0,0,0,7,90.0,0,1.0,0,-1.9999999999999984,-9.0,-12.714285714285714,-0.5000000000000036
2026-01,weekend,tarda_mattina,REG,6834.0,0,14689,1329,6722,0,1329,1265,6638,308,229,229,114,13195,17956.0,490,24790.0,19,4.0,0.0,0.4652461025256995,7.0
2026-01,weekend,tarda_mattina,,121.0,0,52,13,26,0,13,0,13,5,0,0,3,52,150.0,6,271.0,1,13.39999999999999,-0.5,2.326923076923077,29.19999999999993
2026-02,infrasettimanale,mattina,EC,510.0,0,149,40,67,0,40,5,42,18,1,1,4,143,285.0,22,795.0,1,17.0,0.0,3.422818791946309,22.599999999999994
2026-02,infrasettimanale,mattina,ECFR,0.0,0,1,0,0,0,0,1,1,0,0,0,0,0,0.0,0,0.0,0,0.0,0.0,0.0,0.0
2026-02,infrasettimanale,mattina,EXP,-4.0,0,2,0,1,0,0,0,1,0,0,0,0,2,6.0,0,2.0,0,1.2000000000000002,-2.0,-2.0,1.5999999999999996
2026-02,infrasettimanale,mattina,FA,801.0,0,106,37,34,0,37,0,35,22,3,3,9,103,149.0,29,950.0,2,28.5,2.0,7.556603773584905,39.75
2026-02,infrasettimanale,mattina,FB,234.0,0,20,9,5,0,9,0,6,4,1,1,1,19,20.0,5,254.0,1,24.300000000000004,2.0,11.7,32.55000000000008
2026-02,infrasettimanale,mattina,FR,10060.0,0,1288,559,358,2,559,1,371,210,6,8,74,1279,1374.0,331,11434.0,26,22.0,3.0,7.8105590062111805,32.0
2026-02,infrasettimanale,mattina,IC,3562.0,0,519,178,189,0,178,2,152,70,8,8,35,509,817.0,104,4379.0,17,20.0,2.0,6.863198458574181,40.39999999999986
2026-02,infrasettimanale,mattina,ICN,-4.0,0,1,0,1,0,0,0,0,0,0,0,0,1,4.0,0,0.0,0,-4.0,-4.0,-4.0,-4.0
2026-02,infrasettimanale,mattina,MET,436.0,0,856,53,343,0,53,8,460,10,11,11,4,837,813.0,17,1249.0,1,3.0,0.0,0.5093457943925234,5.0
2026-02,infrasettimanale,mattina,REG,56890.0,0,34271,5861,12594,2,5861,490,15816,1027,518,520,297,33261,32920.0,1917,89810.0,33,7.0,1.0,1.6600040850865163,10.0
2026-02,infrasettimanale,mattina,,207.0,0,233,27,62,0,27,0,144,0,0,0,0,233,222.0,0,429.0,0,4.344206008583692,1.55793991416309,0.888412017167382,4.97510729613734
2026-02,infrasettimanale,notte,EC,123.0,0,21,6,5,0,6,0,10,3,1,1,2,20,17.0,4,140.0,0,17.0,2.0,5.857142857142857,34.0
2026-02,infrasettimanale,notte,EN,1130.0,0,20,17,1,0,17,0,2,11,3,3,8,17,1.0,13,1131.0,5,184.0,21.0,56.5,193.05
2026-02,infrasettimanale,notte,EXP,-2.0,0,1,0,1,0,0,0,0,0,0,0,0,1,2.0,0,0.0,0,-2.0,-2.0,-2.0,-2.0
2026-02,infrasettimanale,notte,FA,197.0,0,21,15,0,0,15,0,6,1,0,0,1,21,0.0,5,197.0,1,13.0,6.0,9.38095238095238,14.0
2026-02,infrasettimanale,notte,FB,177.0,0,19,8,5,3,8,0,6,6,0,3,2,16,19.0,7,196.0,0,27.8,3.0,9.31578947368421,32.69999999999996
2026-02,infrasettimanale,notte,FR,3289.0,0,451,169,153,0,169,1,129,77,0,0,29,450,576.0,114,3865.0,9,22.0,2.0,7.292682926829266,34.0
2026-02,infrasettimanale,notte,IC,1554.0,0,247,80,90,1,80,25,77,30,2,3,19,219,420.0,41,1974.0,8,18.80000000000001,0.0,6.291497975708502,40.69999999999999
2026-02,infrasettimanale,notte,ICN,688.0,0,50,14,32,0,14,0,4,12,0,0,8,50,139.0,14,827.0,5,55.100000000000016,-2.0,13.76,89.6999999999999
2026-02,infrasettimanale,notte,MET,-184.0,0,309,11,189,0,11,3,109,2,2,2,1,304,454.0,3,270.0,0,2.0,-1.0,-0.5954692556634305,3.599999999999966
2026-02,infrasettimanale,notte,NCL,-43.0,0,36,11,17,0,11,8,8,7,2,2,5,26,370.0,8,327.0,2,32.0,0.0,-1.1944444444444444,43.25
2026-02,infrasettimanale,notte,REG,13792.0,0,16515,1844,7270,2,1844,315,7401,356,174,176,124,16024,18890.0,621,32682.0,25,5.0,0.0,0.8351195882531033,8.0
2026-02,infrasettimanale,notte,,686.0,0,92,38,40,0,38,0,14,14,0,0,14,92,164.0,26,850.0,0,21.008695652173905,2.9347826086956523,7.456521739130435,32.00434782608692
2026-02,infrasettimanale,pomeriggio,EC,1989.0,0,315,124,113,0,124,5,78,59,6,6,24,304,489.0,89,2478.0,4,25.0,2.0,6.314285714285714,34.60000000000002
2026-02,infrasettimanale,pomeriggio,EXP,29.0,0,2,1,1,0,1,0,0,1,0,0,1,2,5.0,1,34.0,0,30.1,14.5,14.5,32.05
2026-02,infrasettimanale,pomeriggio,FA,664.0,0,86,27,38,0,27,0,21,17,2,2,12,84,191.0,20,855.0,2,41.5,0.0,7.72093023255814,51.75
2026-02,infrasettimanale,pomeriggio,FB,57.0,0,20,4,13,3,4,0,3,2,0,3,1,17,60.0,3,117.0,1,14.600000000000026,-3.0,2.85,30.700000000000024
2026-02,infrasettimanale,pomeriggio,FR,11747.0,0,1205,567,296,0,567,4,342,250,9,9,123,1192,1411.0,358,13158.0,41,30.0,4.0,9.748547717842325,46.79999999999996
2026-02,infrasettimanale,pomeriggio,IC,2246.0,0,404,137,166,15,137,2,101,55,4,19,19,383,722.0,82,2968.0,8,20.0,1.0,5.55940594059406,28.849999999999966
2026-02,infrasettimanale,pomeriggio,ICN,289.0,0,48,13,24,0,13,0,11,8,0,0,5,48,130.0,10,419.0,2,23.40000000000012,-0.5,6.020833333333333,44.65
2026-02,infrasettimanale,pomeriggio,MET,-317.0,0,1053,41,561,0,41,2,451,14,10,10,3,1041,1365.0,20,1048.0,0,2.0,-1.0,-0.3010446343779677,4.0
2026-02,infrasettimanale,pomeriggio,NCL,69.0,0,1,1,0,0,1,0,0,1,0,0,1,1,0.0,1,69.0,1,69.0,69.0,69.0,69.0
2026-02,infrasettimanale,pomeriggio,REG,68263.0,0,43222,6736,16763,2,6736,792,19723,1378,810,812,441,41618,43285.0,2442,111548.0,78,6.0,0.0,1.5793577344870668,10.0
2026-02,infrasettimanale,pomeriggio,,980.0,0,84,42,28,0,42,14,14,28,0,0,14,70,126.0,28,1106.0,0,35.0,4.5,11.666666666666666,39.5
2026-02,infrasettimanale,sera,EC,1160.0,0,218,78,76,0,78,4,64,23,1,1,10,213,234.0,36,1394.0,2,15.0,2.0,5.321100917431193,22.89999999999986
2026-02,infrasettimanale,sera,ECFR,364.0,0,19,16,0,0,16,0,3,9,0,0,4,19,0.0,13,364.0,0,39.4,13.0,19.157894736842103,42.69999999999996
2026-02,infrasettimanale,sera,EN,316.0,0,19,16,1,0,16,0,2,10,0,0,2,19,3.0,15,319.0,0,29.8,18.0,16.63157894736842,33.0
2026-02,infrasettimanale,sera,EXP,16.0,0,6,2,3,0,2,0,1,0,1,1,0,5,5.0,1,21.0,0,9.5,0.5,2.6666666666666665,10.25
2026-02,infrasettimanale,sera,FA,218.0,0,38,14,14,0,14,0,10,5,1,1,2,37,68.0,8,286.0,1,22.60000000000001,2.0,5.7368421052631575,28.949999999999974
2026-02,infrasettimanale,sera,FB,72.0,0,17,10,5,0,10,0,2,0,0,0,0,17,16.0,3,88.0,0,12.0,5.0,4.235294117647059,12.0
2026-02,infrasettimanale,sera,FR,2867.0,0,455,188,168,1,188,1,99,70,1,2,27,452,677.0,109,3544.0,8,21.0,3.0,6.301098901098901,34.59999999999991
2026-02,infrasettimanale,sera,IC,1432.0,0,270,84,86,1,84,27,100,40,1,2,9,241,423.0,60,1855.0,5,17.099999999999994,0.0,5.303703703703704,24.549999999999983
2026-02,infrasettimanale,sera,ICN,996.0,0,221,62,106,0,62,0,53,20,0,0,11,221,665.0,34,1661.0,6,14.0,0.0,4.506787330316742,29.0
2026-02,infrasettimanale,sera,MET,-281.0,0,982,45,493,0,45,8,444,8,18,18,1,956,1270.0,16,989.0,0,3.0,-1.0,-0.2861507128309572,4.0
2026-02,infrasettimanale,sera,NCL,1890.0,0,34,26,4,0,26,2,4,26,0,0,25,32,21.0,26,1911.0,17,111.3,58.5,55.588235294117645,117.1
2026-02,infrasettimanale,sera,REG,61315.0,0,34899,6341,13385,5,6341,602,15173,1249,471,476,364,33821,37195.0,2295,98510.0,65,7.0,1.0,1.7569271325825957,11.0
2026-02,infrasettimanale,sera,,490.0,0,161,40,27,0,40,0,94,13,0,0,0,161,82.0,13,572.0,0,8.475776397515531,2.515527950310559,3.0434782608695654,11.48571428571428
2026-02,infrasettimanale,tarda_mattina,EC,1035.0,0,278,71,123,0,71,4,84,31,5,5,13,269,323.0,41,1358.0,1,16.0,0.0,3.723021582733813,28.0
2026-02,infrasettimanale,tarda_mattina,ECFR,11.0,0,20,4,15,0,4,0,1,1,0,0,1,20,115.0,1,126.0,1,7.100000000000001,-7.5,0.55,12.800000000000068
2026-02,infrasettimanale,tarda_mattina,EXP,11.0,0,3,1,0,0,1,0,2,0,0,0,0,3,0.0,0,11.0,0,4.8,4.0,3.6666666666666665,4.9
2026-02,infrasettimanale,tarda_mattina,FA,980.0,0,60,37,7,0,37,0,16,17,2,2,8,58,33.0,23,1013.0,5,56.3,6.0,16.333333333333332,77.34999999999998
2026-02,infrasettimanale,tarda_mattina,FB,1117.0,0,80,39,22,3,39,0,19,23,2,5,12,75,124.0,31,1241.0,5,35.90000000000008,4.0,13.9625,74.74999999999996
2026-02,infrasettimanale,tarda_mattina,FR,10283.0,0,1200,507,329,0,507,1,364,216,6,6,111,1193,1455.0,295,11738.0,39,27.0,3.0,8.569166666666666,42.04999999999996
2026-02,infrasettimanale,tarda_mattina,IC,5022.0,0,589,233,193,3,233,13,163,112,8,11,57,565,840.0,159,5862.0,22,29.0,2.0,8.526315789473685,52.0
2026-02,infrasettimanale,tarda_mattina,ICN,263.0,0,30,10,17,0,10,0,3,7,0,0,5,30,88.0,8,351.0,2,45.1,-1.0,8.766666666666667,59.19999999999993
2026-02,infrasettimanale,tarda_mattina,MET,-596.0,0,1186,51,653,0,51,13,482,8,22,22,4,1151,1735.0,13,1139.0,0,2.0,-1.0,-0.5025295109612141,4.0
2026-02,infrasettimanale,tarda_mattina,NCL,313.0,0,8,7,1,0,7,0,0,5,0,0,4,8,10.0,7,323.0,3,73.5,39.0,39.125,75.25
2026-02,infrasettimanale,tarda_mattina,REG,42995.0,0,44174,5339,18939,3,5339,723,19896,1035,696,699,329,42752,47868.0,1800,90863.0,47,5.0,0.0,0.9733100919092681,8.0
2026-02,infrasettimanale,tarda_mattina,,1092.0,0,84,28,28,0,28,14,28,28,0,0,14,70,224.0,28,1316.0,14,45.0,2.0,13.0,56.5
2026-02,weekend,mattina,EC,125.0,0,56,9,30,0,9,2,17,5,1,1,2,53,120.0,5,245.0,1,8.0,-1.5,2.232142857142857,20.5
2026-02,weekend,mattina,ECFR,0.0,0,1,0,0,0,0,1,1,0,0,0,0,0,0.0,0,0.0,0,0.0,0.0,0.0,0.0
2026-02,weekend,mattina,EXP,-20.0,0,3,0,2,0,0,0,1,0,0,0,0,3,20.0,0,0.0,0,-1.5999999999999996,-8.0,-6.666666666666667,-0.8000000000000007
2026-02,weekend,mattina,FA,329.0,0,38,9,20,0,9,1,9,6,0,0,5,37,127.0,7,456.0,4,50.20000000000006,-1.5,8.657894736842104,84.29999999999997
2026-02,weekend,mattina,FB,16.0,0,8,1,1,0,1,0,6,0,0,0,0,8,2.0,0,18.0,0,5.499999999999999,1.0,2.0,7.249999999999997
2026-02,weekend,mattina,FR,7964.0,0,475,165,197,0,165,8,113,95,6,6,76,461,983.0,113,8947.0,57,74.80000000000007,1.0,16.766315789473683,114.59999999999992
2026-02,weekend,mattina,IC,338.0,0,218,45,120,0,45,8,53,17,1,1,12,209,749.0,27,1087.0,3,11.0,-1.0,1.5504587155963303,30.29999999999996
2026-02,weekend,mattina,ICN,-27.0,0,1,0,1,0,0,0,0,0,0,0,0,1,27.0,0,0.0,0,-27.0,-27.0,-27.0,-27.0
2026-02,weekend,mattina,MET,0.0,0,318,20,166,0,20,9,132,2,7,7,2,302,375.0,6,375.0,0,3.0,-1.0,0.0,5.0
2026-02,weekend,mattina,REG,6541.0,0,9692,1084,4384,2,1084,340,4224,198,170,172,61,9180,11849.0,344,18390.0,12,5.0,0.0,0.6748865043334709,8.0
2026-02,weekend,mattina,,996.0,0,100,26,8,0,26,0,66,13,1,1,13,99,12.0,13,1008.0,0,22.18800000000001,2.9300000000000006,9.959999999999996,40.02399999999997
2026-02,weekend,notte,EC,57.0,0,8,2,5,0,2,0,1,1,0,0,1,8,10.0,2,67.0,0,25.099999999999994,-1.0,7.125,38.04999999999998
2026-02,weekend,notte,EN,101.0,0,6,5,1,0,5,0,0,2,2,2,2,4,6.0,3,107.0,0,41.5,9.5,16.833333333333332,44.25
2026-02,weekend,notte,FA,-12.0,0,2,0,2,0,0,0,0,0,0,0,0,2,12.0,0,0.0,0,-3.6,-6.0,-6.0,-3.3000000000000007
2026-02,weekend,notte,FB,100.0,0,8,2,5,2,2,0,1,1,0,2,1,6,25.0,2,125.0,1,41.99999999999999,-3.0,12.5,76.99999999999994
2026-02,weekend,notte,FR,1943.0,0,145,45,64,1,45,1,36,30,2,3,23,141,358.0,35,2301.0,13,58.6,1.0,13.4,102.0
2026-02,weekend,notte,IC,222.0,0,100,20,50,0,20,8,30,9,0,0,6,92,300.0,16,522.0,2,14.0,-0.5,2.22,32.39999999999998
2026-02,weekend,notte,ICN,-91.0,0,17,0,15,0,0,0,2,0,0,0,0,17,95.0,0,4.0,0,-0.1999999999999993,-4.0,-5.352941176470588,1.3999999999999986
2026-02,weekend,notte,MET,-60.0,0,100,4,67,0,4,3,29,2,1,1,1,96,164.0,2,104.0,0,2.0,-1.0,-0.6,3.049999999999997
2026-02,weekend,notte,NCL,-204.0,0,22,8,11,0,8,2,3,7,1,1,2,19,441.0,7,237.0,2,21.800000000000004,-6.0,-9.272727272727272,61.89999999999997
2026-02,weekend,notte,REG,1152.0,0,5076,443,2450,0,443,189,2183,81,47,47,23,4840,6597.0,153,7749.0,3,4.0,0.0,0.226950354609929,7.0
2026-02,weekend,notte,,-310.0,0,54,0,48,0,0,0,6,0,0,0,0,54,316.0,0,6.0,0,-2.0222222222222213,-6.444444444444445,-5.7407407407407405,-1.4000000000000004
2026-02,weekend,pomeriggio,EC,276.0,0,118,37,51,0,37,10,30,8,0,0,3,108,261.0,20,537.0,1,12.0,0.0,2.3389830508474576,18.299999999999983
2026-02,weekend,pomeriggio,EN,37.0,0,1,1,0,0,1,0,0,1,0,0,1,1,0.0,1,37.0,0,37.0,37.0,37.0,37.0
2026-02,weekend,pomeriggio,EXP,5.0,0,2,1,0,0,1,1,1,0,0,0,0,1,0.0,0,5.0,0,4.5,2.5,2.5,4.75
2026-02,weekend,pomeriggio,FA,117.0,0,30,4,12,0,4,1,14,3,0,0,2,29,35.0,3,152.0,0,10.000000000000028,1.0,3.9,31.299999999999986
2026-02,weekend,pomeriggio,FB,101.0,0,8,3,5,0,3,0,0,2,0,0,1,8,9.0,3,110.0,1,35.999999999999986,-1.0,12.625,56.99999999999997
2026-02,weekend,pomeriggio,FR,4255.0,0,455,154,165,0,154,8,136,67,6,6,38,441,720.0,101,4975.0,22,22.0,2.0,9.351648351648352,56.59999999999991
2026-02,weekend,pomeriggio,IC,589.0,0,171,38,92,1,38,1,41,20,6,7,7,163,455.0,28,1044.0,4,18.0,-1.0,3.4444444444444446,26.5
2026-02,weekend,pomeriggio,ICN,-32.0,0,3,0,3,0,0,0,0,0,0,0,0,3,32.0,0,0.0,0,-1.2,-2.0,-10.666666666666666,-1.1
2026-02,weekend,pomeriggio,MET,-85.0,0,389,17,182,0,17,16,190,2,5,5,0,368,449.0,7,364.0,0,3.0,0.0,-0.2185089974293059,4.0
2026-02,weekend,pomeriggio,REG,8637.0,0,11968,1258,5177,3,1258,887,5533,262,242,245,100,10836,13900.0,443,22537.0,21,5.0,0.0,0.7216744652406417,8.0
2026-02,weekend,pomeriggio,,-28.0,0,14,0,7,0,0,0,7,0,0,0,0,14,42.0,0,14.0,0,1.2000000000000004,-2.0,-2.0,1.5999999999999996
2026-02,weekend,sera,EC,277.0,0,82,21,37,0,21,9,24,6,0,0,5,73,122.0,11,399.0,1,11.900000000000006,0.0,3.3780487804878048,30.85000000000001
2026-02,weekend,sera,ECFR,63.0,0,7,6,0,0,6,0,1,1,0,0,0,7,0.0,3,63.0,0,13.2,8.0,9.0,14.099999999999998
2026-02,weekend,sera,EN,98.0,0,6,6,0,0,6,0,0,3,0,0,0,6,0.0,5,98.0,0,24.5,15.5,16.333333333333332,24.75
2026-02,weekend,sera,EXP,0.0,0,1,0,0,0,0,1,1,0,0,0,0,0,0.0,0,0.0,0,0.0,0.0,0.0,0.0
2026-02,weekend,sera,FA,3.0,0,14,4,7,0,4,0,3,1,0,0,0,14,43.0,3,46.0,0,10.0,-0.5,0.2142857142857142,11.749999999999998
2026-02,weekend,sera,FB,163.0,0,8,3,3,0,3,0,2,1,1,1,1,7,19.0,3,182.0,1,54.99999999999997,3.0,20.375,103.99999999999991
2026-02,weekend,sera,FR,613.0,0,167,44,77,0,44,4,46,20,0,0,10,163,451.0,28,1064.0,4,18.0,0.0,3.6706586826347305,34.799999999999955
2026-02,weekend,sera,IC,399.0,0,95,29,38,3,29,6,28,12,0,3,2,86,141.0,18,540.0,1,15.60000000000001,0.0,4.2,24.89999999999999
2026-02,weekend,sera,ICN,82.0,0,92,14,52,0,14,0,26,7,0,0,3,92,329.0,9,411.0,2,8.800000000000011,-1.5,0.8913043478260869,22.0
2026-02,weekend,sera,MET,-75.0,0,346,11,160,0,11,2,175,3,5,5,1,339,438.0,3,363.0,0,3.0,0.0,-0.21676300578034663,4.0
2026-02,weekend,sera,NCL,45.0,0,8,4,4,0,4,0,0,2,0,0,1,8,45.0,3,90.0,0,32.5,0.5,5.625,37.74999999999999
2026-02,weekend,sera,REG,8093.0,0,10404,1246,4657,2,1246,178,4501,232,130,132,83,10094,12807.0,375,20900.0,20,5.0,0.0,0.7778738946559016,8.0
2026-02,weekend,sera,,17.0,0,84,14,40,0,14,1,30,0,0,0,0,83,93.0,0,110.0,0,3.3833333333333333,-0.5833333333333335,0.20238095238095213,4.191666666666665
2026-02,weekend,tarda_mattina,EC,482.0,0,137,38,63,0,38,5,36,14,0,0,6,132,243.0,22,725.0,2,14.800000000000011,0.0,3.5182481751824817,23.799999999999955
2026-02,weekend,tarda_mattina,ECFR,95.0,0,6,6,0,0,6,0,0,1,0,0,1,6,0.0,3,95.0,0,31.0,9.5,15.833333333333334,39.5
2026-02,weekend,tarda_mattina,FA,433.0,0,22,12,2,0,12,0,8,6,0,0,5,22,12.0,8,445.0,4,72.50000000000001,7.0,19.681818181818183,78.69999999999999
2026-02,weekend,tarda_mattina,FB,262.0,0,30,12,8,1,12,1,10,7,0,1,1,28,28.0,9,290.0,1,20.900000000000013,1.5,8.733333333333333,29.0
2026-02,weekend,tarda_mattina,FR,6119.0,0,406,174,122,0,174,4,110,86,6,6,51,396,587.0,106,6706.0,40,56.5,3.0,15.071428571428571,108.5
2026-02,weekend,tarda_mattina,IC,911.0,0,253,64,121,0,64,10,68,28,3,3,8,240,638.0,40,1549.0,3,15.0,0.0,3.600790513833992,22.0
2026-02,weekend,tarda_mattina,ICN,-51.0,0,9,1,7,0,1,0,1,1,0,0,0,9,77.0,1,26.0,0,7.600000000000004,-3.0,-5.666666666666667,14.799999999999992
2026-02,weekend,tarda_mattina,IR,56.0,0,1,1,0,0,1,0,0,1,1,1,1,0,0.0,1,56.0,0,56.0,56.0,56.0,56.0
2026-02,weekend,tarda_mattina,MET,-205.0,0,453,30,246,0,30,17,177,4,11,11,0,425,689.0,10,484.0,0,3.0,-1.0,-0.4525386313465783,5.0
2026-02,weekend,tarda_mattina,REG,6443.0,0,13236,1212,6045,3,1212,978,5979,275,244,247,91,12011,16127.0,445,22570.0,22,4.0,0.0,0.4867784829253551,7.0
2026-02,weekend,tarda_mattina,,-126.0,0,14,0,14,0,0,0,0,0,0,0,0,14,126.0,0,0.0,0,-9.0,-9.0,-9.0,-9.0
2026-03,infrasettimanale,mattina,EC,519.0,0,172,34,98,0,34,2,40,16,0,0,7,170,366.0,23,885.0,3,13.0,-1.0,3.0174418604651163,27.44999999999999
2026-03,infrasettimanale,mattina,EXP,-3.0,0,1,0,1,0,0,0,0,0,0,0,0,1,3.0,0,0.0,0,-3.0,-3.0,-3.0,-3.0
2026-03,infrasettimanale,mattina,FA,379.0,0,113,28,44,0,28,0,41,15,0,0,4,113,219.0,17,598.0,0,16.0,1.0,3.353982300884956,23.39999999999995
2026-03,infrasettimanale,mattina,FB,381.0,0,22,19,0,0,19,0,3,10,0,0,4,22,0.0,15,381.0,0,30.9,13.0,17.318181818181817,34.8
2026-03,infrasettimanale,mattina,FR,8281.0,0,1460,549,432,0,549,0,479,176,10,10,76,1450,1914.0,292,10195.0,20,17.0,3.0,5.671917808219178,30.049999999999955
2026-03,infrasettimanale,mattina,IC,3227.0,0,594,178,249,0,178,2,167,73,6,6,40,586,977.0,106,4204.0,15,17.0,1.0,5.4326599326599325,41.35000000000002
2026-03,infrasettimanale,mattina,ICN,-56.0,0,3,0,3,0,0,0,0,0,0,0,0,3,56.0,0,0.0,0,-17.2,-18.0,-18.666666666666668,-17.1
2026-03,infrasettimanale,mattina,MET,725.0,0,985,79,343,0,79,10,563,15,12,12,3,963,896.0,21,1621.0,0,4.0,1.0,0.7360406091370558,6.0
2026-03,infrasettimanale,mattina,NCL,67.0,0,6,1,0,0,1,5,5,1,0,0,1,1,0.0,1,67.0,1,33.5,0.0,11.166666666666666,50.25
2026-03,infrasettimanale,mattina,REG,55241.0,0,38876,5882,15301,2,5882,356,17693,1038,470,472,345,38048,41057.0,1968,96298.0,70,6.0,0.0,1.4209538018314642,10.0
2026-03,infrasettimanale,mattina,,0.0,0,20,0,0,0,0,20,20,0,0,0,0,0,0.0,0,0.0,0,0.0,0.0,0.0,0.0
2026-03,infrasettimanale,notte,EC,114.0,0,21,5,8,0,5,0,8,3,0,0,2,21,23.0,4,137.0,0,18.0,2.0,5.428571428571429,38.0
2026-03,infrasettimanale,notte,EN,462.0,0,22,20,0,0,20,0,2,9,0,0,4,22,0.0,14,462.0,1,45.8,10.5,21.0,54.55
2026-03,infrasettimanale,notte,FA,210.0,0,42,18,4,0,18,0,20,5,0,0,0,42,12.0,5,222.0,0,17.099999999999987,3.0,5.0,19.95
2026-03,infrasettimanale,notte,FB,209.0,0,22,9,6,0,9,0,7,5,0,0,4,22,12.0,5,221.0,0,39.10000000000002,1.5,9.5,40.95
2026-03,infrasettimanale,notte,FR,2174.0,0,496,159,205,0,159,0,132,59,1,1,20,495,775.0,93,2949.0,5,18.0,1.0,4.383064516129032,26.0
2026-03,infrasettimanale,notte,IC,1239.0,0,242,71,85,0,71,6,86,34,4,4,12,232,483.0,44,1722.0,4,17.0,1.0,5.119834710743802,28.0
2026-03,infrasettimanale,notte,ICN,276.0,0,54,11,35,0,11,0,8,7,0,0,6,54,186.0,8,462.0,4,26.70000000000003,-3.0,5.111111111111111,62.04999999999998
2026-03,infrasettimanale,notte,MET,-180.0,0,351,14,204,0,14,4,133,2,2,2,1,345,444.0,3,264.0,0,2.0,-1.0,-0.5128205128205128,3.0
2026-03,infrasettimanale,notte,NCL,177.0,0,16,8,0,0,8,8,8,4,0,0,3,8,0.0,4,177.0,0,39.5,3.0,11.0625,46.5
2026-03,infrasettimanale,notte,REG,10712.0,0,16242,1620,7634,2,1620,123,6988,363,139,141,141,15978,20328.0,573,31040.0,29,4.0,0.0,0.6595246890776998,7.0
2026-03,infrasettimanale,notte,,830.0,0,90,40,0,0,40,50,50,15,0,0,15,40,0.0,15,830.0,0,24.266666666666666,1.666666666666667,9.22222222222222,28.633333333333333
2026-03,infrasettimanale,pomeriggio,EC,2208.0,0,338,130,129,0,130,10,79,62,2,2,22,326,484.0,89,2692.0,5,21.0,2.0,6.5325443786982245,34.14999999999998
2026-03,infrasettimanale,pomeriggio,EXP,62.0,0,3,1,1,0,1,0,1,1,0,0,1,3,3.0,1,65.0,1,50.20000000000001,3.0,20.666666666666668,56.1
2026-03,infrasettimanale,pomeriggio,FA,375.0,0,85,24,35,0,24,0,26,13,0,0,4,85,173.0,15,548.0,2,17.200000000000017,1.0,4.411764705882353,26.399999999999988
2026-03,infrasettimanale,pomeriggio,FB,121.0,0,25,8,3,0,8,0,14,1,0,0,1,25,3.0,1,124.0,0,6.0,4.0,4.84,7.599999999999994
2026-03,infrasettimanale,pomeriggio,FR,9483.0,0,1306,625,343,0,625,0,338,224,1,1,77,1305,1661.0,362,11144.0,19,22.0,4.0,7.261102603369066,33.0
2026-03,infrasettimanale,pomeriggio,IC,2607.0,0,463,152,194,5,152,0,117,56,2,7,26,456,752.0,88,3359.0,9,17.0,1.0,5.630669546436285,30.0
2026-03,infrasettimanale,pomeriggio,ICN,257.0,0,40,8,23,0,8,0,9,5,0,0,4,40,138.0,5,395.0,1,19.40000000000002,-2.5,6.425,50.19999999999999
2026-03,infrasettimanale,pomeriggio,MET,705.0,0,1181,94,514,0,94,8,573,32,18,18,9,1155,1327.0,43,2032.0,0,4.0,0.0,0.5969517358171041,7.0
2026-03,infrasettimanale,pomeriggio,NCL,0.0,0,1,0,0,0,0,1,1,0,0,0,0,0,0.0,0,0.0,0,0.0,0.0,0.0,0.0
2026-03,infrasettimanale,pomeriggio,REG,66520.0,0,46879,6990,18859,7,6990,376,21030,1423,696,703,439,45800,48956.0,2443,115476.0,85,6.0,0.0,1.4189722477015294,10.0
2026-03,infrasettimanale,pomeriggio,,107.0,0,53,0,0,0,0,0,53,0,0,0,0,53,0.0,0,107.0,0,2.8037735849056613,2.018867924528301,2.018867924528301,2.901886792452832
2026-03,infrasettimanale,sera,EC,860.0,0,233,79,80,0,79,4,74,15,0,0,4,229,219.0,41,1079.0,0,12.0,2.0,3.6909871244635193,16.399999999999977
2026-03,infrasettimanale,sera,ECFR,326.0,0,22,15,5,0,15,0,2,7,0,0,4,22,11.0,10,337.0,1,42.00000000000002,9.0,14.818181818181818,55.35
2026-03,infrasettimanale,sera,EN,388.0,0,20,18,2,0,18,0,0,14,0,0,3,20,15.0,17,403.0,0,30.300000000000004,23.0,19.4,33.400000000000006
2026-03,infrasettimanale,sera,EXP,17.0,0,4,2,1,0,2,0,1,0,0,0,0,4,1.0,1,18.0,0,8.8,4.0,4.25,9.4
2026-03,infrasettimanale,sera,FA,66.0,0,22,6,8,0,6,0,8,3,0,0,0,22,35.0,3,101.0,0,14.400000000000013,1.0,3.0,19.75
2026-03,infrasettimanale,sera,FB,45.0,0,18,5,3,0,5,0,10,0,0,0,0,18,4.0,0,49.0,0,6.0,1.5,2.5,6.149999999999999
2026-03,infrasettimanale,sera,FR,1977.0,0,470,173,201,0,173,0,96,47,0,0,15,470,949.0,88,2926.0,3,14.100000000000025,1.0,4.206382978723404,25.0
2026-03,infrasettimanale,sera,IC,1121.0,0,269,80,122,0,80,0,67,21,4,4,15,265,605.0,32,1726.0,5,12.0,0.0,4.16728624535316,31.199999999999992
2026-03,infrasettimanale,sera,ICN,711.0,0,283,66,161,0,66,0,56,28,0,0,18,283,1036.0,37,1747.0,6,13.600000000000025,-1.0,2.512367491166078,44.0
2026-03,infrasettimanale,sera,MET,700.0,0,1088,99,448,0,99,13,541,27,25,25,7,1050,1293.0,45,1993.0,0,4.0,0.0,0.6433823529411765,8.0
2026-03,infrasettimanale,sera,NCL,355.0,0,34,11,4,0,11,14,19,8,0,0,5,20,75.0,10,430.0,3,33.8,0.0,10.441176470588236,78.19999999999997
2026-03,infrasettimanale,sera,REG,63418.0,0,37157,6442,14854,5,6442,317,15861,1277,387,392,449,36448,41729.0,2306,105147.0,100,7.0,1.0,1.7067578114487176,11.0
2026-03,infrasettimanale,tarda_mattina,EC,1445.0,0,310,79,148,0,79,5,83,33,2,2,10,303,373.0,47,1818.0,5,17.0,0.0,4.661290322580645,23.0
2026-03,infrasettimanale,tarda_mattina,ECFR,-140.0,0,22,2,20,0,2,0,0,1,0,0,0,22,167.0,2,27.0,0,-2.099999999999998,-8.5,-6.363636363636363,11.29999999999999
2026-03,infrasettimanale,tarda_mattina,EXP,71.0,0,6,4,0,0,4,1,2,3,1,1,0,4,0.0,3,71.0,0,23.5,12.0,11.833333333333334,24.25
2026-03,infrasettimanale,tarda_mattina,FA,216.0,0,43,22,13,0,22,0,8,5,0,0,2,43,72.0,10,288.0,0,16.200000000000017,5.0,5.023255813953488,21.9
2026-03,infrasettimanale,tarda_mattina,FB,313.0,0,85,20,17,0,20,0,48,6,0,0,2,85,41.0,11,354.0,0,10.0,2.0,3.6823529411764704,17.599999999999994
2026-03,infrasettimanale,tarda_mattina,FR,9391.0,0,1363,569,395,0,569,0,399,210,5,5,92,1358,1576.0,327,10967.0,26,22.0,3.0,6.889948642699927,34.0
2026-03,infrasettimanale,tarda_mattina,IC,3720.0,0,616,204,249,1,204,9,163,90,4,5,36,602,1128.0,124,4848.0,13,20.5,1.0,6.038961038961039,34.25
2026-03,infrasettimanale,tarda_mattina,ICN,-45.0,0,41,3,32,0,3,0,6,2,0,0,2,41,218.0,3,173.0,2,3.0,-5.0,-1.0975609756097562,13.0
2026-03,infrasettimanale,tarda_mattina,MET,410.0,0,1372,98,624,0,98,8,650,22,24,24,6,1340,1570.0,33,1980.0,0,3.0,0.0,0.2988338192419825,6.0
2026-03,infrasettimanale,tarda_mattina,NCL,0.0,0,4,0,0,0,0,4,4,0,0,0,0,0,0.0,0,0.0,0,0.0,0.0,0.0,0.0
2026-03,infrasettimanale,tarda_mattina,REG,41087.0,0,48859,5478,21559,0,5478,326,21822,1003,619,619,349,47914,55149.0,1779,96236.0,63,5.0,0.0,0.8409300231277759,8.0
2026-03,infrasettimanale,tarda_mattina,,0.0,0,6,0,0,0,0,6,6,0,0,0,0,0,0.0,0,0.0,0,0.0,0.0,0.0,0.0
2026-03,weekend,mattina,EC,-20.0,0,58,6,35,0,6,4,17,1,0,0,1,54,109.0,2,89.0,0,3.6000000000000085,-1.0,-0.3448275862068966,7.0
2026-03,weekend,mattina,EXP,-21.0,0,1,0,1,0,0,0,0,0,0,0,0,1,21.0,0,0.0,0,-21.0,-21.0,-21.0,-21.0
2026-03,weekend,mattina,FA,103.0,0,39,13,22,0,13,0,4,4,0,0,2,39,104.0,5,207.0,1,11.600000000000025,-1.0,2.641025641025641,21.50000000000002
2026-03,weekend,mattina,FB,60.0,0,9,5,0,0,5,0,4,0,0,0,0,9,0.0,3,60.0,0,11.6,5.0,6.666666666666667,12.8
2026-03,weekend,mattina,FR,1229.0,0,527,114,244,0,114,0,169,37,1,1,19,526,1174.0,60,2403.0,6,11.0,0.0,2.332068311195446,21.69999999999999
2026-03,weekend,mattina,IC,492.0,0,258,62,134,0,62,4,62,21,1,1,9,253,672.0,32,1164.0,3,13.0,-1.0,1.9069767441860463,22.44999999999993
2026-03,weekend,mattina,ICN,-28.0,0,1,0,1,0,0,0,0,0,0,0,0,1,28.0,0,0.0,0,-28.0,-28.0,-28.0,-28.0
2026-03,weekend,mattina,MET,-81.0,0,368,9,162,0,9,5,197,1,4,4,0,359,398.0,2,317.0,0,2.0,0.0,-0.2201086956521738,3.0
2026-03,weekend,mattina,REG,2482.0,0,10454,876,5219,1,876,47,4359,154,60,61,50,10346,14321.0,279,16803.0,15,4.0,0.0,0.2374210828391046,6.0
2026-03,weekend,mattina,,-434.0,0,31,0,31,0,0,0,0,0,0,0,0,31,434.0,0,0.0,0,-14.0,-14.0,-14.0,-14.0
2026-03,weekend,notte,EC,70.0,0,10,5,5,0,5,0,0,3,1,1,1,9,13.0,3,83.0,0,22.9,2.5,7.0,26.94999999999999
2026-03,weekend,notte,EN,116.0,0,6,3,2,0,3,0,1,3,4,4,1,2,8.0,3,124.0,1,52.5,9.5,19.33333333333333,67.75
2026-03,weekend,notte,EXP,140.0,0,1,1,0,0,1,0,0,1,1,1,1,0,0.0,1,140.0,1,140.0,140.0,140.0,140.0
2026-03,weekend,notte,FA,-1.0,0,4,0,2,0,0,0,2,0,0,0,0,4,5.0,0,4.0,0,2.0,0.0,-0.25,2.0
2026-03,weekend,notte,FB,93.0,0,9,2,1,0,2,0,6,1,0,0,1,9,4.0,2,97.0,1,23.400000000000013,3.0,10.333333333333334,48.19999999999997
2026-03,weekend,notte,FR,87.0,0,156,27,83,0,27,0,46,10,0,0,4,156,469.0,15,556.0,0,9.0,-1.0,0.5576923076923077,20.0
2026-03,weekend,notte,IC,429.0,0,101,19,62,0,19,1,20,9,1,1,4,99,359.0,16,788.0,3,11.0,-3.0,4.247524752475248,21.0
2026-03,weekend,notte,ICN,-16.0,0,23,3,17,0,3,0,3,2,0,0,1,23,106.0,2,90.0,0,6.400000000000002,-5.0,-0.6956521739130435,16.899999999999984
2026-03,weekend,notte,IR,-1.0,0,2,0,1,0,0,0,1,0,1,1,0,1,1.0,0,0.0,0,-0.0999999999999999,-0.5,-0.5,-0.05
2026-03,weekend,notte,MET,-137.0,0,132,4,91,0,4,1,37,0,0,0,0,131,215.0,1,78.0,0,2.0,-1.5,-1.0378787878787878,3.4499999999999886
2026-03,weekend,notte,NCL,1129.0,0,15,10,0,0,10,5,5,10,0,0,10,10,0.0,10,1129.0,10,155.6,73.0,75.26666666666667,163.29999999999998
2026-03,weekend,notte,REG,-408.0,0,4626,348,2436,0,348,20,1842,66,27,27,26,4579,7019.0,106,6611.0,4,4.0,-1.0,-0.0881971465629053,6.0
2026-03,weekend,notte,,447.0,0,59,34,0,0,34,25,25,9,0,0,9,34,0.0,9,447.0,0,15.55932203389831,4.372881355932203,7.576271186440679,16.957627118644066
2026-03,weekend,pomeriggio,EC,550.0,0,120,36,51,0,36,1,33,13,3,3,5,116,190.0,24,740.0,1,16.200000000000017,1.0,4.583333333333333,29.0
2026-03,weekend,pomeriggio,EXP,-5.0,0,1,0,1,0,0,0,0,0,0,0,0,1,5.0,0,0.0,0,-5.0,-5.0,-5.0,-5.0
2026-03,weekend,pomeriggio,FA,36.0,0,26,5,15,0,5,0,6,2,0,0,1,26,62.0,2,98.0,0,8.0,-2.0,1.3846153846153846,18.5
2026-03,weekend,pomeriggio,FB,50.0,0,14,4,3,0,4,0,7,2,0,0,0,14,12.0,2,62.0,0,14.100000000000014,2.0,3.571428571428572,18.7
2026-03,weekend,pomeriggio,FR,1593.0,0,531,147,186,0,147,0,198,41,1,1,17,530,969.0,69,2562.0,4,11.0,2.0,3.0,21.0
2026-03,weekend,pomeriggio,IC,376.0,0,208,58,104,0,58,0,46,15,3,3,5,205,501.0,35,877.0,0,13.0,-0.5,1.807692307692308,21.649999999999977
2026-03,weekend,pomeriggio,ICN,33.0,0,9,2,3,0,2,0,4,1,0,0,1,9,13.0,1,46.0,0,10.400000000000006,2.0,3.6666666666666665,21.19999999999999
2026-03,weekend,pomeriggio,MET,176.0,0,471,32,207,0,32,2,232,10,9,9,3,460,523.0,14,699.0,0,3.0,0.0,0.3736730360934182,5.0
2026-03,weekend,pomeriggio,NCL,41.0,0,2,1,1,0,1,0,0,1,0,0,1,2,2.0,1,43.0,0,38.5,20.5,20.5,40.75
2026-03,weekend,pomeriggio,REG,7974.0,0,13319,1362,6285,2,1362,75,5672,288,126,128,95,13116,17253.0,498,25227.0,24,5.0,0.0,0.5986935956152865,7.0
2026-03,weekend,pomeriggio,,197.0,0,74,28,18,0,28,0,28,0,0,0,0,74,72.0,0,269.0,0,8.13783783783784,0.9324324324324325,2.6621621621621623,8.481081081081083
2026-03,weekend,sera,EC,187.0,0,86,18,45,0,18,3,23,5,0,0,4,83,147.0,9,334.0,1,9.5,-1.0,2.1744186046511627,16.0
2026-03,weekend,sera,ECFR,84.0,0,7,3,3,0,3,0,1,3,0,0,1,7,8.0,3,92.0,0,31.600000000000005,4.0,12.0,41.799999999999976
2026-03,weekend,sera,EN,161.0,0,7,6,0,0,6,0,1,6,0,0,2,7,0.0,6,161.0,0,31.4,28.0,23.0,31.7
2026-03,weekend,sera,FA,-32.0,0,10,2,6,0,2,0,2,1,0,0,0,10,66.0,1,34.0,0,10.199999999999996,-4.5,-3.2,15.599999999999989
2026-03,weekend,sera,FB,34.0,0,8,3,0,0,3,0,5,0,0,0,0,8,0.0,0,34.0,0,7.0,3.5,4.25,7.0
2026-03,weekend,sera,FR,365.0,0,180,49,85,0,49,0,46,18,0,0,6,180,464.0,28,829.0,0,13.19999999999999,0.0,2.0277777777777777,24.049999999999986
2026-03,weekend,sera,IC,422.0,0,137,38,61,1,38,1,38,13,1,2,7,134,347.0,22,769.0,1,13.0,0.0,3.08029197080292,27.799999999999898
2026-03,weekend,sera,ICN,546.0,0,122,28,72,0,28,0,22,20,0,0,11,122,575.0,21,1121.0,6,20.90000000000001,-2.0,4.475409836065574,51.849999999999966
2026-03,weekend,sera,MET,37.0,0,416,23,167,0,23,0,226,2,7,7,1,409,471.0,6,508.0,0,3.0,0.0,0.0889423076923077,5.0
2026-03,weekend,sera,NCL,0.0,0,8,0,0,0,0,8,8,0,0,0,0,0,0.0,0,0.0,0,0.0,0.0,0.0,0.0
2026-03,weekend,sera,REG,8780.0,0,11284,1339,5114,0,1339,69,4831,256,85,85,79,11130,13968.0,435,22748.0,14,5.0,0.0,0.7780928748670685,8.0
2026-03,weekend,tarda_mattina,EC,541.0,0,147,35,79,0,35,2,33,16,0,0,9,145,271.0,21,812.0,2,16.0,-1.0,3.680272108843537,39.49999999999994
2026-03,weekend,tarda_mattina,ECFR,112.0,0,6,2,2,0,2,0,2,2,0,0,1,6,5.0,2,117.0,1,57.5,1.0,18.666666666666668,75.25
2026-03,weekend,tarda_mattina,EXP,13.0,0,1,1,0,0,1,0,0,0,0,0,0,1,0.0,1,13.0,0,13.0,13.0,13.0,13.0
2026-03,weekend,tarda_mattina,FA,-15.0,0,18,3,8,0,3,0,7,1,0,0,0,18,62.0,2,47.0,0,6.500000000000004,0.0,-0.8333333333333334,11.949999999999982
2026-03,weekend,tarda_mattina,FB,15.0,0,31,5,14,0,5,0,12,0,0,0,0,31,43.0,1,58.0,0,6.0,0.0,0.4838709677419355,7.5
2026-03,weekend,tarda_mattina,FR,1587.0,0,458,137,184,0,137,0,137,41,2,2,16,456,917.0,70,2504.0,6,12.300000000000011,1.0,3.465065502183406,24.0
2026-03,weekend,tarda_mattina,IC,922.0,0,276,80,129,0,80,2,67,35,6,6,13,268,704.0,51,1626.0,3,17.0,0.0,3.340579710144928,29.0
2026-03,weekend,tarda_mattina,ICN,-135.0,0,18,0,14,0,0,0,4,0,0,0,0,18,142.0,0,7.0,0,2.0,-6.0,-7.5,2.0
2026-03,weekend,tarda_mattina,MET,-252.0,0,548,24,281,0,24,4,243,1,5,5,0,539,740.0,3,488.0,0,3.0,-1.0,-0.4598540145985401,4.0
2026-03,weekend,tarda_mattina,REG,3988.0,0,14621,1258,7127,2,1258,55,6236,221,75,77,84,14489,19343.0,389,23331.0,10,4.0,0.0,0.2727583612611996,6.0
2026-04,infrasettimanale,mattina,EC,460.0,0,175,45,78,0,45,3,52,11,0,0,3,172,313.0,27,773.0,2,11.0,1.0,2.628571428571429,16.299999999999983
2026-04,infrasettimanale,mattina,ECFR,0.0,0,1,0,0,0,0,1,1,0,0,0,0,0,0.0,0,0.0,0,0.0,0.0,0.0,0.0
2026-04,infrasettimanale,mattina,EXP,89.0,0,3,2,0,0,2,1,1,2,0,0,1,2,0.0,2,89.0,1,61.6,16.0,29.666666666666668,67.3
2026-04,infrasettimanale,mattina,FA,554.0,0,108,37,37,0,37,0,34,12,2,2,5,106,158.0,18,712.0,2,18.3,1.5,5.12962962962963,28.0
2026-04,infrasettimanale,mattina,FB,291.0,0,22,14,0,0,14,0,8,6,0,0,2,22,0.0,7,291.0,1,26.9,6.0,13.227272727272727,46.94999999999998
2026-04,infrasettimanale,mattina,FR,8889.0,0,1424,493,409,0,493,6,522,162,45,45,83,1373,1588.0,247,10477.0,22,17.0,3.0,6.242275280898877,34.84999999999991
2026-04,infrasettimanale,mattina,IC,3771.0,0,596,218,217,0,218,10,161,78,11,11,41,575,899.0,119,4670.0,10,21.0,2.0,6.327181208053691,36.25
2026-04,infrasettimanale,mattina,ICN,116.0,0,1,1,0,0,1,0,0,1,0,0,1,1,0.0,1,116.0,1,116.0,116.0,116.0,116.0
2026-04,infrasettimanale,mattina,IR,0.0,0,2,0,1,0,0,0,1,0,0,0,0,2,2.0,0,2.0,0,1.6,0.0,0.0,1.7999999999999998
2026-04,infrasettimanale,mattina,MET,992.0,0,981,96,370,0,96,4,515,22,9,9,10,968,951.0,32,1943.0,0,4.0,1.0,1.0112130479102956,7.0
2026-04,infrasettimanale,mattina,NCL,-89.0,0,2,0,2,0,0,0,0,0,0,0,0,2,89.0,0,0.0,0,-39.3,-44.5,-44.5,-38.65
2026-04,infrasettimanale,mattina,REG,46297.0,0,38084,5439,15252,5,5439,303,17393,921,339,344,257,37437,40980.0,1714,87277.0,56,6.0,0.0,1.215654868186115,9.0
2026-04,infrasettimanale,notte,EC,163.0,0,22,9,7,0,9,0,6,5,0,0,2,22,25.0,7,188.0,0,20.9,2.0,7.409090909090909,32.39999999999999
2026-04,infrasettimanale,notte,EN,486.0,0,22,21,1,0,21,0,0,6,2,2,4,20,4.0,13,490.0,2,37.20000000000002,10.0,22.09090909090909,109.24999999999994
2026-04,infrasettimanale,notte,EXP,11.0,0,5,3,2,1,3,0,0,1,0,1,0,4,18.0,1,29.0,0,13.2,5.0,2.2,15.599999999999998
2026-04,infrasettimanale,notte,FA,124.0,0,32,8,10,0,8,0,14,2,0,0,1,32,59.0,3,183.0,1,8.900000000000002,1.0,3.875,14.949999999999992
2026-04,infrasettimanale,notte,FB,327.0,0,22,10,5,0,10,0,7,7,0,0,5,22,14.0,7,341.0,1,46.900000000000006,2.5,14.863636363636363,57.44999999999998
2026-04,infrasettimanale,notte,FR,2777.0,0,530,135,216,0,135,3,179,52,5,5,22,522,853.0,73,3630.0,12,14.0,1.0,5.239622641509434,26.549999999999955
2026-04,infrasettimanale,notte,IC,902.0,0,243,80,100,0,80,7,63,27,6,6,18,230,720.0,47,1622.0,6,19.80000000000001,1.0,3.711934156378601,35.59999999999991
2026-04,infrasettimanale,notte,ICN,89.0,0,43,10,31,0,10,0,2,5,0,0,3,43,165.0,7,254.0,1,15.60000000000001,-3.0,2.069767441860465,37.59999999999998
2026-04,infrasettimanale,notte,IR,11.0,0,2,2,0,0,2,0,0,0,2,2,0,0,0.0,0,11.0,0,5.9,5.5,5.5,5.95
2026-04,infrasettimanale,notte,MET,-234.0,0,343,12,211,0,12,0,120,1,0,0,0,343,460.0,1,226.0,0,2.0,-1.0,-0.6822157434402333,3.0
2026-04,infrasettimanale,notte,NCL,33.0,0,26,1,0,0,1,25,25,1,0,0,1,1,0.0,1,33.0,0,0.0,0.0,1.2692307692307692,0.0
2026-04,infrasettimanale,notte,REG,10443.0,0,15866,1605,7290,1,1605,86,6971,343,133,134,119,15646,19867.0,513,30310.0,19,5.0,0.0,0.65819992436657,7.0
2026-04,infrasettimanale,pomeriggio,EC,2467.0,0,348,165,100,0,165,2,83,59,3,3,19,343,330.0,105,2797.0,3,20.0,4.0,7.089080459770115,30.649999999999977
2026-04,infrasettimanale,pomeriggio,ECFR,4.0,0,1,0,0,0,0,0,1,0,0,0,0,1,0.0,0,4.0,0,4.0,4.0,4.0,4.0
2026-04,infrasettimanale,pomeriggio,EXP,12.0,0,4,1,0,0,1,2,3,0,0,0,0,2,0.0,0,12.0,0,7.200000000000001,1.5,3.0,8.099999999999998
2026-04,infrasettimanale,pomeriggio,FA,699.0,0,87,22,45,0,22,0,20,12,2,2,6,85,148.0,15,847.0,1,22.80000000000001,-1.0,8.03448275862069,36.0
2026-04,infrasettimanale,pomeriggio,FB,552.0,0,24,10,1,0,10,0,13,4,2,2,3,22,1.0,6,553.0,2,31.2,4.0,23.0,174.94999999999968
2026-04,infrasettimanale,pomeriggio,FR,9880.0,0,1382,611,355,1,611,2,416,218,51,52,81,1328,1625.0,343,11505.0,21,20.0,3.0,7.149059334298118,31.95000000000004
2026-04,infrasettimanale,pomeriggio,IC,2615.0,0,486,185,171,2,185,4,130,79,7,9,26,473,672.0,112,3287.0,3,21.0,2.0,5.380658436213992,30.0
2026-04,infrasettimanale,pomeriggio,ICN,-39.0,0,37,7,24,0,7,0,6,1,0,0,0,37,103.0,2,64.0,0,5.399999999999999,-1.0,-1.054054054054054,8.599999999999987
2026-04,infrasettimanale,pomeriggio,MET,250.0,0,1201,80,529,0,80,5,592,12,17,17,4,1179,1374.0,26,1624.0,0,4.0,0.0,0.2081598667776852,6.0
2026-04,infrasettimanale,pomeriggio,NCL,-170.0,0,2,0,2,0,0,0,0,0,0,0,0,2,170.0,0,0.0,0,-85.0,-85.0,-85.0,-85.0
2026-04,infrasettimanale,pomeriggio,REG,67273.0,0,47160,7310,18681,3,7310,377,21169,1351,723,726,408,46057,49441.0,2501,116714.0,64,6.0,0.0,1.4264843087362171,10.0
2026-04,infrasettimanale,pomeriggio,,-44.0,0,46,24,22,0,24,0,0,0,0,0,0,46,308.0,24,264.0,0,8.60869565217391,-0.9565217391304348,-0.9565217391304348,9.804347826086955
2026-04,infrasettimanale,sera,DIR,10.0,0,1,1,0,0,1,0,0,0,0,0,0,1,0.0,1,10.0,0,10.0,10.0,10.0,10.0
2026-04,infrasettimanale,sera,EC,1210.0,0,242,104,75,0,104,4,63,24,0,0,5,238,190.0,51,1400.0,1,14.0,4.0,5.0,20.0
2026-04,infrasettimanale,sera,ECFR,337.0,0,21,17,1,0,17,0,3,9,0,0,3,21,1.0,13,338.0,1,31.0,13.0,16.047619047619047,33.0
2026-04,infrasettimanale,sera,EN,422.0,0,21,17,0,0,17,0,4,14,0,0,3,21,0.0,17,422.0,0,33.0,21.0,20.09523809523809,44.0
2026-04,infrasettimanale,sera,EXP,-17.0,0,4,0,3,0,0,1,1,0,0,0,0,3,17.0,0,0.0,0,-1.1999999999999993,-4.5,-4.25,-0.6000000000000014
2026-04,infrasettimanale,sera,FA,79.0,0,29,4,8,0,4,0,17,3,0,0,0,29,31.0,4,110.0,0,12.999999999999996,2.0,2.7241379310344827,18.8
2026-04,infrasettimanale,sera,FB,56.0,0,19,8,6,0,8,0,5,0,0,0,0,19,8.0,0,64.0,0,8.2,1.0,2.9473684210526314,9.0
2026-04,infrasettimanale,sera,FR,1579.0,0,530,184,207,0,184,1,139,52,8,8,12,521,1022.0,91,2601.0,1,14.0,2.0,2.979245283018868,19.0
2026-04,infrasettimanale,sera,IC,2111.0,0,346,115,111,0,115,25,120,41,3,3,23,318,519.0,65,2630.0,10,17.0,1.0,6.101156069364162,37.5
2026-04,infrasettimanale,sera,ICN,239.0,0,245,45,149,0,45,0,51,22,0,0,15,245,975.0,26,1214.0,6,10.599999999999994,-2.0,0.9755102040816328,31.799999999999983
2026-04,infrasettimanale,sera,MET,-98.0,0,1100,72,502,0,72,10,526,7,21,21,2,1069,1474.0,18,1376.0,0,3.0,0.0,-0.0890909090909091,5.0
2026-04,infrasettimanale,sera,NCL,0.0,0,23,0,0,0,0,23,23,0,0,0,0,0,0.0,0,0.0,0,0.0,0.0,0.0,0.0
2026-04,infrasettimanale,sera,REG,52446.0,0,37359,6052,15242,3,6052,297,16065,1122,364,367,364,36695,43237.0,2145,95683.0,76,6.0,0.0,1.4038384325062234,10.0
2026-04,infrasettimanale,sera,,1340.0,0,66,62,0,0,62,4,4,24,0,0,24,62,0.0,24,1340.0,0,36.97272727272727,15.833333333333341,20.30303030303031,41.48636363636364
2026-04,infrasettimanale,tarda_mattina,EC,2029.0,0,354,120,125,0,120,0,109,38,1,1,15,353,318.0,74,2347.0,5,15.699999999999987,2.0,5.731638418079096,27.0
2026-04,infrasettimanale,tarda_mattina,ECFR,-53.0,0,21,3,12,0,3,1,6,1,0,0,0,20,101.0,1,48.0,0,5.0,-4.0,-2.523809523809524,6.0
2026-04,infrasettimanale,tarda_mattina,EXP,110.0,0,15,8,6,0,8,1,1,1,3,3,1,11,34.0,2,144.0,1,10.2,6.0,7.333333333333333,34.999999999999915
2026-04,infrasettimanale,tarda_mattina,FA,577.0,0,23,11,5,0,11,0,7,5,2,2,5,21,10.0,8,587.0,2,52.60000000000001,4.0,25.08695652173913,101.8999999999999
2026-04,infrasettimanale,tarda_mattina,FB,781.0,0,88,36,15,0,36,0,37,16,2,2,4,86,47.0,25,828.0,1,20.599999999999994,3.0,8.875,29.0
2026-04,infrasettimanale,tarda_mattina,FR,12237.0,0,1364,614,339,2,614,3,411,241,58,60,125,1301,1358.0,363,13595.0,38,26.0,4.0,8.97140762463343,42.0
2026-04,infrasettimanale,tarda_mattina,IC,5355.0,0,622,271,188,1,271,14,163,118,26,27,72,581,838.0,171,6193.0,17,31.0,3.0,8.609324758842444,48.0
2026-04,infrasettimanale,tarda_mattina,ICN,-129.0,0,55,8,38,0,8,0,9,3,0,0,2,55,305.0,5,176.0,1,8.200000000000003,-4.0,-2.345454545454545,13.499999999999986
2026-04,infrasettimanale,tarda_mattina,IR,72.0,0,1,1,0,0,1,0,0,1,0,0,1,1,0.0,1,72.0,1,72.0,72.0,72.0,72.0
2026-04,infrasettimanale,tarda_mattina,MET,-229.0,0,1384,84,692,0,84,5,608,15,10,10,2,1369,1918.0,28,1689.0,0,3.0,-0.5,-0.1654624277456647,5.0
2026-04,infrasettimanale,tarda_mattina,NCL,34.0,0,2,1,1,0,1,0,0,1,0,0,1,2,14.0,1,48.0,0,41.8,17.0,17.0,44.9
2026-04,infrasettimanale,tarda_mattina,REG,44090.0,0,48195,5870,20543,5,5870,275,21782,961,583,588,321,47332,53362.0,1848,97452.0,60,5.0,0.0,0.9148251893349932,8.0
2026-04,infrasettimanale,tarda_mattina,,86.0,0,43,8,0,0,8,28,35,0,0,0,0,15,0.0,0,86.0,0,4.088372093023256,1.1860465116279069,2.0,4.451162790697675
2026-04,weekend,mattina,EC,-19.0,0,67,8,39,0,8,6,20,2,0,0,1,61,155.0,6,136.0,0,5.799999999999997,-2.0,-0.2835820895522388,10.0
2026-04,weekend,mattina,EXP,7.0,0,2,0,0,0,0,0,2,0,1,1,0,1,0.0,0,7.0,0,3.9,3.5,3.5,3.95
2026-04,weekend,mattina,FA,90.0,0,30,9,12,0,9,0,9,2,0,0,1,30,54.0,5,144.0,0,10.300000000000004,2.5,3.0,17.949999999999974
2026-04,weekend,mattina,FB,26.0,0,8,2,1,0,2,0,5,0,0,0,0,8,1.0,1,27.0,0,7.199999999999999,3.0,3.25,8.599999999999998
2026-04,weekend,mattina,FR,1504.0,0,453,94,210,1,94,0,149,30,14,15,17,438,969.0,47,2473.0,6,10.0,0.0,3.32008830022075,21.0
2026-04,weekend,mattina,IC,485.0,0,227,50,111,0,50,4,66,16,0,0,4,223,618.0,24,1103.0,2,10.0,0.0,2.1365638766519823,18.69999999999999
2026-04,weekend,mattina,ICN,-55.0,0,3,0,3,0,0,0,0,0,0,0,0,3,55.0,0,0.0,0,-13.800000000000002,-21.0,-18.33333333333333,-12.9
2026-04,weekend,mattina,IR,5.0,0,1,1,0,0,1,0,0,0,0,0,0,1,0.0,0,5.0,0,5.0,5.0,5.0,5.0
2026-04,weekend,mattina,MET,-54.0,0,340,11,153,0,11,1,176,1,2,2,0,337,400.0,3,346.0,0,3.0,0.0,-0.1588235294117647,4.0
2026-04,weekend,mattina,REG,2934.0,0,9106,881,4500,3,881,57,3725,173,80,83,46,8966,12759.0,319,15693.0,11,4.0,0.0,0.3222051394684823,7.0
2026-04,weekend,mattina,,-325.0,0,13,0,13,0,0,0,0,0,0,0,0,13,325.0,0,0.0,0,-25.0,-25.0,-25.0,-25.0
2026-04,weekend,notte,EC,12.0,0,7,2,4,0,2,0,1,1,0,0,0,7,20.0,1,32.0,0,13.400000000000006,-3.0,1.7142857142857142,18.19999999999999
2026-04,weekend,notte,EN,9.0,0,6,2,3,0,2,0,1,0,2,2,0,4,7.0,0,16.0,0,6.0,1.5,1.5,6.0
2026-04,weekend,notte,EXP,-2.0,0,1,0,1,0,0,0,0,0,1,1,0,0,2.0,0,0.0,0,-2.0,-2.0,-2.0,-2.0
2026-04,weekend,notte,FA,-23.0,0,3,0,3,0,0,0,0,0,0,0,0,3,23.0,0,0.0,0,-5.400000000000001,-7.0,-7.666666666666667,-5.2
2026-04,weekend,notte,FB,6.0,0,8,1,5,0,1,0,2,1,0,0,0,8,21.0,1,27.0,0,8.099999999999994,-2.5,0.75,17.549999999999986
2026-04,weekend,notte,FR,577.0,0,149,33,79,0,33,0,37,13,1,1,7,148,452.0,22,1029.0,3,14.0,-1.0,3.87248322147651,28.59999999999999
2026-04,weekend,notte,IC,183.0,0,88,19,44,0,19,4,25,6,0,0,5,84,210.0,10,393.0,1,11.0,-0.5,2.0795454545454546,28.19999999999993
2026-04,weekend,notte,ICN,-95.0,0,18,0,14,0,0,0,4,0,0,0,0,18,102.0,0,7.0,0,2.0,-6.5,-5.277777777777778,2.1499999999999986
2026-04,weekend,notte,MET,-77.0,0,113,1,62,0,1,1,50,0,2,2,0,110,143.0,1,66.0,0,2.0,-1.0,-0.6814159292035398,3.0
2026-04,weekend,notte,NCL,1034.0,0,27,14,0,0,14,13,13,14,0,0,13,14,0.0,14,1034.0,10,93.4,23.0,38.2962962962963,99.1
2026-04,weekend,notte,REG,-214.0,0,3963,332,2113,0,332,14,1518,65,27,27,20,3922,6100.0,102,5886.0,5,4.0,-1.0,-0.0539994953318193,6.0
2026-04,weekend,pomeriggio,EC,646.0,0,116,40,42,0,40,1,34,15,1,1,7,114,144.0,23,790.0,1,18.0,3.0,5.568965517241379,32.0
2026-04,weekend,pomeriggio,FA,30.0,0,20,5,10,0,5,0,5,1,0,0,1,20,45.0,2,75.0,0,7.70000000000001,-0.5,1.5,15.35000000000002
2026-04,weekend,pomeriggio,FB,61.0,0,8,3,1,0,3,0,4,1,0,0,1,8,1.0,1,62.0,0,16.799999999999994,4.0,7.625,29.39999999999998
2026-04,weekend,pomeriggio,FR,1988.0,0,452,134,205,1,134,0,113,51,15,16,25,436,970.0,81,2958.0,9,16.0,1.0,4.398230088495575,31.34999999999997
2026-04,weekend,pomeriggio,IC,952.0,0,175,61,68,0,61,0,46,25,0,0,12,175,374.0,36,1326.0,5,20.799999999999983,2.0,5.44,34.19999999999993
2026-04,weekend,pomeriggio,ICN,-15.0,0,7,0,5,0,0,0,2,0,0,0,0,7,19.0,0,4.0,0,1.8000000000000007,-3.0,-2.142857142857143,2.3999999999999986
2026-04,weekend,pomeriggio,MET,-146.0,0,434,12,207,0,12,3,215,2,5,5,1,426,547.0,2,401.0,0,3.0,0.0,-0.336405529953917,4.0
2026-04,weekend,pomeriggio,REG,9329.0,0,11771,1412,5371,0,1412,85,4988,277,104,104,88,11582,14686.0,510,24015.0,16,5.0,0.0,0.792540990570045,9.0
2026-04,weekend,sera,EC,390.0,0,82,26,27,0,26,0,29,7,0,0,4,82,80.0,13,470.0,1,10.900000000000006,2.0,4.7560975609756095,21.700000000000017
2026-04,weekend,sera,ECFR,20.0,0,4,2,0,0,2,0,2,0,0,0,0,4,0.0,0,20.0,0,8.4,5.0,5.0,8.7
2026-04,weekend,sera,EN,104.0,0,6,5,0,0,5,0,1,4,0,0,2,6,0.0,4,104.0,0,31.0,16.0,17.333333333333332,31.0
2026-04,weekend,sera,FA,22.0,0,9,4,2,0,4,0,3,0,0,0,0,9,11.0,1,33.0,0,9.2,0.0,2.4444444444444446,11.599999999999998
2026-04,weekend,sera,FB,5.0,0,5,0,1,0,0,0,4,0,0,0,0,5,4.0,0,9.0,0,3.6,1.0,1.0,3.8
2026-04,weekend,sera,FR,-7.0,0,155,33,88,0,33,0,34,8,4,4,2,151,478.0,14,471.0,1,8.0,-2.0,-0.0451612903225806,14.599999999999964
2026-04,weekend,sera,IC,566.0,0,115,45,45,0,45,1,25,15,3,3,7,111,293.0,22,859.0,2,21.60000000000001,2.0,4.921739130434783,31.89999999999999
2026-04,weekend,sera,ICN,-361.0,0,122,18,80,0,18,0,24,2,0,0,1,122,636.0,6,275.0,1,5.900000000000005,-2.0,-2.959016393442623,9.0
2026-04,weekend,sera,MET,-82.0,0,368,13,167,0,13,3,188,2,4,4,0,361,470.0,2,388.0,0,3.0,0.0,-0.2228260869565217,4.0
2026-04,weekend,sera,NCL,0.0,0,3,0,0,0,0,3,3,0,0,0,0,0,0.0,0,0.0,0,0.0,0.0,0.0,0.0
2026-04,weekend,sera,REG,6855.0,0,9908,1201,4582,1,1201,44,4125,215,58,59,70,9805,12649.0,406,19504.0,7,5.0,0.0,0.6918651594670973,8.0
2026-04,weekend,sera,,112.0,0,64,13,27,0,13,0,24,0,0,0,0,64,27.0,0,139.0,0,4.549999999999999,1.375,1.75,4.899999999999999
2026-04,weekend,tarda_mattina,EC,541.0,0,144,39,63,0,39,3,42,14,2,2,3,139,186.0,24,727.0,2,13.0,1.0,3.7569444444444446,21.0
2026-04,weekend,tarda_mattina,ECFR,8.0,0,2,1,0,0,1,0,1,0,0,0,0,2,0.0,0,8.0,0,4.8,4.0,4.0,4.9
2026-04,weekend,tarda_mattina,EXP,-6.0,0,1,0,1,0,0,0,0,0,0,0,0,1,6.0,0,0.0,0,-6.0,-6.0,-6.0,-6.0
2026-04,weekend,tarda_mattina,FA,175.0,0,12,5,1,0,5,0,6,2,0,0,2,12,2.0,2,177.0,1,50.00000000000002,3.5,14.583333333333334,71.19999999999997
2026-04,weekend,tarda_mattina,FB,280.0,0,32,14,10,0,14,0,8,5,0,0,1,32,28.0,8,308.0,1,16.800000000000004,3.0,8.75,21.25
2026-04,weekend,tarda_mattina,FR,1655.0,0,403,102,173,0,102,0,128,37,17,17,17,386,742.0,56,2397.0,5,13.0,1.0,4.106699751861042,26.89999999999998
2026-04,weekend,tarda_mattina,IC,1159.0,0,241,82,94,0,82,8,65,33,1,1,16,232,568.0,50,1727.0,3,22.0,1.0,4.809128630705394,32.0
2026-04,weekend,tarda_mattina,ICN,-132.0,0,18,0,16,0,0,0,2,0,0,0,0,18,135.0,0,3.0,0,-0.6999999999999993,-6.0,-7.333333333333333,0.4499999999999956
2026-04,weekend,tarda_mattina,MET,-82.0,0,521,25,239,0,25,2,257,3,3,3,1,516,674.0,8,592.0,0,3.0,0.0,-0.1573896353166986,4.0
2026-04,weekend,tarda_mattina,REG,5356.0,0,12802,1267,6128,2,1267,66,5407,226,100,102,69,12634,16962.0,409,22318.0,16,4.0,0.0,0.4183721293547883,7.0
2026-04,weekend,tarda_mattina,,0.0,0,20,0,0,0,0,20,20,0,0,0,0,0,0.0,0,0.0,0,0.0,0.0,0.0,0.0
2026-05,infrasettimanale,mattina,EC,245.0,0,88,20,37,0,20,3,31,8,0,0,2,85,139.0,11,384.0,1,13.299999999999997,1.0,2.784090909090909,16.299999999999983
2026-05,infrasettimanale,mattina,ECFR,0.0,0,1,0,0,0,0,0,1,0,0,0,0,1,0.0,0,0.0,0,0.0,0.0,0.0,0.0
2026-05,infrasettimanale,mattina,EXP,-3.0,0,5,0,3,0,0,0,2,0,0,0,0,5,7.0,0,4.0,0,2.4000000000000004,-1.0,-0.6,3.1999999999999993
2026-05,infrasettimanale,mattina,FA,46.0,0,55,15,27,0,15,0,13,5,1,1,1,54,175.0,8,221.0,0,10.0,0.0,0.8363636363636363,18.599999999999994
2026-05,infrasettimanale,mattina,FB,53.0,0,11,4,5,0,4,0,2,2,0,0,0,11,12.0,4,65.0,0,15.0,0.0,4.818181818181818,19.5
2026-05,infrasettimanale,mattina,FR,5803.0,0,710,333,176,0,333,0,201,133,0,0,53,710,689.0,192,6492.0,9,24.100000000000023,4.0,8.173239436619719,38.549999999999955
2026-05,infrasettimanale,mattina,IC,1406.0,0,295,108,114,0,108,0,73,38,4,4,14,291,556.0,57,1962.0,2,18.0,2.0,4.766101694915254,27.600000000000023
2026-05,infrasettimanale,mattina,ICN,-14.0,0,1,0,1,0,0,0,0,0,0,0,0,1,14.0,0,0.0,0,-14.0,-14.0,-14.0,-14.0
2026-05,infrasettimanale,mattina,MET,476.0,0,496,40,150,0,40,3,306,2,1,1,2,492,329.0,6,805.0,0,4.0,1.0,0.9596774193548387,6.0
2026-05,infrasettimanale,mattina,NCL,133.0,0,2,2,0,0,2,0,0,2,0,0,2,2,0.0,2,133.0,1,86.9,66.5,66.5,89.44999999999999
2026-05,infrasettimanale,mattina,REG,30732.0,0,18423,3027,6975,1,3027,140,8421,585,245,246,166,18037,17890.0,1053,48622.0,29,6.0,1.0,1.6681322260218205,11.0
2026-05,infrasettimanale,mattina,nan,69.0,0,9,4,1,0,4,0,4,2,0,0,0,9,5.0,3,74.0,0,18.6,4.0,7.666666666666667,19.799999999999997
2026-05,infrasettimanale,mattina,,226.0,0,33,11,2,0,11,0,20,5,0,0,0,33,10.0,8,236.0,0,14.054545454545453,4.454545454545454,6.848484848484849,14.951515151515155
2026-05,infrasettimanale,notte,EC,66.0,0,11,3,6,0,3,0,2,2,0,0,1,11,18.0,2,84.0,0,18.0,-1.0,6.0,38.5
2026-05,infrasettimanale,notte,EN,225.0,0,11,7,0,0,7,0,4,3,2,2,2,9,0.0,5,225.0,1,54.0,9.0,20.454545454545453,80.0
2026-05,infrasettimanale,notte,EXP,3.0,0,3,1,1,0,1,0,1,0,0,0,0,3,6.0,0,9.0,0,6.6000000000000005,1.0,1.0,7.299999999999999
2026-05,infrasettimanale,notte,FA,147.0,0,22,14,2,0,14,0,6,2,0,0,1,22,4.0,4,151.0,0,12.800000000000004,6.0,6.681818181818182,15.849999999999998
2026-05,infrasettimanale,notte,FB,138.0,0,11,4,1,0,4,0,6,2,0,0,1,11,1.0,2,139.0,1,23.0,2.0,12.545454545454545,58.0
2026-05,infrasettimanale,notte,FR,1723.0,0,267,94,90,0,94,0,83,42,0,0,20,267,339.0,53,2062.0,5,26.400000000000006,2.0,6.453183520599251,35.799999999999955
2026-05,infrasettimanale,notte,IC,647.0,0,129,44,44,1,44,0,41,19,2,3,13,126,389.0,30,1036.0,4,26.80000000000001,2.0,5.015503875968992,38.79999999999998
2026-05,infrasettimanale,notte,ICN,130.0,0,29,8,11,0,8,0,10,3,0,0,2,29,55.0,6,185.0,0,15.599999999999994,2.0,4.482758620689655,30.999999999999968
2026-05,infrasettimanale,notte,MET,-165.0,0,179,5,113,0,5,0,61,0,0,0,0,179,269.0,0,104.0,0,2.0,-1.0,-0.9217877094972067,3.0
2026-05,infrasettimanale,notte,NCL,564.0,0,2,2,0,0,2,0,0,2,0,0,2,2,0.0,2,564.0,2,290.0,282.0,282.0,291.0
2026-05,infrasettimanale,notte,REG,6207.0,0,7653,858,3495,1,858,46,3300,189,65,66,70,7541,9660.0,303,15867.0,14,5.0,0.0,0.8110544884359074,8.0
2026-05,infrasettimanale,notte,nan,79.0,0,5,4,0,0,4,0,1,2,0,0,1,5,0.0,4,79.0,0,28.200000000000003,13.0,15.8,31.599999999999998
2026-05,infrasettimanale,notte,,207.0,0,13,10,0,0,10,0,3,5,0,0,3,13,0.0,10,207.0,0,28.753846153846155,13.0,15.923076923076923,31.876923076923074
2026-05,infrasettimanale,pomeriggio,EC,1532.0,0,174,80,49,0,80,0,45,34,0,0,18,174,179.0,50,1711.0,5,30.10000000000005,4.0,8.804597701149426,44.349999999999994
2026-05,infrasettimanale,pomeriggio,EXP,99.0,0,5,3,1,0,3,0,1,2,0,0,1,5,6.0,2,105.0,1,51.800000000000004,7.0,19.8,60.39999999999999
2026-05,infrasettimanale,pomeriggio,FA,405.0,0,44,19,15,0,19,0,10,6,1,1,6,43,61.0,11,466.0,2,39.00000000000003,3.0,9.204545454545455,54.400000000000006
2026-05,infrasettimanale,pomeriggio,FB,118.0,0,11,6,1,0,6,0,4,3,0,0,1,11,1.0,3,119.0,0,19.0,7.0,10.727272727272727,32.5
2026-05,infrasettimanale,pomeriggio,FR,6257.0,0,694,351,145,0,351,0,198,146,0,0,59,694,549.0,212,6806.0,12,26.700000000000045,5.0,9.01585014409222,39.35000000000002
2026-05,infrasettimanale,pomeriggio,IC,1651.0,0,239,123,59,1,123,0,57,44,2,3,12,236,263.0,68,1914.0,0,21.200000000000017,5.0,6.907949790794979,28.299999999999983
2026-05,infrasettimanale,pomeriggio,ICN,-214.0,0,20,1,17,0,1,0,2,0,0,0,0,20,228.0,1,14.0,0,1.1000000000000014,-8.5,-10.7,2.4500000000000064
2026-05,infrasettimanale,pomeriggio,MET,290.0,0,608,30,242,0,30,2,336,9,6,6,1,600,550.0,10,840.0,0,3.0,0.0,0.4769736842105263,4.0
2026-05,infrasettimanale,pomeriggio,NCL,-85.0,0,1,0,1,0,0,0,0,0,0,0,0,1,85.0,0,0.0,0,-85.0,-85.0,-85.0,-85.0
2026-05,infrasettimanale,pomeriggio,REG,39994.0,0,22762,3875,8606,1,3875,191,10281,758,336,337,247,22234,22387.0,1348,62381.0,58,7.0,1.0,1.757051225727089,11.0
2026-05,infrasettimanale,pomeriggio,nan,4.0,0,1,0,0,0,0,0,1,0,0,0,0,1,0.0,0,4.0,0,4.0,4.0,4.0,4.0
2026-05,infrasettimanale,pomeriggio,,20.0,0,5,0,0,0,0,0,5,0,0,0,0,5,0.0,0,20.0,0,4.0,4.0,4.0,4.0
2026-05,infrasettimanale,sera,EC,467.0,0,122,40,39,0,40,6,43,8,0,0,2,116,100.0,17,567.0,1,10.900000000000006,2.0,3.8278688524590163,16.0
2026-05,infrasettimanale,sera,ECFR,117.0,0,10,8,0,0,8,0,2,2,0,0,1,10,0.0,6,117.0,0,19.599999999999994,10.0,11.7,26.799999999999983
2026-05,infrasettimanale,sera,EN,198.0,0,11,9,1,0,9,0,1,7,0,0,1,11,1.0,9,199.0,0,25.0,23.0,18.0,30.5
2026-05,infrasettimanale,sera,EXP,214.0,0,5,3,2,0,3,0,0,2,1,1,2,4,4.0,2,218.0,2,113.4,5.0,42.8,127.19999999999999
2026-05,infrasettimanale,sera,FA,147.0,0,22,13,6,0,13,0,3,4,0,0,0,22,14.0,7,161.0,0,15.900000000000002,6.0,6.681818181818182,17.9
2026-05,infrasettimanale,sera,FB,49.0,0,11,5,3,0,5,0,3,1,0,0,0,11,5.0,3,54.0,0,11.0,2.0,4.454545454545454,13.5
2026-05,infrasettimanale,sera,FR,934.0,0,241,83,101,0,83,0,57,33,0,0,11,241,452.0,44,1386.0,0,19.0,1.0,3.87551867219917,28.0
2026-05,infrasettimanale,sera,IC,811.0,0,155,46,73,0,46,1,36,20,1,1,12,153,360.0,30,1171.0,4,18.19999999999999,0.0,5.232258064516129,34.599999999999966
2026-05,infrasettimanale,sera,ICN,567.0,0,141,46,70,0,46,0,25,21,0,0,7,141,511.0,31,1078.0,4,22.0,0.0,4.0212765957446805,29.0
2026-05,infrasettimanale,sera,MET,383.0,0,565,40,219,0,40,4,306,11,12,12,3,549,515.0,19,898.0,0,4.0,0.0,0.6778761061946903,6.0
2026-05,infrasettimanale,sera,REG,26922.0,0,18151,2956,7392,1,2956,147,7803,611,166,167,197,17837,20304.0,1116,47226.0,24,7.0,0.0,1.4832240647898187,11.0
2026-05,infrasettimanale,tarda_mattina,EC,726.0,0,176,57,64,0,57,2,55,17,0,0,7,174,170.0,29,896.0,0,14.0,2.0,4.125,23.0
2026-05,infrasettimanale,tarda_mattina,ECFR,131.0,0,11,4,1,0,4,0,6,1,0,0,1,11,6.0,2,137.0,1,13.0,2.0,11.909090909090908,59.0
2026-05,infrasettimanale,tarda_mattina,EXP,178.0,0,8,6,1,0,6,0,1,3,1,1,3,7,3.0,4,181.0,1,54.4,9.0,22.25,57.199999999999996
2026-05,infrasettimanale,tarda_mattina,FA,212.0,0,11,9,0,0,9,0,2,3,0,0,2,11,0.0,6,212.0,1,46.0,11.0,19.272727272727273,66.5
2026-05,infrasettimanale,tarda_mattina,FB,364.0,0,44,20,11,0,20,0,13,9,0,0,4,44,38.0,14,402.0,1,25.200000000000017,3.0,8.272727272727273,35.400000000000006
2026-05,infrasettimanale,tarda_mattina,FR,7444.0,0,679,349,147,0,349,0,183,155,0,0,87,679,518.0,217,7962.0,20,35.0,5.0,10.96318114874816,51.0
2026-05,infrasettimanale,tarda_mattina,IC,2391.0,0,316,120,114,0,120,0,82,55,8,8,33,308,651.0,72,3042.0,13,31.5,2.0,7.5664556962025316,55.0
2026-05,infrasettimanale,tarda_mattina,ICN,178.0,0,27,3,22,0,3,0,2,3,0,0,3,27,183.0,3,361.0,3,40.2000000000002,-6.0,6.592592592592593,106.49999999999999
2026-05,infrasettimanale,tarda_mattina,MET,143.0,0,677,43,299,0,43,4,335,1,2,2,0,671,663.0,9,806.0,0,3.0,0.0,0.21122599704579026,5.0
2026-05,infrasettimanale,tarda_mattina,NCL,264.0,0,2,2,0,0,2,0,0,2,0,0,2,2,0.0,2,264.0,2,137.6,132.0,132.0,138.3
2026-05,infrasettimanale,tarda_mattina,REG,32320.0,0,23236,3418,9237,1,3418,179,10581,664,310,311,196,22746,23385.0,1199,55705.0,22,6.0,0.0,1.390945085212601,10.0
2026-05,infrasettimanale,tarda_mattina,nan,141.0,0,6,4,1,0,4,0,1,3,0,0,2,6,1.0,4,142.0,1,51.0,18.0,23.5,61.0
2026-05,infrasettimanale,tarda_mattina,,369.0,0,19,10,5,0,10,0,4,7,0,0,5,19,5.0,10,374.0,3,43.68421052631579,13.052631578947368,19.42105263157895,51.921052631578945
2026-05,weekend,mattina,EC,75.0,0,50,10,26,0,10,1,14,3,0,0,1,49,86.0,4,161.0,0,7.0,-1.0,1.5,18.04999999999997
2026-05,weekend,mattina,ECFR,0.0,0,2,0,0,0,0,0,2,0,0,0,0,2,0.0,0,0.0,0,0.0,0.0,0.0,0.0
2026-05,weekend,mattina,EXP,-5.0,0,2,0,1,0,0,0,1,0,1,1,0,1,6.0,0,1.0,0,0.2999999999999998,-2.5,-2.5,0.6499999999999995
2026-05,weekend,mattina,FA,-10.0,0,27,8,16,0,8,0,3,3,0,0,0,27,118.0,5,108.0,0,13.800000000000004,-2.0,-0.37037037037037035,16.4
2026-05,weekend,mattina,FB,167.0,0,6,3,1,0,3,0,2,2,0,0,2,6,2.0,2,169.0,1,82.0,2.5,27.833333333333332,103.0
2026-05,weekend,mattina,FR,2049.0,0,353,107,127,0,107,0,119,40,2,2,20,351,484.0,60,2533.0,9,17.0,2.0,5.804532577903683,30.399999999999977
2026-05,weekend,mattina,IC,261.0,0,169,38,88,0,38,0,43,8,1,1,5,168,505.0,19,766.0,3,10.0,-1.0,1.544378698224852,14.0
2026-05,weekend,mattina,ICN,-17.0,0,1,0,1,0,0,0,0,0,0,0,0,1,17.0,0,0.0,0,-17.0,-17.0,-17.0,-17.0
2026-05,weekend,mattina,IR,44.0,0,1,1,0,0,1,0,0,1,1,1,1,0,0.0,1,44.0,0,44.0,44.0,44.0,44.0
2026-05,weekend,mattina,MET,-15.0,0,250,12,111,0,12,2,127,0,1,1,0,247,275.0,1,260.0,0,3.0,0.0,-0.06,4.0
2026-05,weekend,mattina,REG,3850.0,0,7242,734,3309,3,734,42,3199,121,60,63,36,7137,8923.0,236,12773.0,5,5.0,0.0,0.5316210991438829,7.0
2026-05,weekend,mattina,nan,61.0,0,8,4,3,0,4,0,1,2,0,0,1,8,18.0,3,79.0,0,26.099999999999998,5.0,7.625,28.549999999999997
2026-05,weekend,mattina,,196.0,0,12,10,2,0,10,0,0,8,0,0,0,12,16.0,9,212.0,0,22.333333333333332,16.5,16.333333333333332,23.166666666666668
2026-05,weekend,notte,EC,96.0,0,4,3,1,0,3,0,0,3,0,0,2,4,2.0,3,98.0,0,40.2,28.0,24.0,41.099999999999994
2026-05,weekend,notte,EN,119.0,0,6,3,0,0,3,0,3,3,4,4,3,2,0.0,3,119.0,0,40.0,17.5,19.833333333333332,41.5
2026-05,weekend,notte,EXP,14.0,0,1,1,0,0,1,0,0,0,0,0,0,1,0.0,1,14.0,0,14.0,14.0,14.0,14.0
2026-05,weekend,notte,FA,-10.0,0,3,0,3,0,0,0,0,0,0,0,0,3,10.0,0,0.0,0,-1.5999999999999996,-4.0,-3.3333333333333335,-1.3000000000000003
2026-05,weekend,notte,FB,-4.0,0,6,0,2,0,0,0,4,0,0,0,0,6,7.0,0,3.0,0,1.5,0.0,-0.6666666666666666,1.75
2026-05,weekend,notte,FR,306.0,0,114,25,55,0,25,0,34,10,0,0,3,114,246.0,13,552.0,2,12.0,0.0,2.6842105263157894,21.349999999999994
2026-05,weekend,notte,IC,305.0,0,67,18,31,0,18,0,18,8,1,1,7,66,192.0,11,497.0,3,22.199999999999974,0.0,4.552238805970149,48.49999999999998
2026-05,weekend,notte,ICN,-84.0,0,12,0,11,0,0,0,1,0,0,0,0,12,85.0,0,1.0,0,-1.1999999999999993,-7.0,-7.0,-0.10000000000000142
2026-05,weekend,notte,MET,-23.0,0,86,6,51,0,6,0,29,0,1,1,0,85,107.0,1,84.0,0,3.5,-1.0,-0.26744186046511625,5.0
2026-05,weekend,notte,REG,274.0,0,3150,250,1593,0,250,75,1307,53,15,15,13,3060,4511.0,84,4785.0,4,4.0,-1.0,0.08698412698412698,6.0
2026-05,weekend,notte,nan,65.0,0,4,3,0,0,3,0,1,2,0,0,1,4,0.0,2,65.0,0,29.200000000000003,17.0,16.25,30.099999999999998
2026-05,weekend,notte,,40.0,0,2,2,0,0,2,0,0,1,0,0,1,2,0.0,1,40.0,0,28.8,20.0,20.0,29.9
2026-05,weekend,pomeriggio,EC,615.0,0,88,37,31,0,37,0,20,18,0,0,5,88,108.0,25,723.0,2,22.299999999999997,3.0,6.988636363636363,30.949999999999974
2026-05,weekend,pomeriggio,ECFR,49.0,0,1,1,0,0,1,0,0,1,0,0,1,1,0.0,1,49.0,0,49.0,49.0,49.0,49.0
2026-05,weekend,pomeriggio,EXP,9.0,0,2,1,0,0,1,0,1,0,0,0,0,2,0.0,0,9.0,0,7.3,4.5,4.5,7.6499999999999995
2026-05,weekend,pomeriggio,FA,70.0,0,17,6,8,0,6,0,3,2,0,0,1,17,41.0,3,111.0,0,16.000000000000007,0.0,4.117647058823529,29.399999999999984
2026-05,weekend,pomeriggio,FB,55.0,0,6,3,2,0,3,0,1,1,0,0,1,6,2.0,1,57.0,0,23.5,5.0,9.166666666666666,30.75
2026-05,weekend,pomeriggio,FR,1895.0,0,358,137,125,0,137,0,96,43,2,2,17,356,501.0,69,2396.0,4,17.30000000000001,2.0,5.293296089385475,28.149999999999977
2026-05,weekend,pomeriggio,IC,1281.0,0,138,50,54,0,50,2,34,24,2,2,13,134,202.0,36,1483.0,5,28.0,1.0,9.282608695652174,47.45000000000002
2026-05,weekend,pomeriggio,ICN,-24.0,0,7,0,6,0,0,0,1,0,0,0,0,7,27.0,0,3.0,0,-0.5999999999999979,-4.0,-3.4285714285714284,1.1999999999999957
2026-05,weekend,pomeriggio,IR,3.0,0,1,0,0,0,0,0,1,0,0,0,0,1,0.0,0,3.0,0,3.0,3.0,3.0,3.0
2026-05,weekend,pomeriggio,MET,10.0,0,314,16,129,0,16,7,169,3,14,14,0,293,317.0,4,327.0,0,3.0,0.0,0.03184713375796178,4.349999999999966
2026-05,weekend,pomeriggio,REG,8838.0,0,9221,1130,4080,0,1130,38,4011,229,72,72,83,9111,11024.0,422,19862.0,19,5.0,0.0,0.9584643747966598,9.0
2026-05,weekend,pomeriggio,nan,-4.0,0,1,0,1,0,0,0,0,0,0,0,0,1,4.0,0,0.0,0,-4.0,-4.0,-4.0,-4.0
2026-05,weekend,pomeriggio,,-60.0,0,15,0,15,0,0,0,0,0,0,0,0,15,60.0,0,0.0,0,-4.0,-4.0,-4.0,-4.0
2026-05,weekend,sera,EC,313.0,0,64,16,26,0,16,1,22,6,0,0,4,63,96.0,12,409.0,2,13.400000000000006,1.0,4.890625,32.2999999999999
2026-05,weekend,sera,ECFR,18.0,0,3,1,0,0,1,0,2,0,0,0,0,3,0.0,1,18.0,0,10.2,3.0,6.0,11.1
2026-05,weekend,sera,EN,95.0,0,6,5,1,0,5,0,0,3,0,0,0,6,2.0,5,97.0,0,24.5,18.0,15.833333333333334,24.75
2026-05,weekend,sera,EXP,42.0,0,4,1,2,0,1,0,1,1,0,0,1,4,23.0,1,65.0,1,44.70000000000001,-2.5,10.5,53.84999999999998
2026-05,weekend,sera,FA,37.0,0,8,2,3,0,2,0,3,1,0,0,1,8,11.0,1,48.0,0,15.899999999999995,2.0,4.625,23.94999999999999
2026-05,weekend,sera,FB,23.0,0,5,3,2,0,3,0,0,0,0,0,0,5,4.0,1,27.0,0,11.600000000000001,5.0,4.6,12.799999999999999
2026-05,weekend,sera,FR,188.0,0,126,29,68,0,29,1,29,14,0,0,4,125,339.0,19,527.0,0,16.0,-1.0,1.492063492063492,24.0
2026-05,weekend,sera,IC,166.0,0,81,23,43,0,23,1,15,10,0,0,5,80,332.0,14,498.0,1,16.0,-1.0,2.049382716049383,33.0
2026-05,weekend,sera,ICN,105.0,0,68,14,33,0,14,0,21,4,0,0,2,68,347.0,10,452.0,2,11.600000000000009,0.0,1.5441176470588236,15.949999999999996
2026-05,weekend,sera,MET,138.0,0,278,17,109,0,17,8,152,6,11,11,0,259,246.0,10,384.0,0,3.0,0.0,0.49640287769784175,6.0
2026-05,weekend,sera,REG,7063.0,0,7703,993,3462,1,993,97,3248,182,62,63,55,7543,9250.0,376,16313.0,9,5.0,0.0,0.9169154874724134,9.0
2026-05,weekend,sera,nan,6.0,0,1,1,0,0,1,0,0,0,0,0,0,1,0.0,0,6.0,0,6.0,6.0,6.0,6.0
2026-05,weekend,sera,,6.0,0,1,1,0,0,1,0,0,0,0,0,0,1,0.0,0,6.0,0,6.0,6.0,6.0,6.0
2026-05,weekend,tarda_mattina,EC,538.0,0,109,37,33,0,37,0,39,10,0,0,5,109,120.0,14,658.0,2,10.200000000000003,2.0,4.935779816513762,19.0
2026-05,weekend,tarda_mattina,ECFR,-2.0,0,4,0,1,0,0,0,3,0,0,0,0,4,8.0,0,6.0,0,3.4000000000000004,1.0,-0.5,3.6999999999999993
2026-05,weekend,tarda_mattina,EXP,-2.0,0,3,1,2,0,1,0,0,0,0,0,0,3,9.0,0,7.0,0,4.800000000000001,-4.0,-0.6666666666666666,5.899999999999999
2026-05,weekend,tarda_mattina,FA,110.0,0,9,6,0,0,6,0,3,1,0,0,1,9,0.0,2,110.0,0,21.20000000000001,9.0,12.222222222222221,39.59999999999998
2026-05,weekend,tarda_mattina,FB,375.0,0,24,15,3,0,15,0,6,7,1,1,3,23,5.0,10,380.0,1,29.39999999999999,8.5,15.625,36.39999999999999
2026-05,weekend,tarda_mattina,FR,2860.0,0,312,122,99,0,122,0,91,48,2,2,26,310,456.0,74,3316.0,12,24.900000000000034,3.0,9.166666666666666,49.0
2026-05,weekend,tarda_mattina,IC,1808.0,0,174,65,69,0,65,0,40,31,3,3,20,171,452.0,41,2260.0,13,31.0,2.0,10.39080459770115,62.0
2026-05,weekend,tarda_mattina,ICN,-111.0,0,14,1,13,0,1,0,0,0,0,0,0,14,120.0,0,9.0,0,-4.599999999999998,-7.0,-7.928571428571429,0.5499999999999954
2026-05,weekend,tarda_mattina,MET,-55.0,0,370,19,183,0,19,1,168,2,1,1,1,368,438.0,4,383.0,0,3.0,0.0,-0.14864864864864866,4.550000000000011
2026-05,weekend,tarda_mattina,REG,8010.0,0,10044,1196,4494,1,1196,31,4354,229,80,81,58,9932,12140.0,409,20150.0,9,5.0,0.0,0.7974910394265233,8.0
2026-05,weekend,tarda_mattina,nan,-2.0,0,4,1,3,0,1,0,0,0,0,0,0,4,8.0,0,6.0,0,3.6000000000000014,-2.0,-0.5,4.799999999999997
2026-05,weekend,tarda_mattina,,4.0,0,2,1,1,0,1,0,0,0,0,0,0,2,2.0,0,6.0,0,5.2,2.0,2.0,5.6
