mese,corse_osservate,effettuate,cancellate,soppresse,parzialmente_cancellate,info_mancante,in_orario,in_ritardo,in_anticipo,oltre_5,oltre_10,oltre_15,oltre_30,oltre_60,minuti_ritardo_tot,minuti_anticipo_tot,minuti_netti_tot,ritardo_medio,ritardo_mediano,p90,p95,cancellate_tot
2024-06,1,1,0,0,0,0,1,0,0,0,0,0,0,0,2.0,0.0,2.0,2.0,2.0,2.0,2.0,0
2024-07,236512,236512,0,0,0,0,99459,46386,87790,46386,21460,13185,4816,1186,853527.0,225002.0,628525.0,2.690200526462217,1.0,9.0,16.0,0
2024-08,218405,218405,0,0,0,0,92585,31453,93636,31453,13934,8552,3172,838,601898.0,249811.0,352087.0,1.6174968071519795,0.0,6.0,12.0,0
2024-09,234170,234170,0,0,0,0,99730,48745,82890,48745,21445,13008,4660,1188,861255.0,213864.0,647391.0,2.7981371426101616,1.0,9.0,16.0,0
2024-10,249728,249728,0,0,0,0,107342,54515,84882,54515,22429,13178,4686,1237,938577.0,219776.0,718801.0,2.913203830768545,1.0,9.0,15.0,0
2024-11,234722,234722,0,0,0,0,98543,46909,84625,46909,19738,11901,4380,1120,824436.0,229134.0,595302.0,2.5874033475749423,1.0,8.0,15.0,0
2024-12,226367,226367,0,0,0,0,97362,40507,86593,40507,16327,9568,3396,804,700663.0,230137.0,470526.0,2.0962390070479637,1.0,7.0,13.0,0
2025-01,247706,247706,0,0,0,0,105353,37590,99006,37590,14292,8518,3188,862,674971.0,268317.0,406654.0,1.6807426358447441,0.0,6.0,11.0,0
